2026-01-11 00:24:18.2593|Default|00-866a3b55dcf8da148ee1a59a56210bb5-ff848836f01e5ff5-00|3|Microsoft.WebTools.BrowserLink.Net.BrowserLinkMiddleware|WARN|Unable to configure Browser Link script injection on the response.  
2026-01-11 00:24:18.3545|Default|00-866a3b55dcf8da148ee1a59a56210bb5-ff848836f01e5ff5-00|3|Microsoft.AspNetCore.Watch.BrowserRefresh.BrowserRefreshMiddleware|WARN|Unable to configure browser refresh script injection on the response. Consider manually adding '<script src="/_framework/aspnetcore-browser-refresh.js"></script>' to the body of the page. 
2026-01-11 00:34:36.2063|Default|00-3c39b6caa3646194b8733a2331da2170-74f974dffa1d4955-00|1|Microsoft.AspNetCore.Diagnostics.DeveloperExceptionPageMiddleware|ERROR|An unhandled exception has occurred while executing the request. NLog message: Exception in NLog.LayoutRenderers.ExceptionLayoutRenderer.AppendToString(): System.TypeLoadException. 
2026-01-11 00:34:36.3883|Default|00-3c39b6caa3646194b8733a2331da2170-74f974dffa1d4955-00|2|Microsoft.AspNetCore.Server.IIS.Core.IISHttpServer|ERROR|Connection ID "18230571309580943580", Request ID "400000dd-0004-fd00-b63f-84710c7967bb": An unhandled exception was thrown by the application. System.AggregateException: An error occurred while writing to logger(s). (Could not resolve type 'AspNetCoreGeneratedDocument.Pages_Widgets_Partials__ProductHighlight' in assembly 'TechVerse.Cms, Version=1.0.0.0, Culture=neutral, PublicKeyToken=null'.) (Could not resolve type 'AspNetCoreGeneratedDocument.Pages_Widgets_Partials__ProductHighlight' in assembly 'TechVerse.Cms, Version=1.0.0.0, Culture=neutral, PublicKeyToken=null'.) (Could not resolve type 'AspNetCoreGeneratedDocument.Pages_Widgets_Partials__ProductHighlight' in assembly 'TechVerse.Cms, Version=1.0.0.0, Culture=neutral, PublicKeyToken=null'.)
 ---> System.TypeLoadException: Could not resolve type 'AspNetCoreGeneratedDocument.Pages_Widgets_Partials__ProductHighlight' in assembly 'TechVerse.Cms, Version=1.0.0.0, Culture=neutral, PublicKeyToken=null'.
   at System.Reflection.TypeNameParser.GetTypeFromDefaultAssemblies(String typeName, ReadOnlySpan`1 nestedTypeNames)
   at System.Reflection.TypeNameParser.GetType(String typeName, ReadOnlySpan`1 nestedTypeNames, String assemblyNameIfAny)
   at System.Reflection.TypeNameParser.NestedNamespaceTypeName.ResolveType(TypeNameParser& parser, String containingAssemblyIfAny)
   at System.Reflection.TypeNameParser.GetTypeHelper(Char* pTypeName, RuntimeAssembly requestingAssembly, Boolean throwOnError, Boolean requireAssemblyQualifiedName)
   at System.Reflection.CustomAttribute._CreateCaObject(RuntimeModule pModule, RuntimeType type, IRuntimeMethodInfo pCtor, Byte** ppBlob, Byte* pEndBlob, Int32* pcNamedArgs)
   at System.Reflection.CustomAttribute.AddCustomAttributes(ListBuilder`1& attributes, RuntimeModule decoratedModule, Int32 decoratedMetadataToken, RuntimeType attributeFilterType, Boolean mustBeInheritable, ListBuilder`1 derivedAttributes)
   at System.Reflection.CustomAttribute.GetCustomAttributes(RuntimeModule decoratedModule, Int32 decoratedMetadataToken, Int32 pcaCount, RuntimeType attributeFilterType)
   at System.Reflection.CustomAttribute.GetCustomAttributes(RuntimeMethodInfo method, RuntimeType caType, Boolean inherit)
   at System.Attribute.GetCustomAttributes(MemberInfo element, Type attributeType, Boolean inherit)
   at System.Diagnostics.StackTrace.TryResolveStateMachineMethod(MethodBase& method, Type& declaringType)
   at System.Diagnostics.StackTrace.ToString(TraceFormat traceFormat, StringBuilder sb)
   at System.Diagnostics.StackTrace.ToString(TraceFormat traceFormat)
   at System.Exception.get_StackTrace()
   at System.Exception.ToString()
   at Microsoft.Extensions.Logging.Console.SimpleConsoleFormatter.CreateDefaultLogMessage[TState](TextWriter textWriter, LogEntry`1& logEntry, String message, IExternalScopeProvider scopeProvider)
   at Microsoft.Extensions.Logging.Console.SimpleConsoleFormatter.Write[TState](LogEntry`1& logEntry, IExternalScopeProvider scopeProvider, TextWriter textWriter)
   at Microsoft.Extensions.Logging.Console.ConsoleLogger.Log[TState](LogLevel logLevel, EventId eventId, TState state, Exception exception, Func`3 formatter)
   at Microsoft.Extensions.Logging.Logger.<Log>g__LoggerLog|14_0[TState](LogLevel logLevel, EventId eventId, ILogger logger, Exception exception, Func`3 formatter, List`1& exceptions, TState& state)
   --- End of inner exception stack trace ---
 ---> (Inner Exception #1) System.TypeLoadException: Could not resolve type 'AspNetCoreGeneratedDocument.Pages_Widgets_Partials__ProductHighlight' in assembly 'TechVerse.Cms, Version=1.0.0.0, Culture=neutral, PublicKeyToken=null'.
   at System.Reflection.TypeNameParser.GetTypeFromDefaultAssemblies(String typeName, ReadOnlySpan`1 nestedTypeNames)
   at System.Reflection.TypeNameParser.GetType(String typeName, ReadOnlySpan`1 nestedTypeNames, String assemblyNameIfAny)
   at System.Reflection.TypeNameParser.NestedNamespaceTypeName.ResolveType(TypeNameParser& parser, String containingAssemblyIfAny)
   at System.Reflection.TypeNameParser.GetTypeHelper(Char* pTypeName, RuntimeAssembly requestingAssembly, Boolean throwOnError, Boolean requireAssemblyQualifiedName)
   at System.Reflection.CustomAttribute._CreateCaObject(RuntimeModule pModule, RuntimeType type, IRuntimeMethodInfo pCtor, Byte** ppBlob, Byte* pEndBlob, Int32* pcNamedArgs)
   at System.Reflection.CustomAttribute.AddCustomAttributes(ListBuilder`1& attributes, RuntimeModule decoratedModule, Int32 decoratedMetadataToken, RuntimeType attributeFilterType, Boolean mustBeInheritable, ListBuilder`1 derivedAttributes)
   at System.Reflection.CustomAttribute.GetCustomAttributes(RuntimeModule decoratedModule, Int32 decoratedMetadataToken, Int32 pcaCount, RuntimeType attributeFilterType)
   at System.Reflection.CustomAttribute.GetCustomAttributes(RuntimeMethodInfo method, RuntimeType caType, Boolean inherit)
   at System.Attribute.GetCustomAttributes(MemberInfo element, Type attributeType, Boolean inherit)
   at System.Diagnostics.StackTrace.TryResolveStateMachineMethod(MethodBase& method, Type& declaringType)
   at System.Diagnostics.StackTrace.ToString(TraceFormat traceFormat, StringBuilder sb)
   at System.Diagnostics.StackTrace.ToString(TraceFormat traceFormat)
   at System.Exception.get_StackTrace()
   at System.Exception.ToString()
   at Microsoft.Extensions.Logging.Debug.DebugLogger.Log[TState](LogLevel logLevel, EventId eventId, TState state, Exception exception, Func`3 formatter)
   at Microsoft.Extensions.Logging.Logger.<Log>g__LoggerLog|14_0[TState](LogLevel logLevel, EventId eventId, ILogger logger, Exception exception, Func`3 formatter, List`1& exceptions, TState& state)<---

 ---> (Inner Exception #2) System.TypeLoadException: Could not resolve type 'AspNetCoreGeneratedDocument.Pages_Widgets_Partials__ProductHighlight' in assembly 'TechVerse.Cms, Version=1.0.0.0, Culture=neutral, PublicKeyToken=null'.
   at System.Reflection.TypeNameParser.GetTypeFromDefaultAssemblies(String typeName, ReadOnlySpan`1 nestedTypeNames)
   at System.Reflection.TypeNameParser.GetType(String typeName, ReadOnlySpan`1 nestedTypeNames, String assemblyNameIfAny)
   at System.Reflection.TypeNameParser.NestedNamespaceTypeName.ResolveType(TypeNameParser& parser, String containingAssemblyIfAny)
   at System.Reflection.TypeNameParser.GetTypeHelper(Char* pTypeName, RuntimeAssembly requestingAssembly, Boolean throwOnError, Boolean requireAssemblyQualifiedName)
   at System.Reflection.CustomAttribute._CreateCaObject(RuntimeModule pModule, RuntimeType type, IRuntimeMethodInfo pCtor, Byte** ppBlob, Byte* pEndBlob, Int32* pcNamedArgs)
   at System.Reflection.CustomAttribute.AddCustomAttributes(ListBuilder`1& attributes, RuntimeModule decoratedModule, Int32 decoratedMetadataToken, RuntimeType attributeFilterType, Boolean mustBeInheritable, ListBuilder`1 derivedAttributes)
   at System.Reflection.CustomAttribute.GetCustomAttributes(RuntimeModule decoratedModule, Int32 decoratedMetadataToken, Int32 pcaCount, RuntimeType attributeFilterType)
   at System.Reflection.CustomAttribute.GetCustomAttributes(RuntimeMethodInfo method, RuntimeType caType, Boolean inherit)
   at System.Attribute.GetCustomAttributes(MemberInfo element, Type attributeType, Boolean inherit)
   at System.Diagnostics.StackTrace.TryResolveStateMachineMethod(MethodBase& method, Type& declaringType)
   at System.Diagnostics.StackTrace.ToString(TraceFormat traceFormat, StringBuilder sb)
   at System.Diagnostics.StackTrace.ToString(TraceFormat traceFormat)
   at System.Exception.get_StackTrace()
   at System.Exception.ToString()
   at System.Text.StringBuilder.Append(Object value)
   at Microsoft.Extensions.Logging.EventLog.EventLogLogger.Log[TState](LogLevel logLevel, EventId eventId, TState state, Exception exception, Func`3 formatter)
   at Microsoft.Extensions.Logging.Logger.<Log>g__LoggerLog|14_0[TState](LogLevel logLevel, EventId eventId, ILogger logger, Exception exception, Func`3 formatter, List`1& exceptions, TState& state)<---

2026-01-11 00:34:42.3137|Default|00-85da627932e49962e673a623adce89f6-a12fe882e740c9fc-00|1|Microsoft.AspNetCore.Diagnostics.DeveloperExceptionPageMiddleware|ERROR|An unhandled exception has occurred while executing the request. NLog message: Exception in NLog.LayoutRenderers.ExceptionLayoutRenderer.AppendToString(): System.TypeLoadException. 
2026-01-11 00:34:42.3770|Default|00-85da627932e49962e673a623adce89f6-a12fe882e740c9fc-00|2|Microsoft.AspNetCore.Server.IIS.Core.IISHttpServer|ERROR|Connection ID "18014398544647029093", Request ID "40000166-0008-fa00-b63f-84710c7967bb": An unhandled exception was thrown by the application. System.AggregateException: An error occurred while writing to logger(s). (Could not resolve type 'AspNetCoreGeneratedDocument.Pages_Widgets_Partials__ProductHighlight' in assembly 'TechVerse.Cms, Version=1.0.0.0, Culture=neutral, PublicKeyToken=null'.) (Could not resolve type 'AspNetCoreGeneratedDocument.Pages_Widgets_Partials__ProductHighlight' in assembly 'TechVerse.Cms, Version=1.0.0.0, Culture=neutral, PublicKeyToken=null'.) (Could not resolve type 'AspNetCoreGeneratedDocument.Pages_Widgets_Partials__ProductHighlight' in assembly 'TechVerse.Cms, Version=1.0.0.0, Culture=neutral, PublicKeyToken=null'.)
 ---> System.TypeLoadException: Could not resolve type 'AspNetCoreGeneratedDocument.Pages_Widgets_Partials__ProductHighlight' in assembly 'TechVerse.Cms, Version=1.0.0.0, Culture=neutral, PublicKeyToken=null'.
   at System.Reflection.TypeNameParser.GetTypeFromDefaultAssemblies(String typeName, ReadOnlySpan`1 nestedTypeNames)
   at System.Reflection.TypeNameParser.GetType(String typeName, ReadOnlySpan`1 nestedTypeNames, String assemblyNameIfAny)
   at System.Reflection.TypeNameParser.NestedNamespaceTypeName.ResolveType(TypeNameParser& parser, String containingAssemblyIfAny)
   at System.Reflection.TypeNameParser.GetTypeHelper(Char* pTypeName, RuntimeAssembly requestingAssembly, Boolean throwOnError, Boolean requireAssemblyQualifiedName)
   at System.Reflection.CustomAttribute._CreateCaObject(RuntimeModule pModule, RuntimeType type, IRuntimeMethodInfo pCtor, Byte** ppBlob, Byte* pEndBlob, Int32* pcNamedArgs)
   at System.Reflection.CustomAttribute.AddCustomAttributes(ListBuilder`1& attributes, RuntimeModule decoratedModule, Int32 decoratedMetadataToken, RuntimeType attributeFilterType, Boolean mustBeInheritable, ListBuilder`1 derivedAttributes)
   at System.Reflection.CustomAttribute.GetCustomAttributes(RuntimeModule decoratedModule, Int32 decoratedMetadataToken, Int32 pcaCount, RuntimeType attributeFilterType)
   at System.Reflection.CustomAttribute.GetCustomAttributes(RuntimeMethodInfo method, RuntimeType caType, Boolean inherit)
   at System.Attribute.GetCustomAttributes(MemberInfo element, Type attributeType, Boolean inherit)
   at System.Diagnostics.StackTrace.TryResolveStateMachineMethod(MethodBase& method, Type& declaringType)
   at System.Diagnostics.StackTrace.ToString(TraceFormat traceFormat, StringBuilder sb)
   at System.Diagnostics.StackTrace.ToString(TraceFormat traceFormat)
   at System.Exception.get_StackTrace()
   at System.Exception.ToString()
   at Microsoft.Extensions.Logging.Console.SimpleConsoleFormatter.CreateDefaultLogMessage[TState](TextWriter textWriter, LogEntry`1& logEntry, String message, IExternalScopeProvider scopeProvider)
   at Microsoft.Extensions.Logging.Console.SimpleConsoleFormatter.Write[TState](LogEntry`1& logEntry, IExternalScopeProvider scopeProvider, TextWriter textWriter)
   at Microsoft.Extensions.Logging.Console.ConsoleLogger.Log[TState](LogLevel logLevel, EventId eventId, TState state, Exception exception, Func`3 formatter)
   at Microsoft.Extensions.Logging.Logger.<Log>g__LoggerLog|14_0[TState](LogLevel logLevel, EventId eventId, ILogger logger, Exception exception, Func`3 formatter, List`1& exceptions, TState& state)
   --- End of inner exception stack trace ---
 ---> (Inner Exception #1) System.TypeLoadException: Could not resolve type 'AspNetCoreGeneratedDocument.Pages_Widgets_Partials__ProductHighlight' in assembly 'TechVerse.Cms, Version=1.0.0.0, Culture=neutral, PublicKeyToken=null'.
   at System.Reflection.TypeNameParser.GetTypeFromDefaultAssemblies(String typeName, ReadOnlySpan`1 nestedTypeNames)
   at System.Reflection.TypeNameParser.GetType(String typeName, ReadOnlySpan`1 nestedTypeNames, String assemblyNameIfAny)
   at System.Reflection.TypeNameParser.NestedNamespaceTypeName.ResolveType(TypeNameParser& parser, String containingAssemblyIfAny)
   at System.Reflection.TypeNameParser.GetTypeHelper(Char* pTypeName, RuntimeAssembly requestingAssembly, Boolean throwOnError, Boolean requireAssemblyQualifiedName)
   at System.Reflection.CustomAttribute._CreateCaObject(RuntimeModule pModule, RuntimeType type, IRuntimeMethodInfo pCtor, Byte** ppBlob, Byte* pEndBlob, Int32* pcNamedArgs)
   at System.Reflection.CustomAttribute.AddCustomAttributes(ListBuilder`1& attributes, RuntimeModule decoratedModule, Int32 decoratedMetadataToken, RuntimeType attributeFilterType, Boolean mustBeInheritable, ListBuilder`1 derivedAttributes)
   at System.Reflection.CustomAttribute.GetCustomAttributes(RuntimeModule decoratedModule, Int32 decoratedMetadataToken, Int32 pcaCount, RuntimeType attributeFilterType)
   at System.Reflection.CustomAttribute.GetCustomAttributes(RuntimeMethodInfo method, RuntimeType caType, Boolean inherit)
   at System.Attribute.GetCustomAttributes(MemberInfo element, Type attributeType, Boolean inherit)
   at System.Diagnostics.StackTrace.TryResolveStateMachineMethod(MethodBase& method, Type& declaringType)
   at System.Diagnostics.StackTrace.ToString(TraceFormat traceFormat, StringBuilder sb)
   at System.Diagnostics.StackTrace.ToString(TraceFormat traceFormat)
   at System.Exception.get_StackTrace()
   at System.Exception.ToString()
   at Microsoft.Extensions.Logging.Debug.DebugLogger.Log[TState](LogLevel logLevel, EventId eventId, TState state, Exception exception, Func`3 formatter)
   at Microsoft.Extensions.Logging.Logger.<Log>g__LoggerLog|14_0[TState](LogLevel logLevel, EventId eventId, ILogger logger, Exception exception, Func`3 formatter, List`1& exceptions, TState& state)<---

 ---> (Inner Exception #2) System.TypeLoadException: Could not resolve type 'AspNetCoreGeneratedDocument.Pages_Widgets_Partials__ProductHighlight' in assembly 'TechVerse.Cms, Version=1.0.0.0, Culture=neutral, PublicKeyToken=null'.
   at System.Reflection.TypeNameParser.GetTypeFromDefaultAssemblies(String typeName, ReadOnlySpan`1 nestedTypeNames)
   at System.Reflection.TypeNameParser.GetType(String typeName, ReadOnlySpan`1 nestedTypeNames, String assemblyNameIfAny)
   at System.Reflection.TypeNameParser.NestedNamespaceTypeName.ResolveType(TypeNameParser& parser, String containingAssemblyIfAny)
   at System.Reflection.TypeNameParser.GetTypeHelper(Char* pTypeName, RuntimeAssembly requestingAssembly, Boolean throwOnError, Boolean requireAssemblyQualifiedName)
   at System.Reflection.CustomAttribute._CreateCaObject(RuntimeModule pModule, RuntimeType type, IRuntimeMethodInfo pCtor, Byte** ppBlob, Byte* pEndBlob, Int32* pcNamedArgs)
   at System.Reflection.CustomAttribute.AddCustomAttributes(ListBuilder`1& attributes, RuntimeModule decoratedModule, Int32 decoratedMetadataToken, RuntimeType attributeFilterType, Boolean mustBeInheritable, ListBuilder`1 derivedAttributes)
   at System.Reflection.CustomAttribute.GetCustomAttributes(RuntimeModule decoratedModule, Int32 decoratedMetadataToken, Int32 pcaCount, RuntimeType attributeFilterType)
   at System.Reflection.CustomAttribute.GetCustomAttributes(RuntimeMethodInfo method, RuntimeType caType, Boolean inherit)
   at System.Attribute.GetCustomAttributes(MemberInfo element, Type attributeType, Boolean inherit)
   at System.Diagnostics.StackTrace.TryResolveStateMachineMethod(MethodBase& method, Type& declaringType)
   at System.Diagnostics.StackTrace.ToString(TraceFormat traceFormat, StringBuilder sb)
   at System.Diagnostics.StackTrace.ToString(TraceFormat traceFormat)
   at System.Exception.get_StackTrace()
   at System.Exception.ToString()
   at System.Text.StringBuilder.Append(Object value)
   at Microsoft.Extensions.Logging.EventLog.EventLogLogger.Log[TState](LogLevel logLevel, EventId eventId, TState state, Exception exception, Func`3 formatter)
   at Microsoft.Extensions.Logging.Logger.<Log>g__LoggerLog|14_0[TState](LogLevel logLevel, EventId eventId, ILogger logger, Exception exception, Func`3 formatter, List`1& exceptions, TState& state)<---

2026-01-11 00:38:06.7077|Default|00-b241fb5beb560ab454722cc748f57beb-0d3dce883eddd4ef-00|1|Microsoft.AspNetCore.Diagnostics.DeveloperExceptionPageMiddleware|ERROR|An unhandled exception has occurred while executing the request. NLog message: Exception in NLog.LayoutRenderers.ExceptionLayoutRenderer.AppendToString(): System.TypeLoadException. 
2026-01-11 00:38:06.7407|Default|00-b241fb5beb560ab454722cc748f57beb-0d3dce883eddd4ef-00|2|Microsoft.AspNetCore.Server.IIS.Core.IISHttpServer|ERROR|Connection ID "17942340959199035665", Request ID "40000112-000a-f900-b63f-84710c7967bb": An unhandled exception was thrown by the application. System.AggregateException: An error occurred while writing to logger(s). (Could not resolve type 'AspNetCoreGeneratedDocument.Pages_Widgets_Partials__ProductHighlight' in assembly 'TechVerse.Cms, Version=1.0.0.0, Culture=neutral, PublicKeyToken=null'.) (Could not resolve type 'AspNetCoreGeneratedDocument.Pages_Widgets_Partials__ProductHighlight' in assembly 'TechVerse.Cms, Version=1.0.0.0, Culture=neutral, PublicKeyToken=null'.) (Could not resolve type 'AspNetCoreGeneratedDocument.Pages_Widgets_Partials__ProductHighlight' in assembly 'TechVerse.Cms, Version=1.0.0.0, Culture=neutral, PublicKeyToken=null'.)
 ---> System.TypeLoadException: Could not resolve type 'AspNetCoreGeneratedDocument.Pages_Widgets_Partials__ProductHighlight' in assembly 'TechVerse.Cms, Version=1.0.0.0, Culture=neutral, PublicKeyToken=null'.
   at System.Reflection.TypeNameParser.GetTypeFromDefaultAssemblies(String typeName, ReadOnlySpan`1 nestedTypeNames)
   at System.Reflection.TypeNameParser.GetType(String typeName, ReadOnlySpan`1 nestedTypeNames, String assemblyNameIfAny)
   at System.Reflection.TypeNameParser.NestedNamespaceTypeName.ResolveType(TypeNameParser& parser, String containingAssemblyIfAny)
   at System.Reflection.TypeNameParser.GetTypeHelper(Char* pTypeName, RuntimeAssembly requestingAssembly, Boolean throwOnError, Boolean requireAssemblyQualifiedName)
   at System.Reflection.CustomAttribute._CreateCaObject(RuntimeModule pModule, RuntimeType type, IRuntimeMethodInfo pCtor, Byte** ppBlob, Byte* pEndBlob, Int32* pcNamedArgs)
   at System.Reflection.CustomAttribute.AddCustomAttributes(ListBuilder`1& attributes, RuntimeModule decoratedModule, Int32 decoratedMetadataToken, RuntimeType attributeFilterType, Boolean mustBeInheritable, ListBuilder`1 derivedAttributes)
   at System.Reflection.CustomAttribute.GetCustomAttributes(RuntimeModule decoratedModule, Int32 decoratedMetadataToken, Int32 pcaCount, RuntimeType attributeFilterType)
   at System.Reflection.CustomAttribute.GetCustomAttributes(RuntimeMethodInfo method, RuntimeType caType, Boolean inherit)
   at System.Attribute.GetCustomAttributes(MemberInfo element, Type attributeType, Boolean inherit)
   at System.Diagnostics.StackTrace.TryResolveStateMachineMethod(MethodBase& method, Type& declaringType)
   at System.Diagnostics.StackTrace.ToString(TraceFormat traceFormat, StringBuilder sb)
   at System.Exception.get_StackTrace()
   at System.Exception.ToString()
   at Microsoft.Extensions.Logging.Console.SimpleConsoleFormatter.CreateDefaultLogMessage[TState](TextWriter textWriter, LogEntry`1& logEntry, String message, IExternalScopeProvider scopeProvider)
   at Microsoft.Extensions.Logging.Console.SimpleConsoleFormatter.Write[TState](LogEntry`1& logEntry, IExternalScopeProvider scopeProvider, TextWriter textWriter)
   at Microsoft.Extensions.Logging.Console.ConsoleLogger.Log[TState](LogLevel logLevel, EventId eventId, TState state, Exception exception, Func`3 formatter)
   at Microsoft.Extensions.Logging.Logger.<Log>g__LoggerLog|14_0[TState](LogLevel logLevel, EventId eventId, ILogger logger, Exception exception, Func`3 formatter, List`1& exceptions, TState& state)
   --- End of inner exception stack trace ---
 ---> (Inner Exception #1) System.TypeLoadException: Could not resolve type 'AspNetCoreGeneratedDocument.Pages_Widgets_Partials__ProductHighlight' in assembly 'TechVerse.Cms, Version=1.0.0.0, Culture=neutral, PublicKeyToken=null'.
   at System.Reflection.TypeNameParser.GetTypeFromDefaultAssemblies(String typeName, ReadOnlySpan`1 nestedTypeNames)
   at System.Reflection.TypeNameParser.GetType(String typeName, ReadOnlySpan`1 nestedTypeNames, String assemblyNameIfAny)
   at System.Reflection.TypeNameParser.NestedNamespaceTypeName.ResolveType(TypeNameParser& parser, String containingAssemblyIfAny)
   at System.Reflection.TypeNameParser.GetTypeHelper(Char* pTypeName, RuntimeAssembly requestingAssembly, Boolean throwOnError, Boolean requireAssemblyQualifiedName)
   at System.Reflection.CustomAttribute._CreateCaObject(RuntimeModule pModule, RuntimeType type, IRuntimeMethodInfo pCtor, Byte** ppBlob, Byte* pEndBlob, Int32* pcNamedArgs)
   at System.Reflection.CustomAttribute.AddCustomAttributes(ListBuilder`1& attributes, RuntimeModule decoratedModule, Int32 decoratedMetadataToken, RuntimeType attributeFilterType, Boolean mustBeInheritable, ListBuilder`1 derivedAttributes)
   at System.Reflection.CustomAttribute.GetCustomAttributes(RuntimeModule decoratedModule, Int32 decoratedMetadataToken, Int32 pcaCount, RuntimeType attributeFilterType)
   at System.Reflection.CustomAttribute.GetCustomAttributes(RuntimeMethodInfo method, RuntimeType caType, Boolean inherit)
   at System.Attribute.GetCustomAttributes(MemberInfo element, Type attributeType, Boolean inherit)
   at System.Diagnostics.StackTrace.TryResolveStateMachineMethod(MethodBase& method, Type& declaringType)
   at System.Diagnostics.StackTrace.ToString(TraceFormat traceFormat, StringBuilder sb)
   at System.Exception.get_StackTrace()
   at System.Exception.ToString()
   at Microsoft.Extensions.Logging.Debug.DebugLogger.Log[TState](LogLevel logLevel, EventId eventId, TState state, Exception exception, Func`3 formatter)
   at Microsoft.Extensions.Logging.Logger.<Log>g__LoggerLog|14_0[TState](LogLevel logLevel, EventId eventId, ILogger logger, Exception exception, Func`3 formatter, List`1& exceptions, TState& state)<---

 ---> (Inner Exception #2) System.TypeLoadException: Could not resolve type 'AspNetCoreGeneratedDocument.Pages_Widgets_Partials__ProductHighlight' in assembly 'TechVerse.Cms, Version=1.0.0.0, Culture=neutral, PublicKeyToken=null'.
   at System.Reflection.TypeNameParser.GetTypeFromDefaultAssemblies(String typeName, ReadOnlySpan`1 nestedTypeNames)
   at System.Reflection.TypeNameParser.GetType(String typeName, ReadOnlySpan`1 nestedTypeNames, String assemblyNameIfAny)
   at System.Reflection.TypeNameParser.NestedNamespaceTypeName.ResolveType(TypeNameParser& parser, String containingAssemblyIfAny)
   at System.Reflection.TypeNameParser.GetTypeHelper(Char* pTypeName, RuntimeAssembly requestingAssembly, Boolean throwOnError, Boolean requireAssemblyQualifiedName)
   at System.Reflection.CustomAttribute._CreateCaObject(RuntimeModule pModule, RuntimeType type, IRuntimeMethodInfo pCtor, Byte** ppBlob, Byte* pEndBlob, Int32* pcNamedArgs)
   at System.Reflection.CustomAttribute.AddCustomAttributes(ListBuilder`1& attributes, RuntimeModule decoratedModule, Int32 decoratedMetadataToken, RuntimeType attributeFilterType, Boolean mustBeInheritable, ListBuilder`1 derivedAttributes)
   at System.Reflection.CustomAttribute.GetCustomAttributes(RuntimeModule decoratedModule, Int32 decoratedMetadataToken, Int32 pcaCount, RuntimeType attributeFilterType)
   at System.Reflection.CustomAttribute.GetCustomAttributes(RuntimeMethodInfo method, RuntimeType caType, Boolean inherit)
   at System.Attribute.GetCustomAttributes(MemberInfo element, Type attributeType, Boolean inherit)
   at System.Diagnostics.StackTrace.TryResolveStateMachineMethod(MethodBase& method, Type& declaringType)
   at System.Diagnostics.StackTrace.ToString(TraceFormat traceFormat, StringBuilder sb)
   at System.Exception.get_StackTrace()
   at System.Exception.ToString()
   at System.Text.StringBuilder.Append(Object value)
   at Microsoft.Extensions.Logging.EventLog.EventLogLogger.Log[TState](LogLevel logLevel, EventId eventId, TState state, Exception exception, Func`3 formatter)
   at Microsoft.Extensions.Logging.Logger.<Log>g__LoggerLog|14_0[TState](LogLevel logLevel, EventId eventId, ILogger logger, Exception exception, Func`3 formatter, List`1& exceptions, TState& state)<---

2026-01-11 00:40:31.6860|Default|00-efe8dd50467bba8c6e9d2cac4359ae50-e5dcc38ff1628d49-00|1|Microsoft.AspNetCore.Diagnostics.DeveloperExceptionPageMiddleware|ERROR|An unhandled exception has occurred while executing the request. NLog message: Exception in NLog.LayoutRenderers.ExceptionLayoutRenderer.AppendToString(): System.TypeLoadException. 
2026-01-11 00:40:31.7399|Default|00-efe8dd50467bba8c6e9d2cac4359ae50-e5dcc38ff1628d49-00|2|Microsoft.AspNetCore.Server.IIS.Core.IISHttpServer|ERROR|Connection ID "17798225728173506813", Request ID "400000fe-0000-f700-b63f-84710c7967bb": An unhandled exception was thrown by the application. System.AggregateException: An error occurred while writing to logger(s). (Could not resolve type 'AspNetCoreGeneratedDocument.Pages_Widgets_Partials__ProductHighlight' in assembly 'TechVerse.Cms, Version=1.0.0.0, Culture=neutral, PublicKeyToken=null'.) (Could not resolve type 'AspNetCoreGeneratedDocument.Pages_Widgets_Partials__ProductHighlight' in assembly 'TechVerse.Cms, Version=1.0.0.0, Culture=neutral, PublicKeyToken=null'.) (Could not resolve type 'AspNetCoreGeneratedDocument.Pages_Widgets_Partials__ProductHighlight' in assembly 'TechVerse.Cms, Version=1.0.0.0, Culture=neutral, PublicKeyToken=null'.)
 ---> System.TypeLoadException: Could not resolve type 'AspNetCoreGeneratedDocument.Pages_Widgets_Partials__ProductHighlight' in assembly 'TechVerse.Cms, Version=1.0.0.0, Culture=neutral, PublicKeyToken=null'.
   at System.Reflection.TypeNameParser.GetTypeFromDefaultAssemblies(String typeName, ReadOnlySpan`1 nestedTypeNames)
   at System.Reflection.TypeNameParser.GetType(String typeName, ReadOnlySpan`1 nestedTypeNames, String assemblyNameIfAny)
   at System.Reflection.TypeNameParser.NestedNamespaceTypeName.ResolveType(TypeNameParser& parser, String containingAssemblyIfAny)
   at System.Reflection.TypeNameParser.GetTypeHelper(Char* pTypeName, RuntimeAssembly requestingAssembly, Boolean throwOnError, Boolean requireAssemblyQualifiedName)
   at System.Reflection.CustomAttribute._CreateCaObject(RuntimeModule pModule, RuntimeType type, IRuntimeMethodInfo pCtor, Byte** ppBlob, Byte* pEndBlob, Int32* pcNamedArgs)
   at System.Reflection.CustomAttribute.AddCustomAttributes(ListBuilder`1& attributes, RuntimeModule decoratedModule, Int32 decoratedMetadataToken, RuntimeType attributeFilterType, Boolean mustBeInheritable, ListBuilder`1 derivedAttributes)
   at System.Reflection.CustomAttribute.GetCustomAttributes(RuntimeModule decoratedModule, Int32 decoratedMetadataToken, Int32 pcaCount, RuntimeType attributeFilterType)
   at System.Reflection.CustomAttribute.GetCustomAttributes(RuntimeMethodInfo method, RuntimeType caType, Boolean inherit)
   at System.Attribute.GetCustomAttributes(MemberInfo element, Type attributeType, Boolean inherit)
   at System.Diagnostics.StackTrace.TryResolveStateMachineMethod(MethodBase& method, Type& declaringType)
   at System.Diagnostics.StackTrace.ToString(TraceFormat traceFormat, StringBuilder sb)
   at System.Exception.get_StackTrace()
   at System.Exception.ToString()
   at Microsoft.Extensions.Logging.Console.SimpleConsoleFormatter.CreateDefaultLogMessage[TState](TextWriter textWriter, LogEntry`1& logEntry, String message, IExternalScopeProvider scopeProvider)
   at Microsoft.Extensions.Logging.Console.SimpleConsoleFormatter.Write[TState](LogEntry`1& logEntry, IExternalScopeProvider scopeProvider, TextWriter textWriter)
   at Microsoft.Extensions.Logging.Console.ConsoleLogger.Log[TState](LogLevel logLevel, EventId eventId, TState state, Exception exception, Func`3 formatter)
   at Microsoft.Extensions.Logging.Logger.<Log>g__LoggerLog|14_0[TState](LogLevel logLevel, EventId eventId, ILogger logger, Exception exception, Func`3 formatter, List`1& exceptions, TState& state)
   --- End of inner exception stack trace ---
 ---> (Inner Exception #1) System.TypeLoadException: Could not resolve type 'AspNetCoreGeneratedDocument.Pages_Widgets_Partials__ProductHighlight' in assembly 'TechVerse.Cms, Version=1.0.0.0, Culture=neutral, PublicKeyToken=null'.
   at System.Reflection.TypeNameParser.GetTypeFromDefaultAssemblies(String typeName, ReadOnlySpan`1 nestedTypeNames)
   at System.Reflection.TypeNameParser.GetType(String typeName, ReadOnlySpan`1 nestedTypeNames, String assemblyNameIfAny)
   at System.Reflection.TypeNameParser.NestedNamespaceTypeName.ResolveType(TypeNameParser& parser, String containingAssemblyIfAny)
   at System.Reflection.TypeNameParser.GetTypeHelper(Char* pTypeName, RuntimeAssembly requestingAssembly, Boolean throwOnError, Boolean requireAssemblyQualifiedName)
   at System.Reflection.CustomAttribute._CreateCaObject(RuntimeModule pModule, RuntimeType type, IRuntimeMethodInfo pCtor, Byte** ppBlob, Byte* pEndBlob, Int32* pcNamedArgs)
   at System.Reflection.CustomAttribute.AddCustomAttributes(ListBuilder`1& attributes, RuntimeModule decoratedModule, Int32 decoratedMetadataToken, RuntimeType attributeFilterType, Boolean mustBeInheritable, ListBuilder`1 derivedAttributes)
   at System.Reflection.CustomAttribute.GetCustomAttributes(RuntimeModule decoratedModule, Int32 decoratedMetadataToken, Int32 pcaCount, RuntimeType attributeFilterType)
   at System.Reflection.CustomAttribute.GetCustomAttributes(RuntimeMethodInfo method, RuntimeType caType, Boolean inherit)
   at System.Attribute.GetCustomAttributes(MemberInfo element, Type attributeType, Boolean inherit)
   at System.Diagnostics.StackTrace.TryResolveStateMachineMethod(MethodBase& method, Type& declaringType)
   at System.Diagnostics.StackTrace.ToString(TraceFormat traceFormat, StringBuilder sb)
   at System.Exception.get_StackTrace()
   at System.Exception.ToString()
   at Microsoft.Extensions.Logging.Debug.DebugLogger.Log[TState](LogLevel logLevel, EventId eventId, TState state, Exception exception, Func`3 formatter)
   at Microsoft.Extensions.Logging.Logger.<Log>g__LoggerLog|14_0[TState](LogLevel logLevel, EventId eventId, ILogger logger, Exception exception, Func`3 formatter, List`1& exceptions, TState& state)<---

 ---> (Inner Exception #2) System.TypeLoadException: Could not resolve type 'AspNetCoreGeneratedDocument.Pages_Widgets_Partials__ProductHighlight' in assembly 'TechVerse.Cms, Version=1.0.0.0, Culture=neutral, PublicKeyToken=null'.
   at System.Reflection.TypeNameParser.GetTypeFromDefaultAssemblies(String typeName, ReadOnlySpan`1 nestedTypeNames)
   at System.Reflection.TypeNameParser.GetType(String typeName, ReadOnlySpan`1 nestedTypeNames, String assemblyNameIfAny)
   at System.Reflection.TypeNameParser.NestedNamespaceTypeName.ResolveType(TypeNameParser& parser, String containingAssemblyIfAny)
   at System.Reflection.TypeNameParser.GetTypeHelper(Char* pTypeName, RuntimeAssembly requestingAssembly, Boolean throwOnError, Boolean requireAssemblyQualifiedName)
   at System.Reflection.CustomAttribute._CreateCaObject(RuntimeModule pModule, RuntimeType type, IRuntimeMethodInfo pCtor, Byte** ppBlob, Byte* pEndBlob, Int32* pcNamedArgs)
   at System.Reflection.CustomAttribute.AddCustomAttributes(ListBuilder`1& attributes, RuntimeModule decoratedModule, Int32 decoratedMetadataToken, RuntimeType attributeFilterType, Boolean mustBeInheritable, ListBuilder`1 derivedAttributes)
   at System.Reflection.CustomAttribute.GetCustomAttributes(RuntimeModule decoratedModule, Int32 decoratedMetadataToken, Int32 pcaCount, RuntimeType attributeFilterType)
   at System.Reflection.CustomAttribute.GetCustomAttributes(RuntimeMethodInfo method, RuntimeType caType, Boolean inherit)
   at System.Attribute.GetCustomAttributes(MemberInfo element, Type attributeType, Boolean inherit)
   at System.Diagnostics.StackTrace.TryResolveStateMachineMethod(MethodBase& method, Type& declaringType)
   at System.Diagnostics.StackTrace.ToString(TraceFormat traceFormat, StringBuilder sb)
   at System.Exception.get_StackTrace()
   at System.Exception.ToString()
   at System.Text.StringBuilder.Append(Object value)
   at Microsoft.Extensions.Logging.EventLog.EventLogLogger.Log[TState](LogLevel logLevel, EventId eventId, TState state, Exception exception, Func`3 formatter)
   at Microsoft.Extensions.Logging.Logger.<Log>g__LoggerLog|14_0[TState](LogLevel logLevel, EventId eventId, ILogger logger, Exception exception, Func`3 formatter, List`1& exceptions, TState& state)<---

2026-01-11 00:40:33.3305|Default|00-67a7cbd436f1350aebc16f9ad0583f45-01b8f0b5c0600bb4-00|1|Microsoft.AspNetCore.Diagnostics.DeveloperExceptionPageMiddleware|ERROR|An unhandled exception has occurred while executing the request. NLog message: Exception in NLog.LayoutRenderers.ExceptionLayoutRenderer.AppendToString(): System.TypeLoadException. 
2026-01-11 00:40:33.3634|Default|00-67a7cbd436f1350aebc16f9ad0583f45-01b8f0b5c0600bb4-00|2|Microsoft.AspNetCore.Server.IIS.Core.IISHttpServer|ERROR|Connection ID "18014398544647029095", Request ID "40000168-0008-fa00-b63f-84710c7967bb": An unhandled exception was thrown by the application. System.AggregateException: An error occurred while writing to logger(s). (Could not resolve type 'AspNetCoreGeneratedDocument.Pages_Widgets_Partials__ProductHighlight' in assembly 'TechVerse.Cms, Version=1.0.0.0, Culture=neutral, PublicKeyToken=null'.) (Could not resolve type 'AspNetCoreGeneratedDocument.Pages_Widgets_Partials__ProductHighlight' in assembly 'TechVerse.Cms, Version=1.0.0.0, Culture=neutral, PublicKeyToken=null'.) (Could not resolve type 'AspNetCoreGeneratedDocument.Pages_Widgets_Partials__ProductHighlight' in assembly 'TechVerse.Cms, Version=1.0.0.0, Culture=neutral, PublicKeyToken=null'.)
 ---> System.TypeLoadException: Could not resolve type 'AspNetCoreGeneratedDocument.Pages_Widgets_Partials__ProductHighlight' in assembly 'TechVerse.Cms, Version=1.0.0.0, Culture=neutral, PublicKeyToken=null'.
   at System.Reflection.TypeNameParser.GetTypeFromDefaultAssemblies(String typeName, ReadOnlySpan`1 nestedTypeNames)
   at System.Reflection.TypeNameParser.GetType(String typeName, ReadOnlySpan`1 nestedTypeNames, String assemblyNameIfAny)
   at System.Reflection.TypeNameParser.NestedNamespaceTypeName.ResolveType(TypeNameParser& parser, String containingAssemblyIfAny)
   at System.Reflection.TypeNameParser.GetTypeHelper(Char* pTypeName, RuntimeAssembly requestingAssembly, Boolean throwOnError, Boolean requireAssemblyQualifiedName)
   at System.Reflection.CustomAttribute._CreateCaObject(RuntimeModule pModule, RuntimeType type, IRuntimeMethodInfo pCtor, Byte** ppBlob, Byte* pEndBlob, Int32* pcNamedArgs)
   at System.Reflection.CustomAttribute.AddCustomAttributes(ListBuilder`1& attributes, RuntimeModule decoratedModule, Int32 decoratedMetadataToken, RuntimeType attributeFilterType, Boolean mustBeInheritable, ListBuilder`1 derivedAttributes)
   at System.Reflection.CustomAttribute.GetCustomAttributes(RuntimeModule decoratedModule, Int32 decoratedMetadataToken, Int32 pcaCount, RuntimeType attributeFilterType)
   at System.Reflection.CustomAttribute.GetCustomAttributes(RuntimeMethodInfo method, RuntimeType caType, Boolean inherit)
   at System.Attribute.GetCustomAttributes(MemberInfo element, Type attributeType, Boolean inherit)
   at System.Diagnostics.StackTrace.TryResolveStateMachineMethod(MethodBase& method, Type& declaringType)
   at System.Diagnostics.StackTrace.ToString(TraceFormat traceFormat, StringBuilder sb)
   at System.Exception.get_StackTrace()
   at System.Exception.ToString()
   at Microsoft.Extensions.Logging.Console.SimpleConsoleFormatter.CreateDefaultLogMessage[TState](TextWriter textWriter, LogEntry`1& logEntry, String message, IExternalScopeProvider scopeProvider)
   at Microsoft.Extensions.Logging.Console.SimpleConsoleFormatter.Write[TState](LogEntry`1& logEntry, IExternalScopeProvider scopeProvider, TextWriter textWriter)
   at Microsoft.Extensions.Logging.Console.ConsoleLogger.Log[TState](LogLevel logLevel, EventId eventId, TState state, Exception exception, Func`3 formatter)
   at Microsoft.Extensions.Logging.Logger.<Log>g__LoggerLog|14_0[TState](LogLevel logLevel, EventId eventId, ILogger logger, Exception exception, Func`3 formatter, List`1& exceptions, TState& state)
   --- End of inner exception stack trace ---
 ---> (Inner Exception #1) System.TypeLoadException: Could not resolve type 'AspNetCoreGeneratedDocument.Pages_Widgets_Partials__ProductHighlight' in assembly 'TechVerse.Cms, Version=1.0.0.0, Culture=neutral, PublicKeyToken=null'.
   at System.Reflection.TypeNameParser.GetTypeFromDefaultAssemblies(String typeName, ReadOnlySpan`1 nestedTypeNames)
   at System.Reflection.TypeNameParser.GetType(String typeName, ReadOnlySpan`1 nestedTypeNames, String assemblyNameIfAny)
   at System.Reflection.TypeNameParser.NestedNamespaceTypeName.ResolveType(TypeNameParser& parser, String containingAssemblyIfAny)
   at System.Reflection.TypeNameParser.GetTypeHelper(Char* pTypeName, RuntimeAssembly requestingAssembly, Boolean throwOnError, Boolean requireAssemblyQualifiedName)
   at System.Reflection.CustomAttribute._CreateCaObject(RuntimeModule pModule, RuntimeType type, IRuntimeMethodInfo pCtor, Byte** ppBlob, Byte* pEndBlob, Int32* pcNamedArgs)
   at System.Reflection.CustomAttribute.AddCustomAttributes(ListBuilder`1& attributes, RuntimeModule decoratedModule, Int32 decoratedMetadataToken, RuntimeType attributeFilterType, Boolean mustBeInheritable, ListBuilder`1 derivedAttributes)
   at System.Reflection.CustomAttribute.GetCustomAttributes(RuntimeModule decoratedModule, Int32 decoratedMetadataToken, Int32 pcaCount, RuntimeType attributeFilterType)
   at System.Reflection.CustomAttribute.GetCustomAttributes(RuntimeMethodInfo method, RuntimeType caType, Boolean inherit)
   at System.Attribute.GetCustomAttributes(MemberInfo element, Type attributeType, Boolean inherit)
   at System.Diagnostics.StackTrace.TryResolveStateMachineMethod(MethodBase& method, Type& declaringType)
   at System.Diagnostics.StackTrace.ToString(TraceFormat traceFormat, StringBuilder sb)
   at System.Exception.get_StackTrace()
   at System.Exception.ToString()
   at Microsoft.Extensions.Logging.Debug.DebugLogger.Log[TState](LogLevel logLevel, EventId eventId, TState state, Exception exception, Func`3 formatter)
   at Microsoft.Extensions.Logging.Logger.<Log>g__LoggerLog|14_0[TState](LogLevel logLevel, EventId eventId, ILogger logger, Exception exception, Func`3 formatter, List`1& exceptions, TState& state)<---

 ---> (Inner Exception #2) System.TypeLoadException: Could not resolve type 'AspNetCoreGeneratedDocument.Pages_Widgets_Partials__ProductHighlight' in assembly 'TechVerse.Cms, Version=1.0.0.0, Culture=neutral, PublicKeyToken=null'.
   at System.Reflection.TypeNameParser.GetTypeFromDefaultAssemblies(String typeName, ReadOnlySpan`1 nestedTypeNames)
   at System.Reflection.TypeNameParser.GetType(String typeName, ReadOnlySpan`1 nestedTypeNames, String assemblyNameIfAny)
   at System.Reflection.TypeNameParser.NestedNamespaceTypeName.ResolveType(TypeNameParser& parser, String containingAssemblyIfAny)
   at System.Reflection.TypeNameParser.GetTypeHelper(Char* pTypeName, RuntimeAssembly requestingAssembly, Boolean throwOnError, Boolean requireAssemblyQualifiedName)
   at System.Reflection.CustomAttribute._CreateCaObject(RuntimeModule pModule, RuntimeType type, IRuntimeMethodInfo pCtor, Byte** ppBlob, Byte* pEndBlob, Int32* pcNamedArgs)
   at System.Reflection.CustomAttribute.AddCustomAttributes(ListBuilder`1& attributes, RuntimeModule decoratedModule, Int32 decoratedMetadataToken, RuntimeType attributeFilterType, Boolean mustBeInheritable, ListBuilder`1 derivedAttributes)
   at System.Reflection.CustomAttribute.GetCustomAttributes(RuntimeModule decoratedModule, Int32 decoratedMetadataToken, Int32 pcaCount, RuntimeType attributeFilterType)
   at System.Reflection.CustomAttribute.GetCustomAttributes(RuntimeMethodInfo method, RuntimeType caType, Boolean inherit)
   at System.Attribute.GetCustomAttributes(MemberInfo element, Type attributeType, Boolean inherit)
   at System.Diagnostics.StackTrace.TryResolveStateMachineMethod(MethodBase& method, Type& declaringType)
   at System.Diagnostics.StackTrace.ToString(TraceFormat traceFormat, StringBuilder sb)
   at System.Exception.get_StackTrace()
   at System.Exception.ToString()
   at System.Text.StringBuilder.Append(Object value)
   at Microsoft.Extensions.Logging.EventLog.EventLogLogger.Log[TState](LogLevel logLevel, EventId eventId, TState state, Exception exception, Func`3 formatter)
   at Microsoft.Extensions.Logging.Logger.<Log>g__LoggerLog|14_0[TState](LogLevel logLevel, EventId eventId, ILogger logger, Exception exception, Func`3 formatter, List`1& exceptions, TState& state)<---

2026-01-11 00:40:45.5222|Default|00-8576d8cd801a168ab20dd7407524fbbe-a7886677127f4f2d-00|1|Microsoft.AspNetCore.Diagnostics.DeveloperExceptionPageMiddleware|ERROR|An unhandled exception has occurred while executing the request. NLog message: Exception in NLog.LayoutRenderers.ExceptionLayoutRenderer.AppendToString(): System.TypeLoadException. 
2026-01-11 00:40:45.5619|Default|00-8576d8cd801a168ab20dd7407524fbbe-a7886677127f4f2d-00|2|Microsoft.AspNetCore.Server.IIS.Core.IISHttpServer|ERROR|Connection ID "17437937800933539927", Request ID "40000058-000a-f200-b63f-84710c7967bb": An unhandled exception was thrown by the application. System.AggregateException: An error occurred while writing to logger(s). (Could not resolve type 'AspNetCoreGeneratedDocument.Pages_Widgets_Partials__ProductHighlight' in assembly 'TechVerse.Cms, Version=1.0.0.0, Culture=neutral, PublicKeyToken=null'.) (Could not resolve type 'AspNetCoreGeneratedDocument.Pages_Widgets_Partials__ProductHighlight' in assembly 'TechVerse.Cms, Version=1.0.0.0, Culture=neutral, PublicKeyToken=null'.) (Could not resolve type 'AspNetCoreGeneratedDocument.Pages_Widgets_Partials__ProductHighlight' in assembly 'TechVerse.Cms, Version=1.0.0.0, Culture=neutral, PublicKeyToken=null'.)
 ---> System.TypeLoadException: Could not resolve type 'AspNetCoreGeneratedDocument.Pages_Widgets_Partials__ProductHighlight' in assembly 'TechVerse.Cms, Version=1.0.0.0, Culture=neutral, PublicKeyToken=null'.
   at System.Reflection.TypeNameParser.GetTypeFromDefaultAssemblies(String typeName, ReadOnlySpan`1 nestedTypeNames)
   at System.Reflection.TypeNameParser.GetType(String typeName, ReadOnlySpan`1 nestedTypeNames, String assemblyNameIfAny)
   at System.Reflection.TypeNameParser.NestedNamespaceTypeName.ResolveType(TypeNameParser& parser, String containingAssemblyIfAny)
   at System.Reflection.TypeNameParser.GetTypeHelper(Char* pTypeName, RuntimeAssembly requestingAssembly, Boolean throwOnError, Boolean requireAssemblyQualifiedName)
   at System.Reflection.CustomAttribute._CreateCaObject(RuntimeModule pModule, RuntimeType type, IRuntimeMethodInfo pCtor, Byte** ppBlob, Byte* pEndBlob, Int32* pcNamedArgs)
   at System.Reflection.CustomAttribute.AddCustomAttributes(ListBuilder`1& attributes, RuntimeModule decoratedModule, Int32 decoratedMetadataToken, RuntimeType attributeFilterType, Boolean mustBeInheritable, ListBuilder`1 derivedAttributes)
   at System.Reflection.CustomAttribute.GetCustomAttributes(RuntimeModule decoratedModule, Int32 decoratedMetadataToken, Int32 pcaCount, RuntimeType attributeFilterType)
   at System.Reflection.CustomAttribute.GetCustomAttributes(RuntimeMethodInfo method, RuntimeType caType, Boolean inherit)
   at System.Attribute.GetCustomAttributes(MemberInfo element, Type attributeType, Boolean inherit)
   at System.Diagnostics.StackTrace.TryResolveStateMachineMethod(MethodBase& method, Type& declaringType)
   at System.Diagnostics.StackTrace.ToString(TraceFormat traceFormat, StringBuilder sb)
   at System.Exception.get_StackTrace()
   at System.Exception.ToString()
   at Microsoft.Extensions.Logging.Console.SimpleConsoleFormatter.CreateDefaultLogMessage[TState](TextWriter textWriter, LogEntry`1& logEntry, String message, IExternalScopeProvider scopeProvider)
   at Microsoft.Extensions.Logging.Console.SimpleConsoleFormatter.Write[TState](LogEntry`1& logEntry, IExternalScopeProvider scopeProvider, TextWriter textWriter)
   at Microsoft.Extensions.Logging.Console.ConsoleLogger.Log[TState](LogLevel logLevel, EventId eventId, TState state, Exception exception, Func`3 formatter)
   at Microsoft.Extensions.Logging.Logger.<Log>g__LoggerLog|14_0[TState](LogLevel logLevel, EventId eventId, ILogger logger, Exception exception, Func`3 formatter, List`1& exceptions, TState& state)
   --- End of inner exception stack trace ---
 ---> (Inner Exception #1) System.TypeLoadException: Could not resolve type 'AspNetCoreGeneratedDocument.Pages_Widgets_Partials__ProductHighlight' in assembly 'TechVerse.Cms, Version=1.0.0.0, Culture=neutral, PublicKeyToken=null'.
   at System.Reflection.TypeNameParser.GetTypeFromDefaultAssemblies(String typeName, ReadOnlySpan`1 nestedTypeNames)
   at System.Reflection.TypeNameParser.GetType(String typeName, ReadOnlySpan`1 nestedTypeNames, String assemblyNameIfAny)
   at System.Reflection.TypeNameParser.NestedNamespaceTypeName.ResolveType(TypeNameParser& parser, String containingAssemblyIfAny)
   at System.Reflection.TypeNameParser.GetTypeHelper(Char* pTypeName, RuntimeAssembly requestingAssembly, Boolean throwOnError, Boolean requireAssemblyQualifiedName)
   at System.Reflection.CustomAttribute._CreateCaObject(RuntimeModule pModule, RuntimeType type, IRuntimeMethodInfo pCtor, Byte** ppBlob, Byte* pEndBlob, Int32* pcNamedArgs)
   at System.Reflection.CustomAttribute.AddCustomAttributes(ListBuilder`1& attributes, RuntimeModule decoratedModule, Int32 decoratedMetadataToken, RuntimeType attributeFilterType, Boolean mustBeInheritable, ListBuilder`1 derivedAttributes)
   at System.Reflection.CustomAttribute.GetCustomAttributes(RuntimeModule decoratedModule, Int32 decoratedMetadataToken, Int32 pcaCount, RuntimeType attributeFilterType)
   at System.Reflection.CustomAttribute.GetCustomAttributes(RuntimeMethodInfo method, RuntimeType caType, Boolean inherit)
   at System.Attribute.GetCustomAttributes(MemberInfo element, Type attributeType, Boolean inherit)
   at System.Diagnostics.StackTrace.TryResolveStateMachineMethod(MethodBase& method, Type& declaringType)
   at System.Diagnostics.StackTrace.ToString(TraceFormat traceFormat, StringBuilder sb)
   at System.Exception.get_StackTrace()
   at System.Exception.ToString()
   at Microsoft.Extensions.Logging.Debug.DebugLogger.Log[TState](LogLevel logLevel, EventId eventId, TState state, Exception exception, Func`3 formatter)
   at Microsoft.Extensions.Logging.Logger.<Log>g__LoggerLog|14_0[TState](LogLevel logLevel, EventId eventId, ILogger logger, Exception exception, Func`3 formatter, List`1& exceptions, TState& state)<---

 ---> (Inner Exception #2) System.TypeLoadException: Could not resolve type 'AspNetCoreGeneratedDocument.Pages_Widgets_Partials__ProductHighlight' in assembly 'TechVerse.Cms, Version=1.0.0.0, Culture=neutral, PublicKeyToken=null'.
   at System.Reflection.TypeNameParser.GetTypeFromDefaultAssemblies(String typeName, ReadOnlySpan`1 nestedTypeNames)
   at System.Reflection.TypeNameParser.GetType(String typeName, ReadOnlySpan`1 nestedTypeNames, String assemblyNameIfAny)
   at System.Reflection.TypeNameParser.NestedNamespaceTypeName.ResolveType(TypeNameParser& parser, String containingAssemblyIfAny)
   at System.Reflection.TypeNameParser.GetTypeHelper(Char* pTypeName, RuntimeAssembly requestingAssembly, Boolean throwOnError, Boolean requireAssemblyQualifiedName)
   at System.Reflection.CustomAttribute._CreateCaObject(RuntimeModule pModule, RuntimeType type, IRuntimeMethodInfo pCtor, Byte** ppBlob, Byte* pEndBlob, Int32* pcNamedArgs)
   at System.Reflection.CustomAttribute.AddCustomAttributes(ListBuilder`1& attributes, RuntimeModule decoratedModule, Int32 decoratedMetadataToken, RuntimeType attributeFilterType, Boolean mustBeInheritable, ListBuilder`1 derivedAttributes)
   at System.Reflection.CustomAttribute.GetCustomAttributes(RuntimeModule decoratedModule, Int32 decoratedMetadataToken, Int32 pcaCount, RuntimeType attributeFilterType)
   at System.Reflection.CustomAttribute.GetCustomAttributes(RuntimeMethodInfo method, RuntimeType caType, Boolean inherit)
   at System.Attribute.GetCustomAttributes(MemberInfo element, Type attributeType, Boolean inherit)
   at System.Diagnostics.StackTrace.TryResolveStateMachineMethod(MethodBase& method, Type& declaringType)
   at System.Diagnostics.StackTrace.ToString(TraceFormat traceFormat, StringBuilder sb)
   at System.Exception.get_StackTrace()
   at System.Exception.ToString()
   at System.Text.StringBuilder.Append(Object value)
   at Microsoft.Extensions.Logging.EventLog.EventLogLogger.Log[TState](LogLevel logLevel, EventId eventId, TState state, Exception exception, Func`3 formatter)
   at Microsoft.Extensions.Logging.Logger.<Log>g__LoggerLog|14_0[TState](LogLevel logLevel, EventId eventId, ILogger logger, Exception exception, Func`3 formatter, List`1& exceptions, TState& state)<---

2026-01-11 00:41:06.6973|Default|00-e65a418c7c993a262840bc60f4c2fd4e-0190f24f31a06eea-00|3|Microsoft.WebTools.BrowserLink.Net.BrowserLinkMiddleware|WARN|Unable to configure Browser Link script injection on the response.  
2026-01-11 00:41:06.7054|Default|00-e65a418c7c993a262840bc60f4c2fd4e-0190f24f31a06eea-00|3|Microsoft.AspNetCore.Watch.BrowserRefresh.BrowserRefreshMiddleware|WARN|Unable to configure browser refresh script injection on the response. Consider manually adding '<script src="/_framework/aspnetcore-browser-refresh.js"></script>' to the body of the page. 
2026-01-11 00:42:24.0237|Default|00-7003691d293952f3dab926accc61c93c-c051959023d0372a-00|1|Microsoft.AspNetCore.Diagnostics.DeveloperExceptionPageMiddleware|ERROR|An unhandled exception has occurred while executing the request. NLog message: Exception in NLog.LayoutRenderers.ExceptionLayoutRenderer.AppendToString(): System.TypeLoadException. 
2026-01-11 00:42:24.0534|Default|00-7003691d293952f3dab926accc61c93c-c051959023d0372a-00|2|Microsoft.AspNetCore.Server.IIS.Core.IISHttpServer|ERROR|Connection ID "17726168159905382868", Request ID "400001d5-0006-f600-b63f-84710c7967bb": An unhandled exception was thrown by the application. System.AggregateException: An error occurred while writing to logger(s). (Could not resolve type 'AspNetCoreGeneratedDocument.Pages_Widgets_Partials__ProductHighlight' in assembly 'TechVerse.Cms, Version=1.0.0.0, Culture=neutral, PublicKeyToken=null'.) (Could not resolve type 'AspNetCoreGeneratedDocument.Pages_Widgets_Partials__ProductHighlight' in assembly 'TechVerse.Cms, Version=1.0.0.0, Culture=neutral, PublicKeyToken=null'.) (Could not resolve type 'AspNetCoreGeneratedDocument.Pages_Widgets_Partials__ProductHighlight' in assembly 'TechVerse.Cms, Version=1.0.0.0, Culture=neutral, PublicKeyToken=null'.)
 ---> System.TypeLoadException: Could not resolve type 'AspNetCoreGeneratedDocument.Pages_Widgets_Partials__ProductHighlight' in assembly 'TechVerse.Cms, Version=1.0.0.0, Culture=neutral, PublicKeyToken=null'.
   at System.Reflection.TypeNameParser.GetTypeFromDefaultAssemblies(String typeName, ReadOnlySpan`1 nestedTypeNames)
   at System.Reflection.TypeNameParser.GetType(String typeName, ReadOnlySpan`1 nestedTypeNames, String assemblyNameIfAny)
   at System.Reflection.TypeNameParser.NestedNamespaceTypeName.ResolveType(TypeNameParser& parser, String containingAssemblyIfAny)
   at System.Reflection.TypeNameParser.GetTypeHelper(Char* pTypeName, RuntimeAssembly requestingAssembly, Boolean throwOnError, Boolean requireAssemblyQualifiedName)
   at System.Reflection.CustomAttribute._CreateCaObject(RuntimeModule pModule, RuntimeType type, IRuntimeMethodInfo pCtor, Byte** ppBlob, Byte* pEndBlob, Int32* pcNamedArgs)
   at System.Reflection.CustomAttribute.AddCustomAttributes(ListBuilder`1& attributes, RuntimeModule decoratedModule, Int32 decoratedMetadataToken, RuntimeType attributeFilterType, Boolean mustBeInheritable, ListBuilder`1 derivedAttributes)
   at System.Reflection.CustomAttribute.GetCustomAttributes(RuntimeModule decoratedModule, Int32 decoratedMetadataToken, Int32 pcaCount, RuntimeType attributeFilterType)
   at System.Reflection.CustomAttribute.GetCustomAttributes(RuntimeMethodInfo method, RuntimeType caType, Boolean inherit)
   at System.Attribute.GetCustomAttributes(MemberInfo element, Type attributeType, Boolean inherit)
   at System.Diagnostics.StackTrace.TryResolveStateMachineMethod(MethodBase& method, Type& declaringType)
   at System.Diagnostics.StackTrace.ToString(TraceFormat traceFormat, StringBuilder sb)
   at System.Exception.get_StackTrace()
   at System.Exception.ToString()
   at Microsoft.Extensions.Logging.Console.SimpleConsoleFormatter.CreateDefaultLogMessage[TState](TextWriter textWriter, LogEntry`1& logEntry, String message, IExternalScopeProvider scopeProvider)
   at Microsoft.Extensions.Logging.Console.SimpleConsoleFormatter.Write[TState](LogEntry`1& logEntry, IExternalScopeProvider scopeProvider, TextWriter textWriter)
   at Microsoft.Extensions.Logging.Console.ConsoleLogger.Log[TState](LogLevel logLevel, EventId eventId, TState state, Exception exception, Func`3 formatter)
   at Microsoft.Extensions.Logging.Logger.<Log>g__LoggerLog|14_0[TState](LogLevel logLevel, EventId eventId, ILogger logger, Exception exception, Func`3 formatter, List`1& exceptions, TState& state)
   --- End of inner exception stack trace ---
 ---> (Inner Exception #1) System.TypeLoadException: Could not resolve type 'AspNetCoreGeneratedDocument.Pages_Widgets_Partials__ProductHighlight' in assembly 'TechVerse.Cms, Version=1.0.0.0, Culture=neutral, PublicKeyToken=null'.
   at System.Reflection.TypeNameParser.GetTypeFromDefaultAssemblies(String typeName, ReadOnlySpan`1 nestedTypeNames)
   at System.Reflection.TypeNameParser.GetType(String typeName, ReadOnlySpan`1 nestedTypeNames, String assemblyNameIfAny)
   at System.Reflection.TypeNameParser.NestedNamespaceTypeName.ResolveType(TypeNameParser& parser, String containingAssemblyIfAny)
   at System.Reflection.TypeNameParser.GetTypeHelper(Char* pTypeName, RuntimeAssembly requestingAssembly, Boolean throwOnError, Boolean requireAssemblyQualifiedName)
   at System.Reflection.CustomAttribute._CreateCaObject(RuntimeModule pModule, RuntimeType type, IRuntimeMethodInfo pCtor, Byte** ppBlob, Byte* pEndBlob, Int32* pcNamedArgs)
   at System.Reflection.CustomAttribute.AddCustomAttributes(ListBuilder`1& attributes, RuntimeModule decoratedModule, Int32 decoratedMetadataToken, RuntimeType attributeFilterType, Boolean mustBeInheritable, ListBuilder`1 derivedAttributes)
   at System.Reflection.CustomAttribute.GetCustomAttributes(RuntimeModule decoratedModule, Int32 decoratedMetadataToken, Int32 pcaCount, RuntimeType attributeFilterType)
   at System.Reflection.CustomAttribute.GetCustomAttributes(RuntimeMethodInfo method, RuntimeType caType, Boolean inherit)
   at System.Attribute.GetCustomAttributes(MemberInfo element, Type attributeType, Boolean inherit)
   at System.Diagnostics.StackTrace.TryResolveStateMachineMethod(MethodBase& method, Type& declaringType)
   at System.Diagnostics.StackTrace.ToString(TraceFormat traceFormat, StringBuilder sb)
   at System.Exception.get_StackTrace()
   at System.Exception.ToString()
   at Microsoft.Extensions.Logging.Debug.DebugLogger.Log[TState](LogLevel logLevel, EventId eventId, TState state, Exception exception, Func`3 formatter)
   at Microsoft.Extensions.Logging.Logger.<Log>g__LoggerLog|14_0[TState](LogLevel logLevel, EventId eventId, ILogger logger, Exception exception, Func`3 formatter, List`1& exceptions, TState& state)<---

 ---> (Inner Exception #2) System.TypeLoadException: Could not resolve type 'AspNetCoreGeneratedDocument.Pages_Widgets_Partials__ProductHighlight' in assembly 'TechVerse.Cms, Version=1.0.0.0, Culture=neutral, PublicKeyToken=null'.
   at System.Reflection.TypeNameParser.GetTypeFromDefaultAssemblies(String typeName, ReadOnlySpan`1 nestedTypeNames)
   at System.Reflection.TypeNameParser.GetType(String typeName, ReadOnlySpan`1 nestedTypeNames, String assemblyNameIfAny)
   at System.Reflection.TypeNameParser.NestedNamespaceTypeName.ResolveType(TypeNameParser& parser, String containingAssemblyIfAny)
   at System.Reflection.TypeNameParser.GetTypeHelper(Char* pTypeName, RuntimeAssembly requestingAssembly, Boolean throwOnError, Boolean requireAssemblyQualifiedName)
   at System.Reflection.CustomAttribute._CreateCaObject(RuntimeModule pModule, RuntimeType type, IRuntimeMethodInfo pCtor, Byte** ppBlob, Byte* pEndBlob, Int32* pcNamedArgs)
   at System.Reflection.CustomAttribute.AddCustomAttributes(ListBuilder`1& attributes, RuntimeModule decoratedModule, Int32 decoratedMetadataToken, RuntimeType attributeFilterType, Boolean mustBeInheritable, ListBuilder`1 derivedAttributes)
   at System.Reflection.CustomAttribute.GetCustomAttributes(RuntimeModule decoratedModule, Int32 decoratedMetadataToken, Int32 pcaCount, RuntimeType attributeFilterType)
   at System.Reflection.CustomAttribute.GetCustomAttributes(RuntimeMethodInfo method, RuntimeType caType, Boolean inherit)
   at System.Attribute.GetCustomAttributes(MemberInfo element, Type attributeType, Boolean inherit)
   at System.Diagnostics.StackTrace.TryResolveStateMachineMethod(MethodBase& method, Type& declaringType)
   at System.Diagnostics.StackTrace.ToString(TraceFormat traceFormat, StringBuilder sb)
   at System.Exception.get_StackTrace()
   at System.Exception.ToString()
   at System.Text.StringBuilder.Append(Object value)
   at Microsoft.Extensions.Logging.EventLog.EventLogLogger.Log[TState](LogLevel logLevel, EventId eventId, TState state, Exception exception, Func`3 formatter)
   at Microsoft.Extensions.Logging.Logger.<Log>g__LoggerLog|14_0[TState](LogLevel logLevel, EventId eventId, ILogger logger, Exception exception, Func`3 formatter, List`1& exceptions, TState& state)<---

2026-01-11 00:42:54.9775|Default|00-7e6514010583405bc1bdceb99532cc8e-78670a74cb3a8f58-00|1|Microsoft.AspNetCore.Diagnostics.DeveloperExceptionPageMiddleware|ERROR|An unhandled exception has occurred while executing the request. NLog message: Exception in NLog.LayoutRenderers.ExceptionLayoutRenderer.AppendToString(): System.TypeLoadException. 
2026-01-11 00:42:55.0184|Default|00-7e6514010583405bc1bdceb99532cc8e-78670a74cb3a8f58-00|2|Microsoft.AspNetCore.Server.IIS.Core.IISHttpServer|ERROR|Connection ID "17582052954649657576", Request ID "400000e9-0002-f400-b63f-84710c7967bb": An unhandled exception was thrown by the application. System.AggregateException: An error occurred while writing to logger(s). (Could not resolve type 'AspNetCoreGeneratedDocument.Pages_Widgets_Partials__ProductHighlight' in assembly 'TechVerse.Cms, Version=1.0.0.0, Culture=neutral, PublicKeyToken=null'.) (Could not resolve type 'AspNetCoreGeneratedDocument.Pages_Widgets_Partials__ProductHighlight' in assembly 'TechVerse.Cms, Version=1.0.0.0, Culture=neutral, PublicKeyToken=null'.) (Could not resolve type 'AspNetCoreGeneratedDocument.Pages_Widgets_Partials__ProductHighlight' in assembly 'TechVerse.Cms, Version=1.0.0.0, Culture=neutral, PublicKeyToken=null'.)
 ---> System.TypeLoadException: Could not resolve type 'AspNetCoreGeneratedDocument.Pages_Widgets_Partials__ProductHighlight' in assembly 'TechVerse.Cms, Version=1.0.0.0, Culture=neutral, PublicKeyToken=null'.
   at System.Reflection.TypeNameParser.GetTypeFromDefaultAssemblies(String typeName, ReadOnlySpan`1 nestedTypeNames)
   at System.Reflection.TypeNameParser.GetType(String typeName, ReadOnlySpan`1 nestedTypeNames, String assemblyNameIfAny)
   at System.Reflection.TypeNameParser.NestedNamespaceTypeName.ResolveType(TypeNameParser& parser, String containingAssemblyIfAny)
   at System.Reflection.TypeNameParser.GetTypeHelper(Char* pTypeName, RuntimeAssembly requestingAssembly, Boolean throwOnError, Boolean requireAssemblyQualifiedName)
   at System.Reflection.CustomAttribute._CreateCaObject(RuntimeModule pModule, RuntimeType type, IRuntimeMethodInfo pCtor, Byte** ppBlob, Byte* pEndBlob, Int32* pcNamedArgs)
   at System.Reflection.CustomAttribute.AddCustomAttributes(ListBuilder`1& attributes, RuntimeModule decoratedModule, Int32 decoratedMetadataToken, RuntimeType attributeFilterType, Boolean mustBeInheritable, ListBuilder`1 derivedAttributes)
   at System.Reflection.CustomAttribute.GetCustomAttributes(RuntimeModule decoratedModule, Int32 decoratedMetadataToken, Int32 pcaCount, RuntimeType attributeFilterType)
   at System.Reflection.CustomAttribute.GetCustomAttributes(RuntimeMethodInfo method, RuntimeType caType, Boolean inherit)
   at System.Attribute.GetCustomAttributes(MemberInfo element, Type attributeType, Boolean inherit)
   at System.Diagnostics.StackTrace.TryResolveStateMachineMethod(MethodBase& method, Type& declaringType)
   at System.Diagnostics.StackTrace.ToString(TraceFormat traceFormat, StringBuilder sb)
   at System.Exception.get_StackTrace()
   at System.Exception.ToString()
   at Microsoft.Extensions.Logging.Console.SimpleConsoleFormatter.CreateDefaultLogMessage[TState](TextWriter textWriter, LogEntry`1& logEntry, String message, IExternalScopeProvider scopeProvider)
   at Microsoft.Extensions.Logging.Console.SimpleConsoleFormatter.Write[TState](LogEntry`1& logEntry, IExternalScopeProvider scopeProvider, TextWriter textWriter)
   at Microsoft.Extensions.Logging.Console.ConsoleLogger.Log[TState](LogLevel logLevel, EventId eventId, TState state, Exception exception, Func`3 formatter)
   at Microsoft.Extensions.Logging.Logger.<Log>g__LoggerLog|14_0[TState](LogLevel logLevel, EventId eventId, ILogger logger, Exception exception, Func`3 formatter, List`1& exceptions, TState& state)
   --- End of inner exception stack trace ---
 ---> (Inner Exception #1) System.TypeLoadException: Could not resolve type 'AspNetCoreGeneratedDocument.Pages_Widgets_Partials__ProductHighlight' in assembly 'TechVerse.Cms, Version=1.0.0.0, Culture=neutral, PublicKeyToken=null'.
   at System.Reflection.TypeNameParser.GetTypeFromDefaultAssemblies(String typeName, ReadOnlySpan`1 nestedTypeNames)
   at System.Reflection.TypeNameParser.GetType(String typeName, ReadOnlySpan`1 nestedTypeNames, String assemblyNameIfAny)
   at System.Reflection.TypeNameParser.NestedNamespaceTypeName.ResolveType(TypeNameParser& parser, String containingAssemblyIfAny)
   at System.Reflection.TypeNameParser.GetTypeHelper(Char* pTypeName, RuntimeAssembly requestingAssembly, Boolean throwOnError, Boolean requireAssemblyQualifiedName)
   at System.Reflection.CustomAttribute._CreateCaObject(RuntimeModule pModule, RuntimeType type, IRuntimeMethodInfo pCtor, Byte** ppBlob, Byte* pEndBlob, Int32* pcNamedArgs)
   at System.Reflection.CustomAttribute.AddCustomAttributes(ListBuilder`1& attributes, RuntimeModule decoratedModule, Int32 decoratedMetadataToken, RuntimeType attributeFilterType, Boolean mustBeInheritable, ListBuilder`1 derivedAttributes)
   at System.Reflection.CustomAttribute.GetCustomAttributes(RuntimeModule decoratedModule, Int32 decoratedMetadataToken, Int32 pcaCount, RuntimeType attributeFilterType)
   at System.Reflection.CustomAttribute.GetCustomAttributes(RuntimeMethodInfo method, RuntimeType caType, Boolean inherit)
   at System.Attribute.GetCustomAttributes(MemberInfo element, Type attributeType, Boolean inherit)
   at System.Diagnostics.StackTrace.TryResolveStateMachineMethod(MethodBase& method, Type& declaringType)
   at System.Diagnostics.StackTrace.ToString(TraceFormat traceFormat, StringBuilder sb)
   at System.Exception.get_StackTrace()
   at System.Exception.ToString()
   at Microsoft.Extensions.Logging.Debug.DebugLogger.Log[TState](LogLevel logLevel, EventId eventId, TState state, Exception exception, Func`3 formatter)
   at Microsoft.Extensions.Logging.Logger.<Log>g__LoggerLog|14_0[TState](LogLevel logLevel, EventId eventId, ILogger logger, Exception exception, Func`3 formatter, List`1& exceptions, TState& state)<---

 ---> (Inner Exception #2) System.TypeLoadException: Could not resolve type 'AspNetCoreGeneratedDocument.Pages_Widgets_Partials__ProductHighlight' in assembly 'TechVerse.Cms, Version=1.0.0.0, Culture=neutral, PublicKeyToken=null'.
   at System.Reflection.TypeNameParser.GetTypeFromDefaultAssemblies(String typeName, ReadOnlySpan`1 nestedTypeNames)
   at System.Reflection.TypeNameParser.GetType(String typeName, ReadOnlySpan`1 nestedTypeNames, String assemblyNameIfAny)
   at System.Reflection.TypeNameParser.NestedNamespaceTypeName.ResolveType(TypeNameParser& parser, String containingAssemblyIfAny)
   at System.Reflection.TypeNameParser.GetTypeHelper(Char* pTypeName, RuntimeAssembly requestingAssembly, Boolean throwOnError, Boolean requireAssemblyQualifiedName)
   at System.Reflection.CustomAttribute._CreateCaObject(RuntimeModule pModule, RuntimeType type, IRuntimeMethodInfo pCtor, Byte** ppBlob, Byte* pEndBlob, Int32* pcNamedArgs)
   at System.Reflection.CustomAttribute.AddCustomAttributes(ListBuilder`1& attributes, RuntimeModule decoratedModule, Int32 decoratedMetadataToken, RuntimeType attributeFilterType, Boolean mustBeInheritable, ListBuilder`1 derivedAttributes)
   at System.Reflection.CustomAttribute.GetCustomAttributes(RuntimeModule decoratedModule, Int32 decoratedMetadataToken, Int32 pcaCount, RuntimeType attributeFilterType)
   at System.Reflection.CustomAttribute.GetCustomAttributes(RuntimeMethodInfo method, RuntimeType caType, Boolean inherit)
   at System.Attribute.GetCustomAttributes(MemberInfo element, Type attributeType, Boolean inherit)
   at System.Diagnostics.StackTrace.TryResolveStateMachineMethod(MethodBase& method, Type& declaringType)
   at System.Diagnostics.StackTrace.ToString(TraceFormat traceFormat, StringBuilder sb)
   at System.Exception.get_StackTrace()
   at System.Exception.ToString()
   at System.Text.StringBuilder.Append(Object value)
   at Microsoft.Extensions.Logging.EventLog.EventLogLogger.Log[TState](LogLevel logLevel, EventId eventId, TState state, Exception exception, Func`3 formatter)
   at Microsoft.Extensions.Logging.Logger.<Log>g__LoggerLog|14_0[TState](LogLevel logLevel, EventId eventId, ILogger logger, Exception exception, Func`3 formatter, List`1& exceptions, TState& state)<---

2026-01-11 00:42:55.7917|Default|00-4f2bb59ff035ae6b79f31aff5969ee57-92a2a81a459130e0-00|1|Microsoft.AspNetCore.Diagnostics.DeveloperExceptionPageMiddleware|ERROR|An unhandled exception has occurred while executing the request. NLog message: Exception in NLog.LayoutRenderers.ExceptionLayoutRenderer.AppendToString(): System.TypeLoadException. 
2026-01-11 00:42:55.8283|Default|00-4f2bb59ff035ae6b79f31aff5969ee57-92a2a81a459130e0-00|2|Microsoft.AspNetCore.Server.IIS.Core.IISHttpServer|ERROR|Connection ID "17582052954649657578", Request ID "400000eb-0002-f400-b63f-84710c7967bb": An unhandled exception was thrown by the application. System.AggregateException: An error occurred while writing to logger(s). (Could not resolve type 'AspNetCoreGeneratedDocument.Pages_Widgets_Partials__ProductHighlight' in assembly 'TechVerse.Cms, Version=1.0.0.0, Culture=neutral, PublicKeyToken=null'.) (Could not resolve type 'AspNetCoreGeneratedDocument.Pages_Widgets_Partials__ProductHighlight' in assembly 'TechVerse.Cms, Version=1.0.0.0, Culture=neutral, PublicKeyToken=null'.) (Could not resolve type 'AspNetCoreGeneratedDocument.Pages_Widgets_Partials__ProductHighlight' in assembly 'TechVerse.Cms, Version=1.0.0.0, Culture=neutral, PublicKeyToken=null'.)
 ---> System.TypeLoadException: Could not resolve type 'AspNetCoreGeneratedDocument.Pages_Widgets_Partials__ProductHighlight' in assembly 'TechVerse.Cms, Version=1.0.0.0, Culture=neutral, PublicKeyToken=null'.
   at System.Reflection.TypeNameParser.GetTypeFromDefaultAssemblies(String typeName, ReadOnlySpan`1 nestedTypeNames)
   at System.Reflection.TypeNameParser.GetType(String typeName, ReadOnlySpan`1 nestedTypeNames, String assemblyNameIfAny)
   at System.Reflection.TypeNameParser.NestedNamespaceTypeName.ResolveType(TypeNameParser& parser, String containingAssemblyIfAny)
   at System.Reflection.TypeNameParser.GetTypeHelper(Char* pTypeName, RuntimeAssembly requestingAssembly, Boolean throwOnError, Boolean requireAssemblyQualifiedName)
   at System.Reflection.CustomAttribute._CreateCaObject(RuntimeModule pModule, RuntimeType type, IRuntimeMethodInfo pCtor, Byte** ppBlob, Byte* pEndBlob, Int32* pcNamedArgs)
   at System.Reflection.CustomAttribute.AddCustomAttributes(ListBuilder`1& attributes, RuntimeModule decoratedModule, Int32 decoratedMetadataToken, RuntimeType attributeFilterType, Boolean mustBeInheritable, ListBuilder`1 derivedAttributes)
   at System.Reflection.CustomAttribute.GetCustomAttributes(RuntimeModule decoratedModule, Int32 decoratedMetadataToken, Int32 pcaCount, RuntimeType attributeFilterType)
   at System.Reflection.CustomAttribute.GetCustomAttributes(RuntimeMethodInfo method, RuntimeType caType, Boolean inherit)
   at System.Attribute.GetCustomAttributes(MemberInfo element, Type attributeType, Boolean inherit)
   at System.Diagnostics.StackTrace.TryResolveStateMachineMethod(MethodBase& method, Type& declaringType)
   at System.Diagnostics.StackTrace.ToString(TraceFormat traceFormat, StringBuilder sb)
   at System.Exception.get_StackTrace()
   at System.Exception.ToString()
   at Microsoft.Extensions.Logging.Console.SimpleConsoleFormatter.CreateDefaultLogMessage[TState](TextWriter textWriter, LogEntry`1& logEntry, String message, IExternalScopeProvider scopeProvider)
   at Microsoft.Extensions.Logging.Console.SimpleConsoleFormatter.Write[TState](LogEntry`1& logEntry, IExternalScopeProvider scopeProvider, TextWriter textWriter)
   at Microsoft.Extensions.Logging.Console.ConsoleLogger.Log[TState](LogLevel logLevel, EventId eventId, TState state, Exception exception, Func`3 formatter)
   at Microsoft.Extensions.Logging.Logger.<Log>g__LoggerLog|14_0[TState](LogLevel logLevel, EventId eventId, ILogger logger, Exception exception, Func`3 formatter, List`1& exceptions, TState& state)
   --- End of inner exception stack trace ---
 ---> (Inner Exception #1) System.TypeLoadException: Could not resolve type 'AspNetCoreGeneratedDocument.Pages_Widgets_Partials__ProductHighlight' in assembly 'TechVerse.Cms, Version=1.0.0.0, Culture=neutral, PublicKeyToken=null'.
   at System.Reflection.TypeNameParser.GetTypeFromDefaultAssemblies(String typeName, ReadOnlySpan`1 nestedTypeNames)
   at System.Reflection.TypeNameParser.GetType(String typeName, ReadOnlySpan`1 nestedTypeNames, String assemblyNameIfAny)
   at System.Reflection.TypeNameParser.NestedNamespaceTypeName.ResolveType(TypeNameParser& parser, String containingAssemblyIfAny)
   at System.Reflection.TypeNameParser.GetTypeHelper(Char* pTypeName, RuntimeAssembly requestingAssembly, Boolean throwOnError, Boolean requireAssemblyQualifiedName)
   at System.Reflection.CustomAttribute._CreateCaObject(RuntimeModule pModule, RuntimeType type, IRuntimeMethodInfo pCtor, Byte** ppBlob, Byte* pEndBlob, Int32* pcNamedArgs)
   at System.Reflection.CustomAttribute.AddCustomAttributes(ListBuilder`1& attributes, RuntimeModule decoratedModule, Int32 decoratedMetadataToken, RuntimeType attributeFilterType, Boolean mustBeInheritable, ListBuilder`1 derivedAttributes)
   at System.Reflection.CustomAttribute.GetCustomAttributes(RuntimeModule decoratedModule, Int32 decoratedMetadataToken, Int32 pcaCount, RuntimeType attributeFilterType)
   at System.Reflection.CustomAttribute.GetCustomAttributes(RuntimeMethodInfo method, RuntimeType caType, Boolean inherit)
   at System.Attribute.GetCustomAttributes(MemberInfo element, Type attributeType, Boolean inherit)
   at System.Diagnostics.StackTrace.TryResolveStateMachineMethod(MethodBase& method, Type& declaringType)
   at System.Diagnostics.StackTrace.ToString(TraceFormat traceFormat, StringBuilder sb)
   at System.Exception.get_StackTrace()
   at System.Exception.ToString()
   at Microsoft.Extensions.Logging.Debug.DebugLogger.Log[TState](LogLevel logLevel, EventId eventId, TState state, Exception exception, Func`3 formatter)
   at Microsoft.Extensions.Logging.Logger.<Log>g__LoggerLog|14_0[TState](LogLevel logLevel, EventId eventId, ILogger logger, Exception exception, Func`3 formatter, List`1& exceptions, TState& state)<---

 ---> (Inner Exception #2) System.TypeLoadException: Could not resolve type 'AspNetCoreGeneratedDocument.Pages_Widgets_Partials__ProductHighlight' in assembly 'TechVerse.Cms, Version=1.0.0.0, Culture=neutral, PublicKeyToken=null'.
   at System.Reflection.TypeNameParser.GetTypeFromDefaultAssemblies(String typeName, ReadOnlySpan`1 nestedTypeNames)
   at System.Reflection.TypeNameParser.GetType(String typeName, ReadOnlySpan`1 nestedTypeNames, String assemblyNameIfAny)
   at System.Reflection.TypeNameParser.NestedNamespaceTypeName.ResolveType(TypeNameParser& parser, String containingAssemblyIfAny)
   at System.Reflection.TypeNameParser.GetTypeHelper(Char* pTypeName, RuntimeAssembly requestingAssembly, Boolean throwOnError, Boolean requireAssemblyQualifiedName)
   at System.Reflection.CustomAttribute._CreateCaObject(RuntimeModule pModule, RuntimeType type, IRuntimeMethodInfo pCtor, Byte** ppBlob, Byte* pEndBlob, Int32* pcNamedArgs)
   at System.Reflection.CustomAttribute.AddCustomAttributes(ListBuilder`1& attributes, RuntimeModule decoratedModule, Int32 decoratedMetadataToken, RuntimeType attributeFilterType, Boolean mustBeInheritable, ListBuilder`1 derivedAttributes)
   at System.Reflection.CustomAttribute.GetCustomAttributes(RuntimeModule decoratedModule, Int32 decoratedMetadataToken, Int32 pcaCount, RuntimeType attributeFilterType)
   at System.Reflection.CustomAttribute.GetCustomAttributes(RuntimeMethodInfo method, RuntimeType caType, Boolean inherit)
   at System.Attribute.GetCustomAttributes(MemberInfo element, Type attributeType, Boolean inherit)
   at System.Diagnostics.StackTrace.TryResolveStateMachineMethod(MethodBase& method, Type& declaringType)
   at System.Diagnostics.StackTrace.ToString(TraceFormat traceFormat, StringBuilder sb)
   at System.Exception.get_StackTrace()
   at System.Exception.ToString()
   at System.Text.StringBuilder.Append(Object value)
   at Microsoft.Extensions.Logging.EventLog.EventLogLogger.Log[TState](LogLevel logLevel, EventId eventId, TState state, Exception exception, Func`3 formatter)
   at Microsoft.Extensions.Logging.Logger.<Log>g__LoggerLog|14_0[TState](LogLevel logLevel, EventId eventId, ILogger logger, Exception exception, Func`3 formatter, List`1& exceptions, TState& state)<---

2026-01-11 00:43:12.3368|Default|00-d013e4dc54629e8717bf30e002a77e8d-6b7eee1c2083c777-00|1|Microsoft.AspNetCore.Diagnostics.DeveloperExceptionPageMiddleware|ERROR|An unhandled exception has occurred while executing the request. NLog message: Exception in NLog.LayoutRenderers.ExceptionLayoutRenderer.AppendToString(): System.TypeLoadException. 
2026-01-11 00:43:12.3737|Default|00-d013e4dc54629e8717bf30e002a77e8d-6b7eee1c2083c777-00|2|Microsoft.AspNetCore.Server.IIS.Core.IISHttpServer|ERROR|Connection ID "17798225728173506826", Request ID "4000010b-0000-f700-b63f-84710c7967bb": An unhandled exception was thrown by the application. System.AggregateException: An error occurred while writing to logger(s). (Could not resolve type 'AspNetCoreGeneratedDocument.Pages_Widgets_Partials__ProductHighlight' in assembly 'TechVerse.Cms, Version=1.0.0.0, Culture=neutral, PublicKeyToken=null'.) (Could not resolve type 'AspNetCoreGeneratedDocument.Pages_Widgets_Partials__ProductHighlight' in assembly 'TechVerse.Cms, Version=1.0.0.0, Culture=neutral, PublicKeyToken=null'.) (Could not resolve type 'AspNetCoreGeneratedDocument.Pages_Widgets_Partials__ProductHighlight' in assembly 'TechVerse.Cms, Version=1.0.0.0, Culture=neutral, PublicKeyToken=null'.)
 ---> System.TypeLoadException: Could not resolve type 'AspNetCoreGeneratedDocument.Pages_Widgets_Partials__ProductHighlight' in assembly 'TechVerse.Cms, Version=1.0.0.0, Culture=neutral, PublicKeyToken=null'.
   at System.Reflection.TypeNameParser.GetTypeFromDefaultAssemblies(String typeName, ReadOnlySpan`1 nestedTypeNames)
   at System.Reflection.TypeNameParser.GetType(String typeName, ReadOnlySpan`1 nestedTypeNames, String assemblyNameIfAny)
   at System.Reflection.TypeNameParser.NestedNamespaceTypeName.ResolveType(TypeNameParser& parser, String containingAssemblyIfAny)
   at System.Reflection.TypeNameParser.GetTypeHelper(Char* pTypeName, RuntimeAssembly requestingAssembly, Boolean throwOnError, Boolean requireAssemblyQualifiedName)
   at System.Reflection.CustomAttribute._CreateCaObject(RuntimeModule pModule, RuntimeType type, IRuntimeMethodInfo pCtor, Byte** ppBlob, Byte* pEndBlob, Int32* pcNamedArgs)
   at System.Reflection.CustomAttribute.AddCustomAttributes(ListBuilder`1& attributes, RuntimeModule decoratedModule, Int32 decoratedMetadataToken, RuntimeType attributeFilterType, Boolean mustBeInheritable, ListBuilder`1 derivedAttributes)
   at System.Reflection.CustomAttribute.GetCustomAttributes(RuntimeModule decoratedModule, Int32 decoratedMetadataToken, Int32 pcaCount, RuntimeType attributeFilterType)
   at System.Reflection.CustomAttribute.GetCustomAttributes(RuntimeMethodInfo method, RuntimeType caType, Boolean inherit)
   at System.Attribute.GetCustomAttributes(MemberInfo element, Type attributeType, Boolean inherit)
   at System.Diagnostics.StackTrace.TryResolveStateMachineMethod(MethodBase& method, Type& declaringType)
   at System.Diagnostics.StackTrace.ToString(TraceFormat traceFormat, StringBuilder sb)
   at System.Exception.get_StackTrace()
   at System.Exception.ToString()
   at Microsoft.Extensions.Logging.Console.SimpleConsoleFormatter.CreateDefaultLogMessage[TState](TextWriter textWriter, LogEntry`1& logEntry, String message, IExternalScopeProvider scopeProvider)
   at Microsoft.Extensions.Logging.Console.SimpleConsoleFormatter.Write[TState](LogEntry`1& logEntry, IExternalScopeProvider scopeProvider, TextWriter textWriter)
   at Microsoft.Extensions.Logging.Console.ConsoleLogger.Log[TState](LogLevel logLevel, EventId eventId, TState state, Exception exception, Func`3 formatter)
   at Microsoft.Extensions.Logging.Logger.<Log>g__LoggerLog|14_0[TState](LogLevel logLevel, EventId eventId, ILogger logger, Exception exception, Func`3 formatter, List`1& exceptions, TState& state)
   --- End of inner exception stack trace ---
 ---> (Inner Exception #1) System.TypeLoadException: Could not resolve type 'AspNetCoreGeneratedDocument.Pages_Widgets_Partials__ProductHighlight' in assembly 'TechVerse.Cms, Version=1.0.0.0, Culture=neutral, PublicKeyToken=null'.
   at System.Reflection.TypeNameParser.GetTypeFromDefaultAssemblies(String typeName, ReadOnlySpan`1 nestedTypeNames)
   at System.Reflection.TypeNameParser.GetType(String typeName, ReadOnlySpan`1 nestedTypeNames, String assemblyNameIfAny)
   at System.Reflection.TypeNameParser.NestedNamespaceTypeName.ResolveType(TypeNameParser& parser, String containingAssemblyIfAny)
   at System.Reflection.TypeNameParser.GetTypeHelper(Char* pTypeName, RuntimeAssembly requestingAssembly, Boolean throwOnError, Boolean requireAssemblyQualifiedName)
   at System.Reflection.CustomAttribute._CreateCaObject(RuntimeModule pModule, RuntimeType type, IRuntimeMethodInfo pCtor, Byte** ppBlob, Byte* pEndBlob, Int32* pcNamedArgs)
   at System.Reflection.CustomAttribute.AddCustomAttributes(ListBuilder`1& attributes, RuntimeModule decoratedModule, Int32 decoratedMetadataToken, RuntimeType attributeFilterType, Boolean mustBeInheritable, ListBuilder`1 derivedAttributes)
   at System.Reflection.CustomAttribute.GetCustomAttributes(RuntimeModule decoratedModule, Int32 decoratedMetadataToken, Int32 pcaCount, RuntimeType attributeFilterType)
   at System.Reflection.CustomAttribute.GetCustomAttributes(RuntimeMethodInfo method, RuntimeType caType, Boolean inherit)
   at System.Attribute.GetCustomAttributes(MemberInfo element, Type attributeType, Boolean inherit)
   at System.Diagnostics.StackTrace.TryResolveStateMachineMethod(MethodBase& method, Type& declaringType)
   at System.Diagnostics.StackTrace.ToString(TraceFormat traceFormat, StringBuilder sb)
   at System.Exception.get_StackTrace()
   at System.Exception.ToString()
   at Microsoft.Extensions.Logging.Debug.DebugLogger.Log[TState](LogLevel logLevel, EventId eventId, TState state, Exception exception, Func`3 formatter)
   at Microsoft.Extensions.Logging.Logger.<Log>g__LoggerLog|14_0[TState](LogLevel logLevel, EventId eventId, ILogger logger, Exception exception, Func`3 formatter, List`1& exceptions, TState& state)<---

 ---> (Inner Exception #2) System.TypeLoadException: Could not resolve type 'AspNetCoreGeneratedDocument.Pages_Widgets_Partials__ProductHighlight' in assembly 'TechVerse.Cms, Version=1.0.0.0, Culture=neutral, PublicKeyToken=null'.
   at System.Reflection.TypeNameParser.GetTypeFromDefaultAssemblies(String typeName, ReadOnlySpan`1 nestedTypeNames)
   at System.Reflection.TypeNameParser.GetType(String typeName, ReadOnlySpan`1 nestedTypeNames, String assemblyNameIfAny)
   at System.Reflection.TypeNameParser.NestedNamespaceTypeName.ResolveType(TypeNameParser& parser, String containingAssemblyIfAny)
   at System.Reflection.TypeNameParser.GetTypeHelper(Char* pTypeName, RuntimeAssembly requestingAssembly, Boolean throwOnError, Boolean requireAssemblyQualifiedName)
   at System.Reflection.CustomAttribute._CreateCaObject(RuntimeModule pModule, RuntimeType type, IRuntimeMethodInfo pCtor, Byte** ppBlob, Byte* pEndBlob, Int32* pcNamedArgs)
   at System.Reflection.CustomAttribute.AddCustomAttributes(ListBuilder`1& attributes, RuntimeModule decoratedModule, Int32 decoratedMetadataToken, RuntimeType attributeFilterType, Boolean mustBeInheritable, ListBuilder`1 derivedAttributes)
   at System.Reflection.CustomAttribute.GetCustomAttributes(RuntimeModule decoratedModule, Int32 decoratedMetadataToken, Int32 pcaCount, RuntimeType attributeFilterType)
   at System.Reflection.CustomAttribute.GetCustomAttributes(RuntimeMethodInfo method, RuntimeType caType, Boolean inherit)
   at System.Attribute.GetCustomAttributes(MemberInfo element, Type attributeType, Boolean inherit)
   at System.Diagnostics.StackTrace.TryResolveStateMachineMethod(MethodBase& method, Type& declaringType)
   at System.Diagnostics.StackTrace.ToString(TraceFormat traceFormat, StringBuilder sb)
   at System.Exception.get_StackTrace()
   at System.Exception.ToString()
   at System.Text.StringBuilder.Append(Object value)
   at Microsoft.Extensions.Logging.EventLog.EventLogLogger.Log[TState](LogLevel logLevel, EventId eventId, TState state, Exception exception, Func`3 formatter)
   at Microsoft.Extensions.Logging.Logger.<Log>g__LoggerLog|14_0[TState](LogLevel logLevel, EventId eventId, ILogger logger, Exception exception, Func`3 formatter, List`1& exceptions, TState& state)<---

2026-01-11 00:43:38.0408||||Microsoft.Hosting.Lifetime|INFO|Application started. Press Ctrl+C to shut down. 
2026-01-11 00:43:38.0901||||Microsoft.Hosting.Lifetime|INFO|Hosting environment: Development 
2026-01-11 00:43:38.0965||||Microsoft.Hosting.Lifetime|INFO|Content root path: C:\Users\Wanwi\OneDrive\Desktop\TechVerse\TechVerse.Cms 
2026-01-11 00:43:45.8030|Default|00-54dbac63824f8584607d297acd6343e7-11cd6786d489b645-00|1|Microsoft.AspNetCore.Diagnostics.DeveloperExceptionPageMiddleware|ERROR|An unhandled exception has occurred while executing the request. System.MissingMethodException: Method 'System.Text.Json.Nodes.JsonArray.FirstOrDefault' not found.
   at System.RuntimeType.InvokeMember(String name, BindingFlags bindingFlags, Binder binder, Object target, Object[] providedArgs, ParameterModifier[] modifiers, CultureInfo culture, String[] namedParams)
   at System.Type.InvokeMember(String name, BindingFlags invokeAttr, Binder binder, Object target, Object[] args)
   at System.Text.Json.Dynamic.JsonDynamicArray.TryInvokeMember(InvokeMemberBinder binder, Object[] args, Object& result)
   at CallSite.Target(Closure, CallSite, Object)
   at System.Dynamic.UpdateDelegates.UpdateAndExecute1[T0,TRet](CallSite site, T0 arg0)
   at AspNetCoreGeneratedDocument.Pages_Widgets_Partials__ProductHighlight.ExecuteAsync() in C:\Users\Wanwi\OneDrive\Desktop\TechVerse\TechVerse.Cms\Pages\Widgets\Partials\_ProductHighlight.cshtml:line 43
   at Microsoft.AspNetCore.Mvc.Razor.RazorView.RenderPageCoreAsync(IRazorPage page, ViewContext context)
   at Microsoft.AspNetCore.Mvc.Razor.RazorView.RenderPageAsync(IRazorPage page, ViewContext context, Boolean invokeViewStarts)
   at Microsoft.AspNetCore.Mvc.Razor.RazorView.RenderAsync(ViewContext context)
   at Microsoft.AspNetCore.Mvc.ViewFeatures.HtmlHelper.RenderPartialCoreAsync(String partialViewName, Object model, ViewDataDictionary viewData, TextWriter writer)
   at Microsoft.AspNetCore.Mvc.ViewFeatures.HtmlHelper.PartialAsync(String partialViewName, Object model, ViewDataDictionary viewData)
   at AspNetCoreGeneratedDocument.Pages_Home_Index.ExecuteAsync() in C:\Users\Wanwi\OneDrive\Desktop\TechVerse\TechVerse.Cms\Pages\Home\Index.cshtml:line 36
   at Microsoft.AspNetCore.Mvc.Razor.RazorView.RenderPageCoreAsync(IRazorPage page, ViewContext context)
   at Microsoft.AspNetCore.Mvc.Razor.RazorView.RenderPageAsync(IRazorPage page, ViewContext context, Boolean invokeViewStarts)
   at Microsoft.AspNetCore.Mvc.Razor.RazorView.RenderAsync(ViewContext context)
   at Microsoft.AspNetCore.Mvc.ViewFeatures.ViewExecutor.ExecuteAsync(ViewContext viewContext, String contentType, Nullable`1 statusCode)
   at Microsoft.AspNetCore.Mvc.ViewFeatures.ViewExecutor.ExecuteAsync(ViewContext viewContext, String contentType, Nullable`1 statusCode)
   at Microsoft.AspNetCore.Mvc.Infrastructure.ResourceInvoker.<InvokeNextResultFilterAsync>g__Awaited|30_0[TFilter,TFilterAsync](ResourceInvoker invoker, Task lastTask, State next, Scope scope, Object state, Boolean isCompleted)
   at Microsoft.AspNetCore.Mvc.Infrastructure.ResourceInvoker.Rethrow(ResultExecutedContextSealed context)
   at Microsoft.AspNetCore.Mvc.Infrastructure.ResourceInvoker.ResultNext[TFilter,TFilterAsync](State& next, Scope& scope, Object& state, Boolean& isCompleted)
   at Microsoft.AspNetCore.Mvc.Infrastructure.ResourceInvoker.<InvokeResultFilters>g__Awaited|28_0(ResourceInvoker invoker, Task lastTask, State next, Scope scope, Object state, Boolean isCompleted)
   at Microsoft.AspNetCore.Mvc.Infrastructure.ResourceInvoker.<InvokeNextResourceFilter>g__Awaited|25_0(ResourceInvoker invoker, Task lastTask, State next, Scope scope, Object state, Boolean isCompleted)
   at Microsoft.AspNetCore.Mvc.Infrastructure.ResourceInvoker.Rethrow(ResourceExecutedContextSealed context)
   at Microsoft.AspNetCore.Mvc.Infrastructure.ResourceInvoker.Next(State& next, Scope& scope, Object& state, Boolean& isCompleted)
   at Microsoft.AspNetCore.Mvc.Infrastructure.ResourceInvoker.<InvokeFilterPipelineAsync>g__Awaited|20_0(ResourceInvoker invoker, Task lastTask, State next, Scope scope, Object state, Boolean isCompleted)
   at Microsoft.AspNetCore.Mvc.Infrastructure.ResourceInvoker.<InvokeAsync>g__Awaited|17_0(ResourceInvoker invoker, Task task, IDisposable scope)
   at Microsoft.AspNetCore.Mvc.Infrastructure.ResourceInvoker.<InvokeAsync>g__Awaited|17_0(ResourceInvoker invoker, Task task, IDisposable scope)
   at Swashbuckle.AspNetCore.SwaggerUI.SwaggerUIMiddleware.Invoke(HttpContext httpContext)
   at Swashbuckle.AspNetCore.Swagger.SwaggerMiddleware.Invoke(HttpContext httpContext, ISwaggerProvider swaggerProvider)
   at SixLabors.ImageSharp.Web.Middleware.ImageSharpMiddleware.Invoke(HttpContext httpContext, Boolean retry)
   at OrchardCore.Media.Services.SecureMediaMiddleware.Invoke(HttpContext context, IAuthorizationService authorizationService, IAuthenticationService authenticationService)
   at Microsoft.AspNetCore.Authorization.AuthorizationMiddleware.Invoke(HttpContext context)
   at OrchardCore.Liquid.ScriptsMiddleware.Invoke(HttpContext httpContext)
   at Microsoft.AspNetCore.Authentication.AuthenticationMiddleware.Invoke(HttpContext context)
   at OrchardCore.Diagnostics.DiagnosticsStartupFilter.<>c__DisplayClass3_0.<<Configure>b__1>d.MoveNext()
--- End of stack trace from previous location ---
   at Microsoft.AspNetCore.Diagnostics.StatusCodePagesMiddleware.Invoke(HttpContext context)
   at OrchardCore.ContentPreview.PreviewStartupFilter.<>c.<<Configure>b__0_1>d.MoveNext()
--- End of stack trace from previous location ---
   at OrchardCore.Users.Services.ExternalAuthenticationsStartupFilter.<>c.<<Configure>b__0_1>d.MoveNext()
--- End of stack trace from previous location ---
   at OrchardCore.Modules.ModularTenantRouterMiddleware.Invoke(HttpContext httpContext)
   at OrchardCore.Modules.ModularTenantContainerMiddleware.<>c__DisplayClass4_0.<<Invoke>b__0>d.MoveNext()
--- End of stack trace from previous location ---
   at OrchardCore.Environment.Shell.Scope.ShellScope.UsingAsync(Func`2 execute, Boolean activateShell)
   at OrchardCore.Environment.Shell.Scope.ShellScope.UsingAsync(Func`2 execute, Boolean activateShell)
   at OrchardCore.Environment.Shell.Scope.ShellScope.UsingAsync(Func`2 execute, Boolean activateShell)
   at OrchardCore.Environment.Shell.Scope.ShellScope.UsingAsync(Func`2 execute, Boolean activateShell)
   at OrchardCore.Environment.Shell.Scope.ShellScope.UsingAsync(Func`2 execute, Boolean activateShell)
   at OrchardCore.Modules.ModularTenantContainerMiddleware.Invoke(HttpContext httpContext)
   at Microsoft.AspNetCore.Authentication.AuthenticationMiddleware.Invoke(HttpContext context)
   at Microsoft.AspNetCore.Diagnostics.DeveloperExceptionPageMiddlewareImpl.Invoke(HttpContext context)    at System.RuntimeType.InvokeMember(String name, BindingFlags bindingFlags, Binder binder, Object target, Object[] providedArgs, ParameterModifier[] modifiers, CultureInfo culture, String[] namedParams)
   at System.Type.InvokeMember(String name, BindingFlags invokeAttr, Binder binder, Object target, Object[] args)
   at System.Text.Json.Dynamic.JsonDynamicArray.TryInvokeMember(InvokeMemberBinder binder, Object[] args, Object& result)
   at CallSite.Target(Closure, CallSite, Object)
   at System.Dynamic.UpdateDelegates.UpdateAndExecute1[T0,TRet](CallSite site, T0 arg0)
   at AspNetCoreGeneratedDocument.Pages_Widgets_Partials__ProductHighlight.ExecuteAsync() in C:\Users\Wanwi\OneDrive\Desktop\TechVerse\TechVerse.Cms\Pages\Widgets\Partials\_ProductHighlight.cshtml:line 43
   at Microsoft.AspNetCore.Mvc.Razor.RazorView.RenderPageCoreAsync(IRazorPage page, ViewContext context)
   at Microsoft.AspNetCore.Mvc.Razor.RazorView.RenderPageAsync(IRazorPage page, ViewContext context, Boolean invokeViewStarts)
   at Microsoft.AspNetCore.Mvc.Razor.RazorView.RenderAsync(ViewContext context)
   at Microsoft.AspNetCore.Mvc.ViewFeatures.HtmlHelper.RenderPartialCoreAsync(String partialViewName, Object model, ViewDataDictionary viewData, TextWriter writer)
   at Microsoft.AspNetCore.Mvc.ViewFeatures.HtmlHelper.PartialAsync(String partialViewName, Object model, ViewDataDictionary viewData)
   at AspNetCoreGeneratedDocument.Pages_Home_Index.ExecuteAsync() in C:\Users\Wanwi\OneDrive\Desktop\TechVerse\TechVerse.Cms\Pages\Home\Index.cshtml:line 36
   at Microsoft.AspNetCore.Mvc.Razor.RazorView.RenderPageCoreAsync(IRazorPage page, ViewContext context)
   at Microsoft.AspNetCore.Mvc.Razor.RazorView.RenderPageAsync(IRazorPage page, ViewContext context, Boolean invokeViewStarts)
   at Microsoft.AspNetCore.Mvc.Razor.RazorView.RenderAsync(ViewContext context)
   at Microsoft.AspNetCore.Mvc.ViewFeatures.ViewExecutor.ExecuteAsync(ViewContext viewContext, String contentType, Nullable`1 statusCode)
   at Microsoft.AspNetCore.Mvc.ViewFeatures.ViewExecutor.ExecuteAsync(ViewContext viewContext, String contentType, Nullable`1 statusCode)
   at Microsoft.AspNetCore.Mvc.Infrastructure.ResourceInvoker.<InvokeNextResultFilterAsync>g__Awaited|30_0[TFilter,TFilterAsync](ResourceInvoker invoker, Task lastTask, State next, Scope scope, Object state, Boolean isCompleted)
   at Microsoft.AspNetCore.Mvc.Infrastructure.ResourceInvoker.Rethrow(ResultExecutedContextSealed context)
   at Microsoft.AspNetCore.Mvc.Infrastructure.ResourceInvoker.ResultNext[TFilter,TFilterAsync](State& next, Scope& scope, Object& state, Boolean& isCompleted)
   at Microsoft.AspNetCore.Mvc.Infrastructure.ResourceInvoker.<InvokeResultFilters>g__Awaited|28_0(ResourceInvoker invoker, Task lastTask, State next, Scope scope, Object state, Boolean isCompleted)
   at Microsoft.AspNetCore.Mvc.Infrastructure.ResourceInvoker.<InvokeNextResourceFilter>g__Awaited|25_0(ResourceInvoker invoker, Task lastTask, State next, Scope scope, Object state, Boolean isCompleted)
   at Microsoft.AspNetCore.Mvc.Infrastructure.ResourceInvoker.Rethrow(ResourceExecutedContextSealed context)
   at Microsoft.AspNetCore.Mvc.Infrastructure.ResourceInvoker.Next(State& next, Scope& scope, Object& state, Boolean& isCompleted)
   at Microsoft.AspNetCore.Mvc.Infrastructure.ResourceInvoker.<InvokeFilterPipelineAsync>g__Awaited|20_0(ResourceInvoker invoker, Task lastTask, State next, Scope scope, Object state, Boolean isCompleted)
   at Microsoft.AspNetCore.Mvc.Infrastructure.ResourceInvoker.<InvokeAsync>g__Awaited|17_0(ResourceInvoker invoker, Task task, IDisposable scope)
   at Microsoft.AspNetCore.Mvc.Infrastructure.ResourceInvoker.<InvokeAsync>g__Awaited|17_0(ResourceInvoker invoker, Task task, IDisposable scope)
   at Swashbuckle.AspNetCore.SwaggerUI.SwaggerUIMiddleware.Invoke(HttpContext httpContext)
   at Swashbuckle.AspNetCore.Swagger.SwaggerMiddleware.Invoke(HttpContext httpContext, ISwaggerProvider swaggerProvider)
   at SixLabors.ImageSharp.Web.Middleware.ImageSharpMiddleware.Invoke(HttpContext httpContext, Boolean retry)
   at OrchardCore.Media.Services.SecureMediaMiddleware.Invoke(HttpContext context, IAuthorizationService authorizationService, IAuthenticationService authenticationService)
   at Microsoft.AspNetCore.Authorization.AuthorizationMiddleware.Invoke(HttpContext context)
   at OrchardCore.Liquid.ScriptsMiddleware.Invoke(HttpContext httpContext)
   at Microsoft.AspNetCore.Authentication.AuthenticationMiddleware.Invoke(HttpContext context)
   at OrchardCore.Diagnostics.DiagnosticsStartupFilter.<>c__DisplayClass3_0.<<Configure>b__1>d.MoveNext()
--- End of stack trace from previous location ---
   at Microsoft.AspNetCore.Diagnostics.StatusCodePagesMiddleware.Invoke(HttpContext context)
   at OrchardCore.ContentPreview.PreviewStartupFilter.<>c.<<Configure>b__0_1>d.MoveNext()
--- End of stack trace from previous location ---
   at OrchardCore.Users.Services.ExternalAuthenticationsStartupFilter.<>c.<<Configure>b__0_1>d.MoveNext()
--- End of stack trace from previous location ---
   at OrchardCore.Modules.ModularTenantRouterMiddleware.Invoke(HttpContext httpContext)
   at OrchardCore.Modules.ModularTenantContainerMiddleware.<>c__DisplayClass4_0.<<Invoke>b__0>d.MoveNext()
--- End of stack trace from previous location ---
   at OrchardCore.Environment.Shell.Scope.ShellScope.UsingAsync(Func`2 execute, Boolean activateShell)
   at OrchardCore.Environment.Shell.Scope.ShellScope.UsingAsync(Func`2 execute, Boolean activateShell)
   at OrchardCore.Environment.Shell.Scope.ShellScope.UsingAsync(Func`2 execute, Boolean activateShell)
   at OrchardCore.Environment.Shell.Scope.ShellScope.UsingAsync(Func`2 execute, Boolean activateShell)
   at OrchardCore.Environment.Shell.Scope.ShellScope.UsingAsync(Func`2 execute, Boolean activateShell)
   at OrchardCore.Modules.ModularTenantContainerMiddleware.Invoke(HttpContext httpContext)
   at Microsoft.AspNetCore.Authentication.AuthenticationMiddleware.Invoke(HttpContext context)
   at Microsoft.AspNetCore.Diagnostics.DeveloperExceptionPageMiddlewareImpl.Invoke(HttpContext context)
2026-01-11 00:44:48.2183|Default|00-7583b319938eec8d1ddc5bb42a777c75-b1b6760276d849eb-00|1|Microsoft.AspNetCore.Diagnostics.DeveloperExceptionPageMiddleware|ERROR|An unhandled exception has occurred while executing the request. System.MissingMethodException: Method 'System.Text.Json.Nodes.JsonArray.FirstOrDefault' not found.
   at System.RuntimeType.InvokeMember(String name, BindingFlags bindingFlags, Binder binder, Object target, Object[] providedArgs, ParameterModifier[] modifiers, CultureInfo culture, String[] namedParams)
   at System.Type.InvokeMember(String name, BindingFlags invokeAttr, Binder binder, Object target, Object[] args)
   at System.Text.Json.Dynamic.JsonDynamicArray.TryInvokeMember(InvokeMemberBinder binder, Object[] args, Object& result)
   at CallSite.Target(Closure, CallSite, Object)
   at AspNetCoreGeneratedDocument.Pages_Widgets_Partials__ProductHighlight.ExecuteAsync()
   at Microsoft.AspNetCore.Mvc.Razor.RazorView.RenderPageCoreAsync(IRazorPage page, ViewContext context)
   at Microsoft.AspNetCore.Mvc.Razor.RazorView.RenderPageAsync(IRazorPage page, ViewContext context, Boolean invokeViewStarts)
   at Microsoft.AspNetCore.Mvc.Razor.RazorView.RenderAsync(ViewContext context)
   at Microsoft.AspNetCore.Mvc.ViewFeatures.HtmlHelper.RenderPartialCoreAsync(String partialViewName, Object model, ViewDataDictionary viewData, TextWriter writer)
   at Microsoft.AspNetCore.Mvc.ViewFeatures.HtmlHelper.PartialAsync(String partialViewName, Object model, ViewDataDictionary viewData)
   at AspNetCoreGeneratedDocument.Pages_Home_Index.ExecuteAsync()
   at Microsoft.AspNetCore.Mvc.Razor.RazorView.RenderPageCoreAsync(IRazorPage page, ViewContext context)
   at Microsoft.AspNetCore.Mvc.Razor.RazorView.RenderPageAsync(IRazorPage page, ViewContext context, Boolean invokeViewStarts)
   at Microsoft.AspNetCore.Mvc.Razor.RazorView.RenderAsync(ViewContext context)
   at Microsoft.AspNetCore.Mvc.ViewFeatures.ViewExecutor.ExecuteAsync(ViewContext viewContext, String contentType, Nullable`1 statusCode)
   at Microsoft.AspNetCore.Mvc.ViewFeatures.ViewExecutor.ExecuteAsync(ViewContext viewContext, String contentType, Nullable`1 statusCode)
   at Microsoft.AspNetCore.Mvc.Infrastructure.ResourceInvoker.<InvokeNextResultFilterAsync>g__Awaited|30_0[TFilter,TFilterAsync](ResourceInvoker invoker, Task lastTask, State next, Scope scope, Object state, Boolean isCompleted)
   at Microsoft.AspNetCore.Mvc.Infrastructure.ResourceInvoker.Rethrow(ResultExecutedContextSealed context)
   at Microsoft.AspNetCore.Mvc.Infrastructure.ResourceInvoker.ResultNext[TFilter,TFilterAsync](State& next, Scope& scope, Object& state, Boolean& isCompleted)
   at Microsoft.AspNetCore.Mvc.Infrastructure.ResourceInvoker.<InvokeResultFilters>g__Awaited|28_0(ResourceInvoker invoker, Task lastTask, State next, Scope scope, Object state, Boolean isCompleted)
   at Microsoft.AspNetCore.Mvc.Infrastructure.ResourceInvoker.<InvokeNextResourceFilter>g__Awaited|25_0(ResourceInvoker invoker, Task lastTask, State next, Scope scope, Object state, Boolean isCompleted)
   at Microsoft.AspNetCore.Mvc.Infrastructure.ResourceInvoker.Rethrow(ResourceExecutedContextSealed context)
   at Microsoft.AspNetCore.Mvc.Infrastructure.ResourceInvoker.Next(State& next, Scope& scope, Object& state, Boolean& isCompleted)
   at Microsoft.AspNetCore.Mvc.Infrastructure.ResourceInvoker.<InvokeFilterPipelineAsync>g__Awaited|20_0(ResourceInvoker invoker, Task lastTask, State next, Scope scope, Object state, Boolean isCompleted)
   at Microsoft.AspNetCore.Mvc.Infrastructure.ResourceInvoker.<InvokeAsync>g__Awaited|17_0(ResourceInvoker invoker, Task task, IDisposable scope)
   at Microsoft.AspNetCore.Mvc.Infrastructure.ResourceInvoker.<InvokeAsync>g__Awaited|17_0(ResourceInvoker invoker, Task task, IDisposable scope)
   at Swashbuckle.AspNetCore.SwaggerUI.SwaggerUIMiddleware.Invoke(HttpContext httpContext)
   at Swashbuckle.AspNetCore.Swagger.SwaggerMiddleware.Invoke(HttpContext httpContext, ISwaggerProvider swaggerProvider)
   at SixLabors.ImageSharp.Web.Middleware.ImageSharpMiddleware.Invoke(HttpContext httpContext, Boolean retry)
   at OrchardCore.Media.Services.SecureMediaMiddleware.Invoke(HttpContext context, IAuthorizationService authorizationService, IAuthenticationService authenticationService)
   at Microsoft.AspNetCore.Authorization.AuthorizationMiddleware.Invoke(HttpContext context)
   at OrchardCore.Liquid.ScriptsMiddleware.Invoke(HttpContext httpContext)
   at Microsoft.AspNetCore.Authentication.AuthenticationMiddleware.Invoke(HttpContext context)
   at OrchardCore.Diagnostics.DiagnosticsStartupFilter.<>c__DisplayClass3_0.<<Configure>b__1>d.MoveNext()
--- End of stack trace from previous location ---
   at Microsoft.AspNetCore.Diagnostics.StatusCodePagesMiddleware.Invoke(HttpContext context)
   at OrchardCore.ContentPreview.PreviewStartupFilter.<>c.<<Configure>b__0_1>d.MoveNext()
--- End of stack trace from previous location ---
   at OrchardCore.Users.Services.ExternalAuthenticationsStartupFilter.<>c.<<Configure>b__0_1>d.MoveNext()
--- End of stack trace from previous location ---
   at OrchardCore.Modules.ModularTenantRouterMiddleware.Invoke(HttpContext httpContext)
   at OrchardCore.Modules.ModularTenantContainerMiddleware.<>c__DisplayClass4_0.<<Invoke>b__0>d.MoveNext()
--- End of stack trace from previous location ---
   at OrchardCore.Environment.Shell.Scope.ShellScope.UsingAsync(Func`2 execute, Boolean activateShell)
   at OrchardCore.Environment.Shell.Scope.ShellScope.UsingAsync(Func`2 execute, Boolean activateShell)
   at OrchardCore.Environment.Shell.Scope.ShellScope.UsingAsync(Func`2 execute, Boolean activateShell)
   at OrchardCore.Environment.Shell.Scope.ShellScope.UsingAsync(Func`2 execute, Boolean activateShell)
   at OrchardCore.Environment.Shell.Scope.ShellScope.UsingAsync(Func`2 execute, Boolean activateShell)
   at OrchardCore.Modules.ModularTenantContainerMiddleware.Invoke(HttpContext httpContext)
   at Microsoft.AspNetCore.Authentication.AuthenticationMiddleware.Invoke(HttpContext context)
   at Microsoft.AspNetCore.Diagnostics.DeveloperExceptionPageMiddlewareImpl.Invoke(HttpContext context)    at System.RuntimeType.InvokeMember(String name, BindingFlags bindingFlags, Binder binder, Object target, Object[] providedArgs, ParameterModifier[] modifiers, CultureInfo culture, String[] namedParams)
   at System.Type.InvokeMember(String name, BindingFlags invokeAttr, Binder binder, Object target, Object[] args)
   at System.Text.Json.Dynamic.JsonDynamicArray.TryInvokeMember(InvokeMemberBinder binder, Object[] args, Object& result)
   at CallSite.Target(Closure, CallSite, Object)
   at AspNetCoreGeneratedDocument.Pages_Widgets_Partials__ProductHighlight.ExecuteAsync()
   at Microsoft.AspNetCore.Mvc.Razor.RazorView.RenderPageCoreAsync(IRazorPage page, ViewContext context)
   at Microsoft.AspNetCore.Mvc.Razor.RazorView.RenderPageAsync(IRazorPage page, ViewContext context, Boolean invokeViewStarts)
   at Microsoft.AspNetCore.Mvc.Razor.RazorView.RenderAsync(ViewContext context)
   at Microsoft.AspNetCore.Mvc.ViewFeatures.HtmlHelper.RenderPartialCoreAsync(String partialViewName, Object model, ViewDataDictionary viewData, TextWriter writer)
   at Microsoft.AspNetCore.Mvc.ViewFeatures.HtmlHelper.PartialAsync(String partialViewName, Object model, ViewDataDictionary viewData)
   at AspNetCoreGeneratedDocument.Pages_Home_Index.ExecuteAsync()
   at Microsoft.AspNetCore.Mvc.Razor.RazorView.RenderPageCoreAsync(IRazorPage page, ViewContext context)
   at Microsoft.AspNetCore.Mvc.Razor.RazorView.RenderPageAsync(IRazorPage page, ViewContext context, Boolean invokeViewStarts)
   at Microsoft.AspNetCore.Mvc.Razor.RazorView.RenderAsync(ViewContext context)
   at Microsoft.AspNetCore.Mvc.ViewFeatures.ViewExecutor.ExecuteAsync(ViewContext viewContext, String contentType, Nullable`1 statusCode)
   at Microsoft.AspNetCore.Mvc.ViewFeatures.ViewExecutor.ExecuteAsync(ViewContext viewContext, String contentType, Nullable`1 statusCode)
   at Microsoft.AspNetCore.Mvc.Infrastructure.ResourceInvoker.<InvokeNextResultFilterAsync>g__Awaited|30_0[TFilter,TFilterAsync](ResourceInvoker invoker, Task lastTask, State next, Scope scope, Object state, Boolean isCompleted)
   at Microsoft.AspNetCore.Mvc.Infrastructure.ResourceInvoker.Rethrow(ResultExecutedContextSealed context)
   at Microsoft.AspNetCore.Mvc.Infrastructure.ResourceInvoker.ResultNext[TFilter,TFilterAsync](State& next, Scope& scope, Object& state, Boolean& isCompleted)
   at Microsoft.AspNetCore.Mvc.Infrastructure.ResourceInvoker.<InvokeResultFilters>g__Awaited|28_0(ResourceInvoker invoker, Task lastTask, State next, Scope scope, Object state, Boolean isCompleted)
   at Microsoft.AspNetCore.Mvc.Infrastructure.ResourceInvoker.<InvokeNextResourceFilter>g__Awaited|25_0(ResourceInvoker invoker, Task lastTask, State next, Scope scope, Object state, Boolean isCompleted)
   at Microsoft.AspNetCore.Mvc.Infrastructure.ResourceInvoker.Rethrow(ResourceExecutedContextSealed context)
   at Microsoft.AspNetCore.Mvc.Infrastructure.ResourceInvoker.Next(State& next, Scope& scope, Object& state, Boolean& isCompleted)
   at Microsoft.AspNetCore.Mvc.Infrastructure.ResourceInvoker.<InvokeFilterPipelineAsync>g__Awaited|20_0(ResourceInvoker invoker, Task lastTask, State next, Scope scope, Object state, Boolean isCompleted)
   at Microsoft.AspNetCore.Mvc.Infrastructure.ResourceInvoker.<InvokeAsync>g__Awaited|17_0(ResourceInvoker invoker, Task task, IDisposable scope)
   at Microsoft.AspNetCore.Mvc.Infrastructure.ResourceInvoker.<InvokeAsync>g__Awaited|17_0(ResourceInvoker invoker, Task task, IDisposable scope)
   at Swashbuckle.AspNetCore.SwaggerUI.SwaggerUIMiddleware.Invoke(HttpContext httpContext)
   at Swashbuckle.AspNetCore.Swagger.SwaggerMiddleware.Invoke(HttpContext httpContext, ISwaggerProvider swaggerProvider)
   at SixLabors.ImageSharp.Web.Middleware.ImageSharpMiddleware.Invoke(HttpContext httpContext, Boolean retry)
   at OrchardCore.Media.Services.SecureMediaMiddleware.Invoke(HttpContext context, IAuthorizationService authorizationService, IAuthenticationService authenticationService)
   at Microsoft.AspNetCore.Authorization.AuthorizationMiddleware.Invoke(HttpContext context)
   at OrchardCore.Liquid.ScriptsMiddleware.Invoke(HttpContext httpContext)
   at Microsoft.AspNetCore.Authentication.AuthenticationMiddleware.Invoke(HttpContext context)
   at OrchardCore.Diagnostics.DiagnosticsStartupFilter.<>c__DisplayClass3_0.<<Configure>b__1>d.MoveNext()
--- End of stack trace from previous location ---
   at Microsoft.AspNetCore.Diagnostics.StatusCodePagesMiddleware.Invoke(HttpContext context)
   at OrchardCore.ContentPreview.PreviewStartupFilter.<>c.<<Configure>b__0_1>d.MoveNext()
--- End of stack trace from previous location ---
   at OrchardCore.Users.Services.ExternalAuthenticationsStartupFilter.<>c.<<Configure>b__0_1>d.MoveNext()
--- End of stack trace from previous location ---
   at OrchardCore.Modules.ModularTenantRouterMiddleware.Invoke(HttpContext httpContext)
   at OrchardCore.Modules.ModularTenantContainerMiddleware.<>c__DisplayClass4_0.<<Invoke>b__0>d.MoveNext()
--- End of stack trace from previous location ---
   at OrchardCore.Environment.Shell.Scope.ShellScope.UsingAsync(Func`2 execute, Boolean activateShell)
   at OrchardCore.Environment.Shell.Scope.ShellScope.UsingAsync(Func`2 execute, Boolean activateShell)
   at OrchardCore.Environment.Shell.Scope.ShellScope.UsingAsync(Func`2 execute, Boolean activateShell)
   at OrchardCore.Environment.Shell.Scope.ShellScope.UsingAsync(Func`2 execute, Boolean activateShell)
   at OrchardCore.Environment.Shell.Scope.ShellScope.UsingAsync(Func`2 execute, Boolean activateShell)
   at OrchardCore.Modules.ModularTenantContainerMiddleware.Invoke(HttpContext httpContext)
   at Microsoft.AspNetCore.Authentication.AuthenticationMiddleware.Invoke(HttpContext context)
   at Microsoft.AspNetCore.Diagnostics.DeveloperExceptionPageMiddlewareImpl.Invoke(HttpContext context)
2026-01-11 00:44:49.3674|Default|00-aa66e7a6ce3bce999e0efb106aa163c8-9a3291f40b49a2da-00|1|Microsoft.AspNetCore.Diagnostics.DeveloperExceptionPageMiddleware|ERROR|An unhandled exception has occurred while executing the request. System.MissingMethodException: Method 'System.Text.Json.Nodes.JsonArray.FirstOrDefault' not found.
   at System.RuntimeType.InvokeMember(String name, BindingFlags bindingFlags, Binder binder, Object target, Object[] providedArgs, ParameterModifier[] modifiers, CultureInfo culture, String[] namedParams)
   at System.Type.InvokeMember(String name, BindingFlags invokeAttr, Binder binder, Object target, Object[] args)
   at System.Text.Json.Dynamic.JsonDynamicArray.TryInvokeMember(InvokeMemberBinder binder, Object[] args, Object& result)
   at CallSite.Target(Closure, CallSite, Object)
   at AspNetCoreGeneratedDocument.Pages_Widgets_Partials__ProductHighlight.ExecuteAsync()
   at Microsoft.AspNetCore.Mvc.Razor.RazorView.RenderPageCoreAsync(IRazorPage page, ViewContext context)
   at Microsoft.AspNetCore.Mvc.Razor.RazorView.RenderPageAsync(IRazorPage page, ViewContext context, Boolean invokeViewStarts)
   at Microsoft.AspNetCore.Mvc.Razor.RazorView.RenderAsync(ViewContext context)
   at Microsoft.AspNetCore.Mvc.ViewFeatures.HtmlHelper.RenderPartialCoreAsync(String partialViewName, Object model, ViewDataDictionary viewData, TextWriter writer)
   at Microsoft.AspNetCore.Mvc.ViewFeatures.HtmlHelper.PartialAsync(String partialViewName, Object model, ViewDataDictionary viewData)
   at AspNetCoreGeneratedDocument.Pages_Home_Index.ExecuteAsync()
   at Microsoft.AspNetCore.Mvc.Razor.RazorView.RenderPageCoreAsync(IRazorPage page, ViewContext context)
   at Microsoft.AspNetCore.Mvc.Razor.RazorView.RenderPageAsync(IRazorPage page, ViewContext context, Boolean invokeViewStarts)
   at Microsoft.AspNetCore.Mvc.Razor.RazorView.RenderAsync(ViewContext context)
   at Microsoft.AspNetCore.Mvc.ViewFeatures.ViewExecutor.ExecuteAsync(ViewContext viewContext, String contentType, Nullable`1 statusCode)
   at Microsoft.AspNetCore.Mvc.ViewFeatures.ViewExecutor.ExecuteAsync(ViewContext viewContext, String contentType, Nullable`1 statusCode)
   at Microsoft.AspNetCore.Mvc.Infrastructure.ResourceInvoker.<InvokeNextResultFilterAsync>g__Awaited|30_0[TFilter,TFilterAsync](ResourceInvoker invoker, Task lastTask, State next, Scope scope, Object state, Boolean isCompleted)
   at Microsoft.AspNetCore.Mvc.Infrastructure.ResourceInvoker.Rethrow(ResultExecutedContextSealed context)
   at Microsoft.AspNetCore.Mvc.Infrastructure.ResourceInvoker.ResultNext[TFilter,TFilterAsync](State& next, Scope& scope, Object& state, Boolean& isCompleted)
   at Microsoft.AspNetCore.Mvc.Infrastructure.ResourceInvoker.<InvokeResultFilters>g__Awaited|28_0(ResourceInvoker invoker, Task lastTask, State next, Scope scope, Object state, Boolean isCompleted)
   at Microsoft.AspNetCore.Mvc.Infrastructure.ResourceInvoker.<InvokeNextResourceFilter>g__Awaited|25_0(ResourceInvoker invoker, Task lastTask, State next, Scope scope, Object state, Boolean isCompleted)
   at Microsoft.AspNetCore.Mvc.Infrastructure.ResourceInvoker.Rethrow(ResourceExecutedContextSealed context)
   at Microsoft.AspNetCore.Mvc.Infrastructure.ResourceInvoker.Next(State& next, Scope& scope, Object& state, Boolean& isCompleted)
   at Microsoft.AspNetCore.Mvc.Infrastructure.ResourceInvoker.<InvokeFilterPipelineAsync>g__Awaited|20_0(ResourceInvoker invoker, Task lastTask, State next, Scope scope, Object state, Boolean isCompleted)
   at Microsoft.AspNetCore.Mvc.Infrastructure.ResourceInvoker.<InvokeAsync>g__Awaited|17_0(ResourceInvoker invoker, Task task, IDisposable scope)
   at Microsoft.AspNetCore.Mvc.Infrastructure.ResourceInvoker.<InvokeAsync>g__Awaited|17_0(ResourceInvoker invoker, Task task, IDisposable scope)
   at Swashbuckle.AspNetCore.SwaggerUI.SwaggerUIMiddleware.Invoke(HttpContext httpContext)
   at Swashbuckle.AspNetCore.Swagger.SwaggerMiddleware.Invoke(HttpContext httpContext, ISwaggerProvider swaggerProvider)
   at SixLabors.ImageSharp.Web.Middleware.ImageSharpMiddleware.Invoke(HttpContext httpContext, Boolean retry)
   at OrchardCore.Media.Services.SecureMediaMiddleware.Invoke(HttpContext context, IAuthorizationService authorizationService, IAuthenticationService authenticationService)
   at Microsoft.AspNetCore.Authorization.AuthorizationMiddleware.Invoke(HttpContext context)
   at OrchardCore.Liquid.ScriptsMiddleware.Invoke(HttpContext httpContext)
   at Microsoft.AspNetCore.Authentication.AuthenticationMiddleware.Invoke(HttpContext context)
   at OrchardCore.Diagnostics.DiagnosticsStartupFilter.<>c__DisplayClass3_0.<<Configure>b__1>d.MoveNext()
--- End of stack trace from previous location ---
   at Microsoft.AspNetCore.Diagnostics.StatusCodePagesMiddleware.Invoke(HttpContext context)
   at OrchardCore.ContentPreview.PreviewStartupFilter.<>c.<<Configure>b__0_1>d.MoveNext()
--- End of stack trace from previous location ---
   at OrchardCore.Users.Services.ExternalAuthenticationsStartupFilter.<>c.<<Configure>b__0_1>d.MoveNext()
--- End of stack trace from previous location ---
   at OrchardCore.Modules.ModularTenantRouterMiddleware.Invoke(HttpContext httpContext)
   at OrchardCore.Modules.ModularTenantContainerMiddleware.<>c__DisplayClass4_0.<<Invoke>b__0>d.MoveNext()
--- End of stack trace from previous location ---
   at OrchardCore.Environment.Shell.Scope.ShellScope.UsingAsync(Func`2 execute, Boolean activateShell)
   at OrchardCore.Environment.Shell.Scope.ShellScope.UsingAsync(Func`2 execute, Boolean activateShell)
   at OrchardCore.Environment.Shell.Scope.ShellScope.UsingAsync(Func`2 execute, Boolean activateShell)
   at OrchardCore.Environment.Shell.Scope.ShellScope.UsingAsync(Func`2 execute, Boolean activateShell)
   at OrchardCore.Environment.Shell.Scope.ShellScope.UsingAsync(Func`2 execute, Boolean activateShell)
   at OrchardCore.Modules.ModularTenantContainerMiddleware.Invoke(HttpContext httpContext)
   at Microsoft.AspNetCore.Authentication.AuthenticationMiddleware.Invoke(HttpContext context)
   at Microsoft.AspNetCore.Diagnostics.DeveloperExceptionPageMiddlewareImpl.Invoke(HttpContext context)    at System.RuntimeType.InvokeMember(String name, BindingFlags bindingFlags, Binder binder, Object target, Object[] providedArgs, ParameterModifier[] modifiers, CultureInfo culture, String[] namedParams)
   at System.Type.InvokeMember(String name, BindingFlags invokeAttr, Binder binder, Object target, Object[] args)
   at System.Text.Json.Dynamic.JsonDynamicArray.TryInvokeMember(InvokeMemberBinder binder, Object[] args, Object& result)
   at CallSite.Target(Closure, CallSite, Object)
   at AspNetCoreGeneratedDocument.Pages_Widgets_Partials__ProductHighlight.ExecuteAsync()
   at Microsoft.AspNetCore.Mvc.Razor.RazorView.RenderPageCoreAsync(IRazorPage page, ViewContext context)
   at Microsoft.AspNetCore.Mvc.Razor.RazorView.RenderPageAsync(IRazorPage page, ViewContext context, Boolean invokeViewStarts)
   at Microsoft.AspNetCore.Mvc.Razor.RazorView.RenderAsync(ViewContext context)
   at Microsoft.AspNetCore.Mvc.ViewFeatures.HtmlHelper.RenderPartialCoreAsync(String partialViewName, Object model, ViewDataDictionary viewData, TextWriter writer)
   at Microsoft.AspNetCore.Mvc.ViewFeatures.HtmlHelper.PartialAsync(String partialViewName, Object model, ViewDataDictionary viewData)
   at AspNetCoreGeneratedDocument.Pages_Home_Index.ExecuteAsync()
   at Microsoft.AspNetCore.Mvc.Razor.RazorView.RenderPageCoreAsync(IRazorPage page, ViewContext context)
   at Microsoft.AspNetCore.Mvc.Razor.RazorView.RenderPageAsync(IRazorPage page, ViewContext context, Boolean invokeViewStarts)
   at Microsoft.AspNetCore.Mvc.Razor.RazorView.RenderAsync(ViewContext context)
   at Microsoft.AspNetCore.Mvc.ViewFeatures.ViewExecutor.ExecuteAsync(ViewContext viewContext, String contentType, Nullable`1 statusCode)
   at Microsoft.AspNetCore.Mvc.ViewFeatures.ViewExecutor.ExecuteAsync(ViewContext viewContext, String contentType, Nullable`1 statusCode)
   at Microsoft.AspNetCore.Mvc.Infrastructure.ResourceInvoker.<InvokeNextResultFilterAsync>g__Awaited|30_0[TFilter,TFilterAsync](ResourceInvoker invoker, Task lastTask, State next, Scope scope, Object state, Boolean isCompleted)
   at Microsoft.AspNetCore.Mvc.Infrastructure.ResourceInvoker.Rethrow(ResultExecutedContextSealed context)
   at Microsoft.AspNetCore.Mvc.Infrastructure.ResourceInvoker.ResultNext[TFilter,TFilterAsync](State& next, Scope& scope, Object& state, Boolean& isCompleted)
   at Microsoft.AspNetCore.Mvc.Infrastructure.ResourceInvoker.<InvokeResultFilters>g__Awaited|28_0(ResourceInvoker invoker, Task lastTask, State next, Scope scope, Object state, Boolean isCompleted)
   at Microsoft.AspNetCore.Mvc.Infrastructure.ResourceInvoker.<InvokeNextResourceFilter>g__Awaited|25_0(ResourceInvoker invoker, Task lastTask, State next, Scope scope, Object state, Boolean isCompleted)
   at Microsoft.AspNetCore.Mvc.Infrastructure.ResourceInvoker.Rethrow(ResourceExecutedContextSealed context)
   at Microsoft.AspNetCore.Mvc.Infrastructure.ResourceInvoker.Next(State& next, Scope& scope, Object& state, Boolean& isCompleted)
   at Microsoft.AspNetCore.Mvc.Infrastructure.ResourceInvoker.<InvokeFilterPipelineAsync>g__Awaited|20_0(ResourceInvoker invoker, Task lastTask, State next, Scope scope, Object state, Boolean isCompleted)
   at Microsoft.AspNetCore.Mvc.Infrastructure.ResourceInvoker.<InvokeAsync>g__Awaited|17_0(ResourceInvoker invoker, Task task, IDisposable scope)
   at Microsoft.AspNetCore.Mvc.Infrastructure.ResourceInvoker.<InvokeAsync>g__Awaited|17_0(ResourceInvoker invoker, Task task, IDisposable scope)
   at Swashbuckle.AspNetCore.SwaggerUI.SwaggerUIMiddleware.Invoke(HttpContext httpContext)
   at Swashbuckle.AspNetCore.Swagger.SwaggerMiddleware.Invoke(HttpContext httpContext, ISwaggerProvider swaggerProvider)
   at SixLabors.ImageSharp.Web.Middleware.ImageSharpMiddleware.Invoke(HttpContext httpContext, Boolean retry)
   at OrchardCore.Media.Services.SecureMediaMiddleware.Invoke(HttpContext context, IAuthorizationService authorizationService, IAuthenticationService authenticationService)
   at Microsoft.AspNetCore.Authorization.AuthorizationMiddleware.Invoke(HttpContext context)
   at OrchardCore.Liquid.ScriptsMiddleware.Invoke(HttpContext httpContext)
   at Microsoft.AspNetCore.Authentication.AuthenticationMiddleware.Invoke(HttpContext context)
   at OrchardCore.Diagnostics.DiagnosticsStartupFilter.<>c__DisplayClass3_0.<<Configure>b__1>d.MoveNext()
--- End of stack trace from previous location ---
   at Microsoft.AspNetCore.Diagnostics.StatusCodePagesMiddleware.Invoke(HttpContext context)
   at OrchardCore.ContentPreview.PreviewStartupFilter.<>c.<<Configure>b__0_1>d.MoveNext()
--- End of stack trace from previous location ---
   at OrchardCore.Users.Services.ExternalAuthenticationsStartupFilter.<>c.<<Configure>b__0_1>d.MoveNext()
--- End of stack trace from previous location ---
   at OrchardCore.Modules.ModularTenantRouterMiddleware.Invoke(HttpContext httpContext)
   at OrchardCore.Modules.ModularTenantContainerMiddleware.<>c__DisplayClass4_0.<<Invoke>b__0>d.MoveNext()
--- End of stack trace from previous location ---
   at OrchardCore.Environment.Shell.Scope.ShellScope.UsingAsync(Func`2 execute, Boolean activateShell)
   at OrchardCore.Environment.Shell.Scope.ShellScope.UsingAsync(Func`2 execute, Boolean activateShell)
   at OrchardCore.Environment.Shell.Scope.ShellScope.UsingAsync(Func`2 execute, Boolean activateShell)
   at OrchardCore.Environment.Shell.Scope.ShellScope.UsingAsync(Func`2 execute, Boolean activateShell)
   at OrchardCore.Environment.Shell.Scope.ShellScope.UsingAsync(Func`2 execute, Boolean activateShell)
   at OrchardCore.Modules.ModularTenantContainerMiddleware.Invoke(HttpContext httpContext)
   at Microsoft.AspNetCore.Authentication.AuthenticationMiddleware.Invoke(HttpContext context)
   at Microsoft.AspNetCore.Diagnostics.DeveloperExceptionPageMiddlewareImpl.Invoke(HttpContext context)
2026-01-11 00:46:16.7999|Default|00-73ed0e8ec4f72c405d5aa2cd90869d5c-866e7c4343d921e4-00|1|Microsoft.AspNetCore.Diagnostics.DeveloperExceptionPageMiddleware|ERROR|An unhandled exception has occurred while executing the request. NLog message: Exception in NLog.LayoutRenderers.ExceptionLayoutRenderer.AppendToString(): System.TypeLoadException. 
2026-01-11 00:46:16.8848|Default|00-73ed0e8ec4f72c405d5aa2cd90869d5c-866e7c4343d921e4-00|2|Microsoft.AspNetCore.Server.IIS.Core.IISHttpServer|ERROR|Connection ID "17942340959199035680", Request ID "40000121-000a-f900-b63f-84710c7967bb": An unhandled exception was thrown by the application. System.AggregateException: An error occurred while writing to logger(s). (Could not resolve type 'AspNetCoreGeneratedDocument.Pages_Widgets_Partials__ProductHighlight' in assembly 'TechVerse.Cms, Version=1.0.0.0, Culture=neutral, PublicKeyToken=null'.) (Could not resolve type 'AspNetCoreGeneratedDocument.Pages_Widgets_Partials__ProductHighlight' in assembly 'TechVerse.Cms, Version=1.0.0.0, Culture=neutral, PublicKeyToken=null'.) (Could not resolve type 'AspNetCoreGeneratedDocument.Pages_Widgets_Partials__ProductHighlight' in assembly 'TechVerse.Cms, Version=1.0.0.0, Culture=neutral, PublicKeyToken=null'.)
 ---> System.TypeLoadException: Could not resolve type 'AspNetCoreGeneratedDocument.Pages_Widgets_Partials__ProductHighlight' in assembly 'TechVerse.Cms, Version=1.0.0.0, Culture=neutral, PublicKeyToken=null'.
   at System.Reflection.TypeNameParser.GetTypeFromDefaultAssemblies(String typeName, ReadOnlySpan`1 nestedTypeNames)
   at System.Reflection.TypeNameParser.GetType(String typeName, ReadOnlySpan`1 nestedTypeNames, String assemblyNameIfAny)
   at System.Reflection.TypeNameParser.NestedNamespaceTypeName.ResolveType(TypeNameParser& parser, String containingAssemblyIfAny)
   at System.Reflection.TypeNameParser.GetTypeHelper(Char* pTypeName, RuntimeAssembly requestingAssembly, Boolean throwOnError, Boolean requireAssemblyQualifiedName)
   at System.Reflection.CustomAttribute._CreateCaObject(RuntimeModule pModule, RuntimeType type, IRuntimeMethodInfo pCtor, Byte** ppBlob, Byte* pEndBlob, Int32* pcNamedArgs)
   at System.Reflection.CustomAttribute.AddCustomAttributes(ListBuilder`1& attributes, RuntimeModule decoratedModule, Int32 decoratedMetadataToken, RuntimeType attributeFilterType, Boolean mustBeInheritable, ListBuilder`1 derivedAttributes)
   at System.Reflection.CustomAttribute.GetCustomAttributes(RuntimeModule decoratedModule, Int32 decoratedMetadataToken, Int32 pcaCount, RuntimeType attributeFilterType)
   at System.Reflection.CustomAttribute.GetCustomAttributes(RuntimeMethodInfo method, RuntimeType caType, Boolean inherit)
   at System.Attribute.GetCustomAttributes(MemberInfo element, Type attributeType, Boolean inherit)
   at System.Diagnostics.StackTrace.TryResolveStateMachineMethod(MethodBase& method, Type& declaringType)
   at System.Diagnostics.StackTrace.ToString(TraceFormat traceFormat, StringBuilder sb)
   at System.Diagnostics.StackTrace.ToString(TraceFormat traceFormat)
   at System.Exception.get_StackTrace()
   at System.Exception.ToString()
   at Microsoft.Extensions.Logging.Console.SimpleConsoleFormatter.CreateDefaultLogMessage[TState](TextWriter textWriter, LogEntry`1& logEntry, String message, IExternalScopeProvider scopeProvider)
   at Microsoft.Extensions.Logging.Console.SimpleConsoleFormatter.Write[TState](LogEntry`1& logEntry, IExternalScopeProvider scopeProvider, TextWriter textWriter)
   at Microsoft.Extensions.Logging.Console.ConsoleLogger.Log[TState](LogLevel logLevel, EventId eventId, TState state, Exception exception, Func`3 formatter)
   at Microsoft.Extensions.Logging.Logger.<Log>g__LoggerLog|14_0[TState](LogLevel logLevel, EventId eventId, ILogger logger, Exception exception, Func`3 formatter, List`1& exceptions, TState& state)
   --- End of inner exception stack trace ---
 ---> (Inner Exception #1) System.TypeLoadException: Could not resolve type 'AspNetCoreGeneratedDocument.Pages_Widgets_Partials__ProductHighlight' in assembly 'TechVerse.Cms, Version=1.0.0.0, Culture=neutral, PublicKeyToken=null'.
   at System.Reflection.TypeNameParser.GetTypeFromDefaultAssemblies(String typeName, ReadOnlySpan`1 nestedTypeNames)
   at System.Reflection.TypeNameParser.GetType(String typeName, ReadOnlySpan`1 nestedTypeNames, String assemblyNameIfAny)
   at System.Reflection.TypeNameParser.NestedNamespaceTypeName.ResolveType(TypeNameParser& parser, String containingAssemblyIfAny)
   at System.Reflection.TypeNameParser.GetTypeHelper(Char* pTypeName, RuntimeAssembly requestingAssembly, Boolean throwOnError, Boolean requireAssemblyQualifiedName)
   at System.Reflection.CustomAttribute._CreateCaObject(RuntimeModule pModule, RuntimeType type, IRuntimeMethodInfo pCtor, Byte** ppBlob, Byte* pEndBlob, Int32* pcNamedArgs)
   at System.Reflection.CustomAttribute.AddCustomAttributes(ListBuilder`1& attributes, RuntimeModule decoratedModule, Int32 decoratedMetadataToken, RuntimeType attributeFilterType, Boolean mustBeInheritable, ListBuilder`1 derivedAttributes)
   at System.Reflection.CustomAttribute.GetCustomAttributes(RuntimeModule decoratedModule, Int32 decoratedMetadataToken, Int32 pcaCount, RuntimeType attributeFilterType)
   at System.Reflection.CustomAttribute.GetCustomAttributes(RuntimeMethodInfo method, RuntimeType caType, Boolean inherit)
   at System.Attribute.GetCustomAttributes(MemberInfo element, Type attributeType, Boolean inherit)
   at System.Diagnostics.StackTrace.TryResolveStateMachineMethod(MethodBase& method, Type& declaringType)
   at System.Diagnostics.StackTrace.ToString(TraceFormat traceFormat, StringBuilder sb)
   at System.Diagnostics.StackTrace.ToString(TraceFormat traceFormat)
   at System.Exception.get_StackTrace()
   at System.Exception.ToString()
   at Microsoft.Extensions.Logging.Debug.DebugLogger.Log[TState](LogLevel logLevel, EventId eventId, TState state, Exception exception, Func`3 formatter)
   at Microsoft.Extensions.Logging.Logger.<Log>g__LoggerLog|14_0[TState](LogLevel logLevel, EventId eventId, ILogger logger, Exception exception, Func`3 formatter, List`1& exceptions, TState& state)<---

 ---> (Inner Exception #2) System.TypeLoadException: Could not resolve type 'AspNetCoreGeneratedDocument.Pages_Widgets_Partials__ProductHighlight' in assembly 'TechVerse.Cms, Version=1.0.0.0, Culture=neutral, PublicKeyToken=null'.
   at System.Reflection.TypeNameParser.GetTypeFromDefaultAssemblies(String typeName, ReadOnlySpan`1 nestedTypeNames)
   at System.Reflection.TypeNameParser.GetType(String typeName, ReadOnlySpan`1 nestedTypeNames, String assemblyNameIfAny)
   at System.Reflection.TypeNameParser.NestedNamespaceTypeName.ResolveType(TypeNameParser& parser, String containingAssemblyIfAny)
   at System.Reflection.TypeNameParser.GetTypeHelper(Char* pTypeName, RuntimeAssembly requestingAssembly, Boolean throwOnError, Boolean requireAssemblyQualifiedName)
   at System.Reflection.CustomAttribute._CreateCaObject(RuntimeModule pModule, RuntimeType type, IRuntimeMethodInfo pCtor, Byte** ppBlob, Byte* pEndBlob, Int32* pcNamedArgs)
   at System.Reflection.CustomAttribute.AddCustomAttributes(ListBuilder`1& attributes, RuntimeModule decoratedModule, Int32 decoratedMetadataToken, RuntimeType attributeFilterType, Boolean mustBeInheritable, ListBuilder`1 derivedAttributes)
   at System.Reflection.CustomAttribute.GetCustomAttributes(RuntimeModule decoratedModule, Int32 decoratedMetadataToken, Int32 pcaCount, RuntimeType attributeFilterType)
   at System.Reflection.CustomAttribute.GetCustomAttributes(RuntimeMethodInfo method, RuntimeType caType, Boolean inherit)
   at System.Attribute.GetCustomAttributes(MemberInfo element, Type attributeType, Boolean inherit)
   at System.Diagnostics.StackTrace.TryResolveStateMachineMethod(MethodBase& method, Type& declaringType)
   at System.Diagnostics.StackTrace.ToString(TraceFormat traceFormat, StringBuilder sb)
   at System.Diagnostics.StackTrace.ToString(TraceFormat traceFormat)
   at System.Exception.get_StackTrace()
   at System.Exception.ToString()
   at System.Text.StringBuilder.Append(Object value)
   at Microsoft.Extensions.Logging.EventLog.EventLogLogger.Log[TState](LogLevel logLevel, EventId eventId, TState state, Exception exception, Func`3 formatter)
   at Microsoft.Extensions.Logging.Logger.<Log>g__LoggerLog|14_0[TState](LogLevel logLevel, EventId eventId, ILogger logger, Exception exception, Func`3 formatter, List`1& exceptions, TState& state)<---

2026-01-11 00:46:20.5697|Default|00-b07b6d965f431e0ad57e28ce6ed14864-54220a4fbcf3826d-00|1|Microsoft.AspNetCore.Diagnostics.DeveloperExceptionPageMiddleware|ERROR|An unhandled exception has occurred while executing the request. NLog message: Exception in NLog.LayoutRenderers.ExceptionLayoutRenderer.AppendToString(): System.TypeLoadException. 
2026-01-11 00:46:20.6003|Default|00-b07b6d965f431e0ad57e28ce6ed14864-54220a4fbcf3826d-00|2|Microsoft.AspNetCore.Server.IIS.Core.IISHttpServer|ERROR|Connection ID "18230571300991009167", Request ID "40000190-0002-fd00-b63f-84710c7967bb": An unhandled exception was thrown by the application. System.AggregateException: An error occurred while writing to logger(s). (Could not resolve type 'AspNetCoreGeneratedDocument.Pages_Widgets_Partials__ProductHighlight' in assembly 'TechVerse.Cms, Version=1.0.0.0, Culture=neutral, PublicKeyToken=null'.) (Could not resolve type 'AspNetCoreGeneratedDocument.Pages_Widgets_Partials__ProductHighlight' in assembly 'TechVerse.Cms, Version=1.0.0.0, Culture=neutral, PublicKeyToken=null'.) (Could not resolve type 'AspNetCoreGeneratedDocument.Pages_Widgets_Partials__ProductHighlight' in assembly 'TechVerse.Cms, Version=1.0.0.0, Culture=neutral, PublicKeyToken=null'.)
 ---> System.TypeLoadException: Could not resolve type 'AspNetCoreGeneratedDocument.Pages_Widgets_Partials__ProductHighlight' in assembly 'TechVerse.Cms, Version=1.0.0.0, Culture=neutral, PublicKeyToken=null'.
   at System.Reflection.TypeNameParser.GetTypeFromDefaultAssemblies(String typeName, ReadOnlySpan`1 nestedTypeNames)
   at System.Reflection.TypeNameParser.GetType(String typeName, ReadOnlySpan`1 nestedTypeNames, String assemblyNameIfAny)
   at System.Reflection.TypeNameParser.NestedNamespaceTypeName.ResolveType(TypeNameParser& parser, String containingAssemblyIfAny)
   at System.Reflection.TypeNameParser.GetTypeHelper(Char* pTypeName, RuntimeAssembly requestingAssembly, Boolean throwOnError, Boolean requireAssemblyQualifiedName)
   at System.Reflection.CustomAttribute._CreateCaObject(RuntimeModule pModule, RuntimeType type, IRuntimeMethodInfo pCtor, Byte** ppBlob, Byte* pEndBlob, Int32* pcNamedArgs)
   at System.Reflection.CustomAttribute.AddCustomAttributes(ListBuilder`1& attributes, RuntimeModule decoratedModule, Int32 decoratedMetadataToken, RuntimeType attributeFilterType, Boolean mustBeInheritable, ListBuilder`1 derivedAttributes)
   at System.Reflection.CustomAttribute.GetCustomAttributes(RuntimeModule decoratedModule, Int32 decoratedMetadataToken, Int32 pcaCount, RuntimeType attributeFilterType)
   at System.Reflection.CustomAttribute.GetCustomAttributes(RuntimeMethodInfo method, RuntimeType caType, Boolean inherit)
   at System.Attribute.GetCustomAttributes(MemberInfo element, Type attributeType, Boolean inherit)
   at System.Diagnostics.StackTrace.TryResolveStateMachineMethod(MethodBase& method, Type& declaringType)
   at System.Diagnostics.StackTrace.ToString(TraceFormat traceFormat, StringBuilder sb)
   at System.Exception.get_StackTrace()
   at System.Exception.ToString()
   at Microsoft.Extensions.Logging.Console.SimpleConsoleFormatter.CreateDefaultLogMessage[TState](TextWriter textWriter, LogEntry`1& logEntry, String message, IExternalScopeProvider scopeProvider)
   at Microsoft.Extensions.Logging.Console.SimpleConsoleFormatter.Write[TState](LogEntry`1& logEntry, IExternalScopeProvider scopeProvider, TextWriter textWriter)
   at Microsoft.Extensions.Logging.Console.ConsoleLogger.Log[TState](LogLevel logLevel, EventId eventId, TState state, Exception exception, Func`3 formatter)
   at Microsoft.Extensions.Logging.Logger.<Log>g__LoggerLog|14_0[TState](LogLevel logLevel, EventId eventId, ILogger logger, Exception exception, Func`3 formatter, List`1& exceptions, TState& state)
   --- End of inner exception stack trace ---
 ---> (Inner Exception #1) System.TypeLoadException: Could not resolve type 'AspNetCoreGeneratedDocument.Pages_Widgets_Partials__ProductHighlight' in assembly 'TechVerse.Cms, Version=1.0.0.0, Culture=neutral, PublicKeyToken=null'.
   at System.Reflection.TypeNameParser.GetTypeFromDefaultAssemblies(String typeName, ReadOnlySpan`1 nestedTypeNames)
   at System.Reflection.TypeNameParser.GetType(String typeName, ReadOnlySpan`1 nestedTypeNames, String assemblyNameIfAny)
   at System.Reflection.TypeNameParser.NestedNamespaceTypeName.ResolveType(TypeNameParser& parser, String containingAssemblyIfAny)
   at System.Reflection.TypeNameParser.GetTypeHelper(Char* pTypeName, RuntimeAssembly requestingAssembly, Boolean throwOnError, Boolean requireAssemblyQualifiedName)
   at System.Reflection.CustomAttribute._CreateCaObject(RuntimeModule pModule, RuntimeType type, IRuntimeMethodInfo pCtor, Byte** ppBlob, Byte* pEndBlob, Int32* pcNamedArgs)
   at System.Reflection.CustomAttribute.AddCustomAttributes(ListBuilder`1& attributes, RuntimeModule decoratedModule, Int32 decoratedMetadataToken, RuntimeType attributeFilterType, Boolean mustBeInheritable, ListBuilder`1 derivedAttributes)
   at System.Reflection.CustomAttribute.GetCustomAttributes(RuntimeModule decoratedModule, Int32 decoratedMetadataToken, Int32 pcaCount, RuntimeType attributeFilterType)
   at System.Reflection.CustomAttribute.GetCustomAttributes(RuntimeMethodInfo method, RuntimeType caType, Boolean inherit)
   at System.Attribute.GetCustomAttributes(MemberInfo element, Type attributeType, Boolean inherit)
   at System.Diagnostics.StackTrace.TryResolveStateMachineMethod(MethodBase& method, Type& declaringType)
   at System.Diagnostics.StackTrace.ToString(TraceFormat traceFormat, StringBuilder sb)
   at System.Exception.get_StackTrace()
   at System.Exception.ToString()
   at Microsoft.Extensions.Logging.Debug.DebugLogger.Log[TState](LogLevel logLevel, EventId eventId, TState state, Exception exception, Func`3 formatter)
   at Microsoft.Extensions.Logging.Logger.<Log>g__LoggerLog|14_0[TState](LogLevel logLevel, EventId eventId, ILogger logger, Exception exception, Func`3 formatter, List`1& exceptions, TState& state)<---

 ---> (Inner Exception #2) System.TypeLoadException: Could not resolve type 'AspNetCoreGeneratedDocument.Pages_Widgets_Partials__ProductHighlight' in assembly 'TechVerse.Cms, Version=1.0.0.0, Culture=neutral, PublicKeyToken=null'.
   at System.Reflection.TypeNameParser.GetTypeFromDefaultAssemblies(String typeName, ReadOnlySpan`1 nestedTypeNames)
   at System.Reflection.TypeNameParser.GetType(String typeName, ReadOnlySpan`1 nestedTypeNames, String assemblyNameIfAny)
   at System.Reflection.TypeNameParser.NestedNamespaceTypeName.ResolveType(TypeNameParser& parser, String containingAssemblyIfAny)
   at System.Reflection.TypeNameParser.GetTypeHelper(Char* pTypeName, RuntimeAssembly requestingAssembly, Boolean throwOnError, Boolean requireAssemblyQualifiedName)
   at System.Reflection.CustomAttribute._CreateCaObject(RuntimeModule pModule, RuntimeType type, IRuntimeMethodInfo pCtor, Byte** ppBlob, Byte* pEndBlob, Int32* pcNamedArgs)
   at System.Reflection.CustomAttribute.AddCustomAttributes(ListBuilder`1& attributes, RuntimeModule decoratedModule, Int32 decoratedMetadataToken, RuntimeType attributeFilterType, Boolean mustBeInheritable, ListBuilder`1 derivedAttributes)
   at System.Reflection.CustomAttribute.GetCustomAttributes(RuntimeModule decoratedModule, Int32 decoratedMetadataToken, Int32 pcaCount, RuntimeType attributeFilterType)
   at System.Reflection.CustomAttribute.GetCustomAttributes(RuntimeMethodInfo method, RuntimeType caType, Boolean inherit)
   at System.Attribute.GetCustomAttributes(MemberInfo element, Type attributeType, Boolean inherit)
   at System.Diagnostics.StackTrace.TryResolveStateMachineMethod(MethodBase& method, Type& declaringType)
   at System.Diagnostics.StackTrace.ToString(TraceFormat traceFormat, StringBuilder sb)
   at System.Exception.get_StackTrace()
   at System.Exception.ToString()
   at System.Text.StringBuilder.Append(Object value)
   at Microsoft.Extensions.Logging.EventLog.EventLogLogger.Log[TState](LogLevel logLevel, EventId eventId, TState state, Exception exception, Func`3 formatter)
   at Microsoft.Extensions.Logging.Logger.<Log>g__LoggerLog|14_0[TState](LogLevel logLevel, EventId eventId, ILogger logger, Exception exception, Func`3 formatter, List`1& exceptions, TState& state)<---

2026-01-11 00:46:22.2871|Default|00-8cebfb7fe3f5abf40613811e07930062-f6f6937e434287ef-00|1|Microsoft.AspNetCore.Diagnostics.DeveloperExceptionPageMiddleware|ERROR|An unhandled exception has occurred while executing the request. NLog message: Exception in NLog.LayoutRenderers.ExceptionLayoutRenderer.AppendToString(): System.TypeLoadException. 
2026-01-11 00:46:22.3168|Default|00-8cebfb7fe3f5abf40613811e07930062-f6f6937e434287ef-00|2|Microsoft.AspNetCore.Server.IIS.Core.IISHttpServer|ERROR|Connection ID "17870283322211434774", Request ID "40000117-0000-f800-b63f-84710c7967bb": An unhandled exception was thrown by the application. System.AggregateException: An error occurred while writing to logger(s). (Could not resolve type 'AspNetCoreGeneratedDocument.Pages_Widgets_Partials__ProductHighlight' in assembly 'TechVerse.Cms, Version=1.0.0.0, Culture=neutral, PublicKeyToken=null'.) (Could not resolve type 'AspNetCoreGeneratedDocument.Pages_Widgets_Partials__ProductHighlight' in assembly 'TechVerse.Cms, Version=1.0.0.0, Culture=neutral, PublicKeyToken=null'.) (Could not resolve type 'AspNetCoreGeneratedDocument.Pages_Widgets_Partials__ProductHighlight' in assembly 'TechVerse.Cms, Version=1.0.0.0, Culture=neutral, PublicKeyToken=null'.)
 ---> System.TypeLoadException: Could not resolve type 'AspNetCoreGeneratedDocument.Pages_Widgets_Partials__ProductHighlight' in assembly 'TechVerse.Cms, Version=1.0.0.0, Culture=neutral, PublicKeyToken=null'.
   at System.Reflection.TypeNameParser.GetTypeFromDefaultAssemblies(String typeName, ReadOnlySpan`1 nestedTypeNames)
   at System.Reflection.TypeNameParser.GetType(String typeName, ReadOnlySpan`1 nestedTypeNames, String assemblyNameIfAny)
   at System.Reflection.TypeNameParser.NestedNamespaceTypeName.ResolveType(TypeNameParser& parser, String containingAssemblyIfAny)
   at System.Reflection.TypeNameParser.GetTypeHelper(Char* pTypeName, RuntimeAssembly requestingAssembly, Boolean throwOnError, Boolean requireAssemblyQualifiedName)
   at System.Reflection.CustomAttribute._CreateCaObject(RuntimeModule pModule, RuntimeType type, IRuntimeMethodInfo pCtor, Byte** ppBlob, Byte* pEndBlob, Int32* pcNamedArgs)
   at System.Reflection.CustomAttribute.AddCustomAttributes(ListBuilder`1& attributes, RuntimeModule decoratedModule, Int32 decoratedMetadataToken, RuntimeType attributeFilterType, Boolean mustBeInheritable, ListBuilder`1 derivedAttributes)
   at System.Reflection.CustomAttribute.GetCustomAttributes(RuntimeModule decoratedModule, Int32 decoratedMetadataToken, Int32 pcaCount, RuntimeType attributeFilterType)
   at System.Reflection.CustomAttribute.GetCustomAttributes(RuntimeMethodInfo method, RuntimeType caType, Boolean inherit)
   at System.Attribute.GetCustomAttributes(MemberInfo element, Type attributeType, Boolean inherit)
   at System.Diagnostics.StackTrace.TryResolveStateMachineMethod(MethodBase& method, Type& declaringType)
   at System.Diagnostics.StackTrace.ToString(TraceFormat traceFormat, StringBuilder sb)
   at System.Exception.get_StackTrace()
   at System.Exception.ToString()
   at Microsoft.Extensions.Logging.Console.SimpleConsoleFormatter.CreateDefaultLogMessage[TState](TextWriter textWriter, LogEntry`1& logEntry, String message, IExternalScopeProvider scopeProvider)
   at Microsoft.Extensions.Logging.Console.SimpleConsoleFormatter.Write[TState](LogEntry`1& logEntry, IExternalScopeProvider scopeProvider, TextWriter textWriter)
   at Microsoft.Extensions.Logging.Console.ConsoleLogger.Log[TState](LogLevel logLevel, EventId eventId, TState state, Exception exception, Func`3 formatter)
   at Microsoft.Extensions.Logging.Logger.<Log>g__LoggerLog|14_0[TState](LogLevel logLevel, EventId eventId, ILogger logger, Exception exception, Func`3 formatter, List`1& exceptions, TState& state)
   --- End of inner exception stack trace ---
 ---> (Inner Exception #1) System.TypeLoadException: Could not resolve type 'AspNetCoreGeneratedDocument.Pages_Widgets_Partials__ProductHighlight' in assembly 'TechVerse.Cms, Version=1.0.0.0, Culture=neutral, PublicKeyToken=null'.
   at System.Reflection.TypeNameParser.GetTypeFromDefaultAssemblies(String typeName, ReadOnlySpan`1 nestedTypeNames)
   at System.Reflection.TypeNameParser.GetType(String typeName, ReadOnlySpan`1 nestedTypeNames, String assemblyNameIfAny)
   at System.Reflection.TypeNameParser.NestedNamespaceTypeName.ResolveType(TypeNameParser& parser, String containingAssemblyIfAny)
   at System.Reflection.TypeNameParser.GetTypeHelper(Char* pTypeName, RuntimeAssembly requestingAssembly, Boolean throwOnError, Boolean requireAssemblyQualifiedName)
   at System.Reflection.CustomAttribute._CreateCaObject(RuntimeModule pModule, RuntimeType type, IRuntimeMethodInfo pCtor, Byte** ppBlob, Byte* pEndBlob, Int32* pcNamedArgs)
   at System.Reflection.CustomAttribute.AddCustomAttributes(ListBuilder`1& attributes, RuntimeModule decoratedModule, Int32 decoratedMetadataToken, RuntimeType attributeFilterType, Boolean mustBeInheritable, ListBuilder`1 derivedAttributes)
   at System.Reflection.CustomAttribute.GetCustomAttributes(RuntimeModule decoratedModule, Int32 decoratedMetadataToken, Int32 pcaCount, RuntimeType attributeFilterType)
   at System.Reflection.CustomAttribute.GetCustomAttributes(RuntimeMethodInfo method, RuntimeType caType, Boolean inherit)
   at System.Attribute.GetCustomAttributes(MemberInfo element, Type attributeType, Boolean inherit)
   at System.Diagnostics.StackTrace.TryResolveStateMachineMethod(MethodBase& method, Type& declaringType)
   at System.Diagnostics.StackTrace.ToString(TraceFormat traceFormat, StringBuilder sb)
   at System.Exception.get_StackTrace()
   at System.Exception.ToString()
   at Microsoft.Extensions.Logging.Debug.DebugLogger.Log[TState](LogLevel logLevel, EventId eventId, TState state, Exception exception, Func`3 formatter)
   at Microsoft.Extensions.Logging.Logger.<Log>g__LoggerLog|14_0[TState](LogLevel logLevel, EventId eventId, ILogger logger, Exception exception, Func`3 formatter, List`1& exceptions, TState& state)<---

 ---> (Inner Exception #2) System.TypeLoadException: Could not resolve type 'AspNetCoreGeneratedDocument.Pages_Widgets_Partials__ProductHighlight' in assembly 'TechVerse.Cms, Version=1.0.0.0, Culture=neutral, PublicKeyToken=null'.
   at System.Reflection.TypeNameParser.GetTypeFromDefaultAssemblies(String typeName, ReadOnlySpan`1 nestedTypeNames)
   at System.Reflection.TypeNameParser.GetType(String typeName, ReadOnlySpan`1 nestedTypeNames, String assemblyNameIfAny)
   at System.Reflection.TypeNameParser.NestedNamespaceTypeName.ResolveType(TypeNameParser& parser, String containingAssemblyIfAny)
   at System.Reflection.TypeNameParser.GetTypeHelper(Char* pTypeName, RuntimeAssembly requestingAssembly, Boolean throwOnError, Boolean requireAssemblyQualifiedName)
   at System.Reflection.CustomAttribute._CreateCaObject(RuntimeModule pModule, RuntimeType type, IRuntimeMethodInfo pCtor, Byte** ppBlob, Byte* pEndBlob, Int32* pcNamedArgs)
   at System.Reflection.CustomAttribute.AddCustomAttributes(ListBuilder`1& attributes, RuntimeModule decoratedModule, Int32 decoratedMetadataToken, RuntimeType attributeFilterType, Boolean mustBeInheritable, ListBuilder`1 derivedAttributes)
   at System.Reflection.CustomAttribute.GetCustomAttributes(RuntimeModule decoratedModule, Int32 decoratedMetadataToken, Int32 pcaCount, RuntimeType attributeFilterType)
   at System.Reflection.CustomAttribute.GetCustomAttributes(RuntimeMethodInfo method, RuntimeType caType, Boolean inherit)
   at System.Attribute.GetCustomAttributes(MemberInfo element, Type attributeType, Boolean inherit)
   at System.Diagnostics.StackTrace.TryResolveStateMachineMethod(MethodBase& method, Type& declaringType)
   at System.Diagnostics.StackTrace.ToString(TraceFormat traceFormat, StringBuilder sb)
   at System.Exception.get_StackTrace()
   at System.Exception.ToString()
   at System.Text.StringBuilder.Append(Object value)
   at Microsoft.Extensions.Logging.EventLog.EventLogLogger.Log[TState](LogLevel logLevel, EventId eventId, TState state, Exception exception, Func`3 formatter)
   at Microsoft.Extensions.Logging.Logger.<Log>g__LoggerLog|14_0[TState](LogLevel logLevel, EventId eventId, ILogger logger, Exception exception, Func`3 formatter, List`1& exceptions, TState& state)<---

2026-01-11 00:46:52.6974|Default|00-23c9eead09201e31a0943c27c32d7d77-aa2b51607d2f606e-00|1|Microsoft.AspNetCore.Diagnostics.DeveloperExceptionPageMiddleware|ERROR|An unhandled exception has occurred while executing the request. NLog message: Exception in NLog.LayoutRenderers.ExceptionLayoutRenderer.AppendToString(): System.TypeLoadException. 
2026-01-11 00:46:52.7280|Default|00-23c9eead09201e31a0943c27c32d7d77-aa2b51607d2f606e-00|2|Microsoft.AspNetCore.Server.IIS.Core.IISHttpServer|ERROR|Connection ID "18014398527467159786", Request ID "400000eb-0004-fa00-b63f-84710c7967bb": An unhandled exception was thrown by the application. System.AggregateException: An error occurred while writing to logger(s). (Could not resolve type 'AspNetCoreGeneratedDocument.Pages_Widgets_Partials__ProductHighlight' in assembly 'TechVerse.Cms, Version=1.0.0.0, Culture=neutral, PublicKeyToken=null'.) (Could not resolve type 'AspNetCoreGeneratedDocument.Pages_Widgets_Partials__ProductHighlight' in assembly 'TechVerse.Cms, Version=1.0.0.0, Culture=neutral, PublicKeyToken=null'.) (Could not resolve type 'AspNetCoreGeneratedDocument.Pages_Widgets_Partials__ProductHighlight' in assembly 'TechVerse.Cms, Version=1.0.0.0, Culture=neutral, PublicKeyToken=null'.)
 ---> System.TypeLoadException: Could not resolve type 'AspNetCoreGeneratedDocument.Pages_Widgets_Partials__ProductHighlight' in assembly 'TechVerse.Cms, Version=1.0.0.0, Culture=neutral, PublicKeyToken=null'.
   at System.Reflection.TypeNameParser.GetTypeFromDefaultAssemblies(String typeName, ReadOnlySpan`1 nestedTypeNames)
   at System.Reflection.TypeNameParser.GetType(String typeName, ReadOnlySpan`1 nestedTypeNames, String assemblyNameIfAny)
   at System.Reflection.TypeNameParser.NestedNamespaceTypeName.ResolveType(TypeNameParser& parser, String containingAssemblyIfAny)
   at System.Reflection.TypeNameParser.GetTypeHelper(Char* pTypeName, RuntimeAssembly requestingAssembly, Boolean throwOnError, Boolean requireAssemblyQualifiedName)
   at System.Reflection.CustomAttribute._CreateCaObject(RuntimeModule pModule, RuntimeType type, IRuntimeMethodInfo pCtor, Byte** ppBlob, Byte* pEndBlob, Int32* pcNamedArgs)
   at System.Reflection.CustomAttribute.AddCustomAttributes(ListBuilder`1& attributes, RuntimeModule decoratedModule, Int32 decoratedMetadataToken, RuntimeType attributeFilterType, Boolean mustBeInheritable, ListBuilder`1 derivedAttributes)
   at System.Reflection.CustomAttribute.GetCustomAttributes(RuntimeModule decoratedModule, Int32 decoratedMetadataToken, Int32 pcaCount, RuntimeType attributeFilterType)
   at System.Reflection.CustomAttribute.GetCustomAttributes(RuntimeMethodInfo method, RuntimeType caType, Boolean inherit)
   at System.Attribute.GetCustomAttributes(MemberInfo element, Type attributeType, Boolean inherit)
   at System.Diagnostics.StackTrace.TryResolveStateMachineMethod(MethodBase& method, Type& declaringType)
   at System.Diagnostics.StackTrace.ToString(TraceFormat traceFormat, StringBuilder sb)
   at System.Exception.get_StackTrace()
   at System.Exception.ToString()
   at Microsoft.Extensions.Logging.Console.SimpleConsoleFormatter.CreateDefaultLogMessage[TState](TextWriter textWriter, LogEntry`1& logEntry, String message, IExternalScopeProvider scopeProvider)
   at Microsoft.Extensions.Logging.Console.SimpleConsoleFormatter.Write[TState](LogEntry`1& logEntry, IExternalScopeProvider scopeProvider, TextWriter textWriter)
   at Microsoft.Extensions.Logging.Console.ConsoleLogger.Log[TState](LogLevel logLevel, EventId eventId, TState state, Exception exception, Func`3 formatter)
   at Microsoft.Extensions.Logging.Logger.<Log>g__LoggerLog|14_0[TState](LogLevel logLevel, EventId eventId, ILogger logger, Exception exception, Func`3 formatter, List`1& exceptions, TState& state)
   --- End of inner exception stack trace ---
 ---> (Inner Exception #1) System.TypeLoadException: Could not resolve type 'AspNetCoreGeneratedDocument.Pages_Widgets_Partials__ProductHighlight' in assembly 'TechVerse.Cms, Version=1.0.0.0, Culture=neutral, PublicKeyToken=null'.
   at System.Reflection.TypeNameParser.GetTypeFromDefaultAssemblies(String typeName, ReadOnlySpan`1 nestedTypeNames)
   at System.Reflection.TypeNameParser.GetType(String typeName, ReadOnlySpan`1 nestedTypeNames, String assemblyNameIfAny)
   at System.Reflection.TypeNameParser.NestedNamespaceTypeName.ResolveType(TypeNameParser& parser, String containingAssemblyIfAny)
   at System.Reflection.TypeNameParser.GetTypeHelper(Char* pTypeName, RuntimeAssembly requestingAssembly, Boolean throwOnError, Boolean requireAssemblyQualifiedName)
   at System.Reflection.CustomAttribute._CreateCaObject(RuntimeModule pModule, RuntimeType type, IRuntimeMethodInfo pCtor, Byte** ppBlob, Byte* pEndBlob, Int32* pcNamedArgs)
   at System.Reflection.CustomAttribute.AddCustomAttributes(ListBuilder`1& attributes, RuntimeModule decoratedModule, Int32 decoratedMetadataToken, RuntimeType attributeFilterType, Boolean mustBeInheritable, ListBuilder`1 derivedAttributes)
   at System.Reflection.CustomAttribute.GetCustomAttributes(RuntimeModule decoratedModule, Int32 decoratedMetadataToken, Int32 pcaCount, RuntimeType attributeFilterType)
   at System.Reflection.CustomAttribute.GetCustomAttributes(RuntimeMethodInfo method, RuntimeType caType, Boolean inherit)
   at System.Attribute.GetCustomAttributes(MemberInfo element, Type attributeType, Boolean inherit)
   at System.Diagnostics.StackTrace.TryResolveStateMachineMethod(MethodBase& method, Type& declaringType)
   at System.Diagnostics.StackTrace.ToString(TraceFormat traceFormat, StringBuilder sb)
   at System.Exception.get_StackTrace()
   at System.Exception.ToString()
   at Microsoft.Extensions.Logging.Debug.DebugLogger.Log[TState](LogLevel logLevel, EventId eventId, TState state, Exception exception, Func`3 formatter)
   at Microsoft.Extensions.Logging.Logger.<Log>g__LoggerLog|14_0[TState](LogLevel logLevel, EventId eventId, ILogger logger, Exception exception, Func`3 formatter, List`1& exceptions, TState& state)<---

 ---> (Inner Exception #2) System.TypeLoadException: Could not resolve type 'AspNetCoreGeneratedDocument.Pages_Widgets_Partials__ProductHighlight' in assembly 'TechVerse.Cms, Version=1.0.0.0, Culture=neutral, PublicKeyToken=null'.
   at System.Reflection.TypeNameParser.GetTypeFromDefaultAssemblies(String typeName, ReadOnlySpan`1 nestedTypeNames)
   at System.Reflection.TypeNameParser.GetType(String typeName, ReadOnlySpan`1 nestedTypeNames, String assemblyNameIfAny)
   at System.Reflection.TypeNameParser.NestedNamespaceTypeName.ResolveType(TypeNameParser& parser, String containingAssemblyIfAny)
   at System.Reflection.TypeNameParser.GetTypeHelper(Char* pTypeName, RuntimeAssembly requestingAssembly, Boolean throwOnError, Boolean requireAssemblyQualifiedName)
   at System.Reflection.CustomAttribute._CreateCaObject(RuntimeModule pModule, RuntimeType type, IRuntimeMethodInfo pCtor, Byte** ppBlob, Byte* pEndBlob, Int32* pcNamedArgs)
   at System.Reflection.CustomAttribute.AddCustomAttributes(ListBuilder`1& attributes, RuntimeModule decoratedModule, Int32 decoratedMetadataToken, RuntimeType attributeFilterType, Boolean mustBeInheritable, ListBuilder`1 derivedAttributes)
   at System.Reflection.CustomAttribute.GetCustomAttributes(RuntimeModule decoratedModule, Int32 decoratedMetadataToken, Int32 pcaCount, RuntimeType attributeFilterType)
   at System.Reflection.CustomAttribute.GetCustomAttributes(RuntimeMethodInfo method, RuntimeType caType, Boolean inherit)
   at System.Attribute.GetCustomAttributes(MemberInfo element, Type attributeType, Boolean inherit)
   at System.Diagnostics.StackTrace.TryResolveStateMachineMethod(MethodBase& method, Type& declaringType)
   at System.Diagnostics.StackTrace.ToString(TraceFormat traceFormat, StringBuilder sb)
   at System.Exception.get_StackTrace()
   at System.Exception.ToString()
   at System.Text.StringBuilder.Append(Object value)
   at Microsoft.Extensions.Logging.EventLog.EventLogLogger.Log[TState](LogLevel logLevel, EventId eventId, TState state, Exception exception, Func`3 formatter)
   at Microsoft.Extensions.Logging.Logger.<Log>g__LoggerLog|14_0[TState](LogLevel logLevel, EventId eventId, ILogger logger, Exception exception, Func`3 formatter, List`1& exceptions, TState& state)<---

2026-01-11 00:47:09.4131||||Microsoft.Hosting.Lifetime|INFO|Application started. Press Ctrl+C to shut down. 
2026-01-11 00:47:09.4783||||Microsoft.Hosting.Lifetime|INFO|Hosting environment: Development 
2026-01-11 00:47:09.4885||||Microsoft.Hosting.Lifetime|INFO|Content root path: C:\Users\Wanwi\OneDrive\Desktop\TechVerse\TechVerse.Cms 
2026-01-11 00:47:17.8812|Default|00-1b4c68a933b308f36ec4eea71bdac757-fcfe58d167a6b0b2-00|1|Microsoft.AspNetCore.Diagnostics.DeveloperExceptionPageMiddleware|ERROR|An unhandled exception has occurred while executing the request. Microsoft.CSharp.RuntimeBinder.RuntimeBinderException: Cannot implicitly convert type 'System.Text.Json.Dynamic.JsonDynamicArray' to 'string'
   at CallSite.Target(Closure, CallSite, Object)
   at System.Dynamic.UpdateDelegates.UpdateAndExecute1[T0,TRet](CallSite site, T0 arg0)
   at AspNetCoreGeneratedDocument.Pages_Widgets_Partials__ProductHighlight.ExecuteAsync() in C:\Users\Wanwi\OneDrive\Desktop\TechVerse\TechVerse.Cms\Pages\Widgets\Partials\_ProductHighlight.cshtml:line 43
   at Microsoft.AspNetCore.Mvc.Razor.RazorView.RenderPageCoreAsync(IRazorPage page, ViewContext context)
   at Microsoft.AspNetCore.Mvc.Razor.RazorView.RenderPageAsync(IRazorPage page, ViewContext context, Boolean invokeViewStarts)
   at Microsoft.AspNetCore.Mvc.Razor.RazorView.RenderAsync(ViewContext context)
   at Microsoft.AspNetCore.Mvc.ViewFeatures.HtmlHelper.RenderPartialCoreAsync(String partialViewName, Object model, ViewDataDictionary viewData, TextWriter writer)
   at Microsoft.AspNetCore.Mvc.ViewFeatures.HtmlHelper.PartialAsync(String partialViewName, Object model, ViewDataDictionary viewData)
   at AspNetCoreGeneratedDocument.Pages_Home_Index.ExecuteAsync() in C:\Users\Wanwi\OneDrive\Desktop\TechVerse\TechVerse.Cms\Pages\Home\Index.cshtml:line 36
   at Microsoft.AspNetCore.Mvc.Razor.RazorView.RenderPageCoreAsync(IRazorPage page, ViewContext context)
   at Microsoft.AspNetCore.Mvc.Razor.RazorView.RenderPageAsync(IRazorPage page, ViewContext context, Boolean invokeViewStarts)
   at Microsoft.AspNetCore.Mvc.Razor.RazorView.RenderAsync(ViewContext context)
   at Microsoft.AspNetCore.Mvc.ViewFeatures.ViewExecutor.ExecuteAsync(ViewContext viewContext, String contentType, Nullable`1 statusCode)
   at Microsoft.AspNetCore.Mvc.ViewFeatures.ViewExecutor.ExecuteAsync(ViewContext viewContext, String contentType, Nullable`1 statusCode)
   at Microsoft.AspNetCore.Mvc.Infrastructure.ResourceInvoker.<InvokeNextResultFilterAsync>g__Awaited|30_0[TFilter,TFilterAsync](ResourceInvoker invoker, Task lastTask, State next, Scope scope, Object state, Boolean isCompleted)
   at Microsoft.AspNetCore.Mvc.Infrastructure.ResourceInvoker.Rethrow(ResultExecutedContextSealed context)
   at Microsoft.AspNetCore.Mvc.Infrastructure.ResourceInvoker.ResultNext[TFilter,TFilterAsync](State& next, Scope& scope, Object& state, Boolean& isCompleted)
   at Microsoft.AspNetCore.Mvc.Infrastructure.ResourceInvoker.<InvokeResultFilters>g__Awaited|28_0(ResourceInvoker invoker, Task lastTask, State next, Scope scope, Object state, Boolean isCompleted)
   at Microsoft.AspNetCore.Mvc.Infrastructure.ResourceInvoker.<InvokeNextResourceFilter>g__Awaited|25_0(ResourceInvoker invoker, Task lastTask, State next, Scope scope, Object state, Boolean isCompleted)
   at Microsoft.AspNetCore.Mvc.Infrastructure.ResourceInvoker.Rethrow(ResourceExecutedContextSealed context)
   at Microsoft.AspNetCore.Mvc.Infrastructure.ResourceInvoker.Next(State& next, Scope& scope, Object& state, Boolean& isCompleted)
   at Microsoft.AspNetCore.Mvc.Infrastructure.ResourceInvoker.<InvokeFilterPipelineAsync>g__Awaited|20_0(ResourceInvoker invoker, Task lastTask, State next, Scope scope, Object state, Boolean isCompleted)
   at Microsoft.AspNetCore.Mvc.Infrastructure.ResourceInvoker.<InvokeAsync>g__Awaited|17_0(ResourceInvoker invoker, Task task, IDisposable scope)
   at Microsoft.AspNetCore.Mvc.Infrastructure.ResourceInvoker.<InvokeAsync>g__Awaited|17_0(ResourceInvoker invoker, Task task, IDisposable scope)
   at Swashbuckle.AspNetCore.SwaggerUI.SwaggerUIMiddleware.Invoke(HttpContext httpContext)
   at Swashbuckle.AspNetCore.Swagger.SwaggerMiddleware.Invoke(HttpContext httpContext, ISwaggerProvider swaggerProvider)
   at SixLabors.ImageSharp.Web.Middleware.ImageSharpMiddleware.Invoke(HttpContext httpContext, Boolean retry)
   at OrchardCore.Media.Services.SecureMediaMiddleware.Invoke(HttpContext context, IAuthorizationService authorizationService, IAuthenticationService authenticationService)
   at Microsoft.AspNetCore.Authorization.AuthorizationMiddleware.Invoke(HttpContext context)
   at OrchardCore.Liquid.ScriptsMiddleware.Invoke(HttpContext httpContext)
   at Microsoft.AspNetCore.Authentication.AuthenticationMiddleware.Invoke(HttpContext context)
   at OrchardCore.Diagnostics.DiagnosticsStartupFilter.<>c__DisplayClass3_0.<<Configure>b__1>d.MoveNext()
--- End of stack trace from previous location ---
   at Microsoft.AspNetCore.Diagnostics.StatusCodePagesMiddleware.Invoke(HttpContext context)
   at OrchardCore.ContentPreview.PreviewStartupFilter.<>c.<<Configure>b__0_1>d.MoveNext()
--- End of stack trace from previous location ---
   at OrchardCore.Users.Services.ExternalAuthenticationsStartupFilter.<>c.<<Configure>b__0_1>d.MoveNext()
--- End of stack trace from previous location ---
   at OrchardCore.Modules.ModularTenantRouterMiddleware.Invoke(HttpContext httpContext)
   at OrchardCore.Modules.ModularTenantContainerMiddleware.<>c__DisplayClass4_0.<<Invoke>b__0>d.MoveNext()
--- End of stack trace from previous location ---
   at OrchardCore.Environment.Shell.Scope.ShellScope.UsingAsync(Func`2 execute, Boolean activateShell)
   at OrchardCore.Environment.Shell.Scope.ShellScope.UsingAsync(Func`2 execute, Boolean activateShell)
   at OrchardCore.Environment.Shell.Scope.ShellScope.UsingAsync(Func`2 execute, Boolean activateShell)
   at OrchardCore.Environment.Shell.Scope.ShellScope.UsingAsync(Func`2 execute, Boolean activateShell)
   at OrchardCore.Environment.Shell.Scope.ShellScope.UsingAsync(Func`2 execute, Boolean activateShell)
   at OrchardCore.Modules.ModularTenantContainerMiddleware.Invoke(HttpContext httpContext)
   at Microsoft.AspNetCore.Authentication.AuthenticationMiddleware.Invoke(HttpContext context)
   at Microsoft.AspNetCore.Diagnostics.DeveloperExceptionPageMiddlewareImpl.Invoke(HttpContext context)    at CallSite.Target(Closure, CallSite, Object)
   at System.Dynamic.UpdateDelegates.UpdateAndExecute1[T0,TRet](CallSite site, T0 arg0)
   at AspNetCoreGeneratedDocument.Pages_Widgets_Partials__ProductHighlight.ExecuteAsync() in C:\Users\Wanwi\OneDrive\Desktop\TechVerse\TechVerse.Cms\Pages\Widgets\Partials\_ProductHighlight.cshtml:line 43
   at Microsoft.AspNetCore.Mvc.Razor.RazorView.RenderPageCoreAsync(IRazorPage page, ViewContext context)
   at Microsoft.AspNetCore.Mvc.Razor.RazorView.RenderPageAsync(IRazorPage page, ViewContext context, Boolean invokeViewStarts)
   at Microsoft.AspNetCore.Mvc.Razor.RazorView.RenderAsync(ViewContext context)
   at Microsoft.AspNetCore.Mvc.ViewFeatures.HtmlHelper.RenderPartialCoreAsync(String partialViewName, Object model, ViewDataDictionary viewData, TextWriter writer)
   at Microsoft.AspNetCore.Mvc.ViewFeatures.HtmlHelper.PartialAsync(String partialViewName, Object model, ViewDataDictionary viewData)
   at AspNetCoreGeneratedDocument.Pages_Home_Index.ExecuteAsync() in C:\Users\Wanwi\OneDrive\Desktop\TechVerse\TechVerse.Cms\Pages\Home\Index.cshtml:line 36
   at Microsoft.AspNetCore.Mvc.Razor.RazorView.RenderPageCoreAsync(IRazorPage page, ViewContext context)
   at Microsoft.AspNetCore.Mvc.Razor.RazorView.RenderPageAsync(IRazorPage page, ViewContext context, Boolean invokeViewStarts)
   at Microsoft.AspNetCore.Mvc.Razor.RazorView.RenderAsync(ViewContext context)
   at Microsoft.AspNetCore.Mvc.ViewFeatures.ViewExecutor.ExecuteAsync(ViewContext viewContext, String contentType, Nullable`1 statusCode)
   at Microsoft.AspNetCore.Mvc.ViewFeatures.ViewExecutor.ExecuteAsync(ViewContext viewContext, String contentType, Nullable`1 statusCode)
   at Microsoft.AspNetCore.Mvc.Infrastructure.ResourceInvoker.<InvokeNextResultFilterAsync>g__Awaited|30_0[TFilter,TFilterAsync](ResourceInvoker invoker, Task lastTask, State next, Scope scope, Object state, Boolean isCompleted)
   at Microsoft.AspNetCore.Mvc.Infrastructure.ResourceInvoker.Rethrow(ResultExecutedContextSealed context)
   at Microsoft.AspNetCore.Mvc.Infrastructure.ResourceInvoker.ResultNext[TFilter,TFilterAsync](State& next, Scope& scope, Object& state, Boolean& isCompleted)
   at Microsoft.AspNetCore.Mvc.Infrastructure.ResourceInvoker.<InvokeResultFilters>g__Awaited|28_0(ResourceInvoker invoker, Task lastTask, State next, Scope scope, Object state, Boolean isCompleted)
   at Microsoft.AspNetCore.Mvc.Infrastructure.ResourceInvoker.<InvokeNextResourceFilter>g__Awaited|25_0(ResourceInvoker invoker, Task lastTask, State next, Scope scope, Object state, Boolean isCompleted)
   at Microsoft.AspNetCore.Mvc.Infrastructure.ResourceInvoker.Rethrow(ResourceExecutedContextSealed context)
   at Microsoft.AspNetCore.Mvc.Infrastructure.ResourceInvoker.Next(State& next, Scope& scope, Object& state, Boolean& isCompleted)
   at Microsoft.AspNetCore.Mvc.Infrastructure.ResourceInvoker.<InvokeFilterPipelineAsync>g__Awaited|20_0(ResourceInvoker invoker, Task lastTask, State next, Scope scope, Object state, Boolean isCompleted)
   at Microsoft.AspNetCore.Mvc.Infrastructure.ResourceInvoker.<InvokeAsync>g__Awaited|17_0(ResourceInvoker invoker, Task task, IDisposable scope)
   at Microsoft.AspNetCore.Mvc.Infrastructure.ResourceInvoker.<InvokeAsync>g__Awaited|17_0(ResourceInvoker invoker, Task task, IDisposable scope)
   at Swashbuckle.AspNetCore.SwaggerUI.SwaggerUIMiddleware.Invoke(HttpContext httpContext)
   at Swashbuckle.AspNetCore.Swagger.SwaggerMiddleware.Invoke(HttpContext httpContext, ISwaggerProvider swaggerProvider)
   at SixLabors.ImageSharp.Web.Middleware.ImageSharpMiddleware.Invoke(HttpContext httpContext, Boolean retry)
   at OrchardCore.Media.Services.SecureMediaMiddleware.Invoke(HttpContext context, IAuthorizationService authorizationService, IAuthenticationService authenticationService)
   at Microsoft.AspNetCore.Authorization.AuthorizationMiddleware.Invoke(HttpContext context)
   at OrchardCore.Liquid.ScriptsMiddleware.Invoke(HttpContext httpContext)
   at Microsoft.AspNetCore.Authentication.AuthenticationMiddleware.Invoke(HttpContext context)
   at OrchardCore.Diagnostics.DiagnosticsStartupFilter.<>c__DisplayClass3_0.<<Configure>b__1>d.MoveNext()
--- End of stack trace from previous location ---
   at Microsoft.AspNetCore.Diagnostics.StatusCodePagesMiddleware.Invoke(HttpContext context)
   at OrchardCore.ContentPreview.PreviewStartupFilter.<>c.<<Configure>b__0_1>d.MoveNext()
--- End of stack trace from previous location ---
   at OrchardCore.Users.Services.ExternalAuthenticationsStartupFilter.<>c.<<Configure>b__0_1>d.MoveNext()
--- End of stack trace from previous location ---
   at OrchardCore.Modules.ModularTenantRouterMiddleware.Invoke(HttpContext httpContext)
   at OrchardCore.Modules.ModularTenantContainerMiddleware.<>c__DisplayClass4_0.<<Invoke>b__0>d.MoveNext()
--- End of stack trace from previous location ---
   at OrchardCore.Environment.Shell.Scope.ShellScope.UsingAsync(Func`2 execute, Boolean activateShell)
   at OrchardCore.Environment.Shell.Scope.ShellScope.UsingAsync(Func`2 execute, Boolean activateShell)
   at OrchardCore.Environment.Shell.Scope.ShellScope.UsingAsync(Func`2 execute, Boolean activateShell)
   at OrchardCore.Environment.Shell.Scope.ShellScope.UsingAsync(Func`2 execute, Boolean activateShell)
   at OrchardCore.Environment.Shell.Scope.ShellScope.UsingAsync(Func`2 execute, Boolean activateShell)
   at OrchardCore.Modules.ModularTenantContainerMiddleware.Invoke(HttpContext httpContext)
   at Microsoft.AspNetCore.Authentication.AuthenticationMiddleware.Invoke(HttpContext context)
   at Microsoft.AspNetCore.Diagnostics.DeveloperExceptionPageMiddlewareImpl.Invoke(HttpContext context)
2026-01-11 00:48:50.2978|Default|00-032ccc50d8d601427bc55422f59e20c3-f7963a3c1b71eff3-00|1|Microsoft.AspNetCore.Diagnostics.DeveloperExceptionPageMiddleware|ERROR|An unhandled exception has occurred while executing the request. Microsoft.CSharp.RuntimeBinder.RuntimeBinderException: Cannot implicitly convert type 'System.Text.Json.Dynamic.JsonDynamicArray' to 'string'
   at CallSite.Target(Closure, CallSite, Object)
   at AspNetCoreGeneratedDocument.Pages_Widgets_Partials__ProductHighlight.ExecuteAsync()
   at Microsoft.AspNetCore.Mvc.Razor.RazorView.RenderPageCoreAsync(IRazorPage page, ViewContext context)
   at Microsoft.AspNetCore.Mvc.Razor.RazorView.RenderPageAsync(IRazorPage page, ViewContext context, Boolean invokeViewStarts)
   at Microsoft.AspNetCore.Mvc.Razor.RazorView.RenderAsync(ViewContext context)
   at Microsoft.AspNetCore.Mvc.ViewFeatures.HtmlHelper.RenderPartialCoreAsync(String partialViewName, Object model, ViewDataDictionary viewData, TextWriter writer)
   at Microsoft.AspNetCore.Mvc.ViewFeatures.HtmlHelper.PartialAsync(String partialViewName, Object model, ViewDataDictionary viewData)
   at AspNetCoreGeneratedDocument.Pages_Home_Index.ExecuteAsync()
   at Microsoft.AspNetCore.Mvc.Razor.RazorView.RenderPageCoreAsync(IRazorPage page, ViewContext context)
   at Microsoft.AspNetCore.Mvc.Razor.RazorView.RenderPageAsync(IRazorPage page, ViewContext context, Boolean invokeViewStarts)
   at Microsoft.AspNetCore.Mvc.Razor.RazorView.RenderAsync(ViewContext context)
   at Microsoft.AspNetCore.Mvc.ViewFeatures.ViewExecutor.ExecuteAsync(ViewContext viewContext, String contentType, Nullable`1 statusCode)
   at Microsoft.AspNetCore.Mvc.ViewFeatures.ViewExecutor.ExecuteAsync(ViewContext viewContext, String contentType, Nullable`1 statusCode)
   at Microsoft.AspNetCore.Mvc.Infrastructure.ResourceInvoker.<InvokeNextResultFilterAsync>g__Awaited|30_0[TFilter,TFilterAsync](ResourceInvoker invoker, Task lastTask, State next, Scope scope, Object state, Boolean isCompleted)
   at Microsoft.AspNetCore.Mvc.Infrastructure.ResourceInvoker.Rethrow(ResultExecutedContextSealed context)
   at Microsoft.AspNetCore.Mvc.Infrastructure.ResourceInvoker.ResultNext[TFilter,TFilterAsync](State& next, Scope& scope, Object& state, Boolean& isCompleted)
   at Microsoft.AspNetCore.Mvc.Infrastructure.ResourceInvoker.<InvokeResultFilters>g__Awaited|28_0(ResourceInvoker invoker, Task lastTask, State next, Scope scope, Object state, Boolean isCompleted)
   at Microsoft.AspNetCore.Mvc.Infrastructure.ResourceInvoker.<InvokeNextResourceFilter>g__Awaited|25_0(ResourceInvoker invoker, Task lastTask, State next, Scope scope, Object state, Boolean isCompleted)
   at Microsoft.AspNetCore.Mvc.Infrastructure.ResourceInvoker.Rethrow(ResourceExecutedContextSealed context)
   at Microsoft.AspNetCore.Mvc.Infrastructure.ResourceInvoker.Next(State& next, Scope& scope, Object& state, Boolean& isCompleted)
   at Microsoft.AspNetCore.Mvc.Infrastructure.ResourceInvoker.<InvokeFilterPipelineAsync>g__Awaited|20_0(ResourceInvoker invoker, Task lastTask, State next, Scope scope, Object state, Boolean isCompleted)
   at Microsoft.AspNetCore.Mvc.Infrastructure.ResourceInvoker.<InvokeAsync>g__Awaited|17_0(ResourceInvoker invoker, Task task, IDisposable scope)
   at Microsoft.AspNetCore.Mvc.Infrastructure.ResourceInvoker.<InvokeAsync>g__Awaited|17_0(ResourceInvoker invoker, Task task, IDisposable scope)
   at Swashbuckle.AspNetCore.SwaggerUI.SwaggerUIMiddleware.Invoke(HttpContext httpContext)
   at Swashbuckle.AspNetCore.Swagger.SwaggerMiddleware.Invoke(HttpContext httpContext, ISwaggerProvider swaggerProvider)
   at SixLabors.ImageSharp.Web.Middleware.ImageSharpMiddleware.Invoke(HttpContext httpContext, Boolean retry)
   at OrchardCore.Media.Services.SecureMediaMiddleware.Invoke(HttpContext context, IAuthorizationService authorizationService, IAuthenticationService authenticationService)
   at Microsoft.AspNetCore.Authorization.AuthorizationMiddleware.Invoke(HttpContext context)
   at OrchardCore.Liquid.ScriptsMiddleware.Invoke(HttpContext httpContext)
   at Microsoft.AspNetCore.Authentication.AuthenticationMiddleware.Invoke(HttpContext context)
   at OrchardCore.Diagnostics.DiagnosticsStartupFilter.<>c__DisplayClass3_0.<<Configure>b__1>d.MoveNext()
--- End of stack trace from previous location ---
   at Microsoft.AspNetCore.Diagnostics.StatusCodePagesMiddleware.Invoke(HttpContext context)
   at OrchardCore.ContentPreview.PreviewStartupFilter.<>c.<<Configure>b__0_1>d.MoveNext()
--- End of stack trace from previous location ---
   at OrchardCore.Users.Services.ExternalAuthenticationsStartupFilter.<>c.<<Configure>b__0_1>d.MoveNext()
--- End of stack trace from previous location ---
   at OrchardCore.Modules.ModularTenantRouterMiddleware.Invoke(HttpContext httpContext)
   at OrchardCore.Modules.ModularTenantContainerMiddleware.<>c__DisplayClass4_0.<<Invoke>b__0>d.MoveNext()
--- End of stack trace from previous location ---
   at OrchardCore.Environment.Shell.Scope.ShellScope.UsingAsync(Func`2 execute, Boolean activateShell)
   at OrchardCore.Environment.Shell.Scope.ShellScope.UsingAsync(Func`2 execute, Boolean activateShell)
   at OrchardCore.Environment.Shell.Scope.ShellScope.UsingAsync(Func`2 execute, Boolean activateShell)
   at OrchardCore.Environment.Shell.Scope.ShellScope.UsingAsync(Func`2 execute, Boolean activateShell)
   at OrchardCore.Environment.Shell.Scope.ShellScope.UsingAsync(Func`2 execute, Boolean activateShell)
   at OrchardCore.Modules.ModularTenantContainerMiddleware.Invoke(HttpContext httpContext)
   at Microsoft.AspNetCore.Authentication.AuthenticationMiddleware.Invoke(HttpContext context)
   at Microsoft.AspNetCore.Diagnostics.DeveloperExceptionPageMiddlewareImpl.Invoke(HttpContext context)    at CallSite.Target(Closure, CallSite, Object)
   at AspNetCoreGeneratedDocument.Pages_Widgets_Partials__ProductHighlight.ExecuteAsync()
   at Microsoft.AspNetCore.Mvc.Razor.RazorView.RenderPageCoreAsync(IRazorPage page, ViewContext context)
   at Microsoft.AspNetCore.Mvc.Razor.RazorView.RenderPageAsync(IRazorPage page, ViewContext context, Boolean invokeViewStarts)
   at Microsoft.AspNetCore.Mvc.Razor.RazorView.RenderAsync(ViewContext context)
   at Microsoft.AspNetCore.Mvc.ViewFeatures.HtmlHelper.RenderPartialCoreAsync(String partialViewName, Object model, ViewDataDictionary viewData, TextWriter writer)
   at Microsoft.AspNetCore.Mvc.ViewFeatures.HtmlHelper.PartialAsync(String partialViewName, Object model, ViewDataDictionary viewData)
   at AspNetCoreGeneratedDocument.Pages_Home_Index.ExecuteAsync()
   at Microsoft.AspNetCore.Mvc.Razor.RazorView.RenderPageCoreAsync(IRazorPage page, ViewContext context)
   at Microsoft.AspNetCore.Mvc.Razor.RazorView.RenderPageAsync(IRazorPage page, ViewContext context, Boolean invokeViewStarts)
   at Microsoft.AspNetCore.Mvc.Razor.RazorView.RenderAsync(ViewContext context)
   at Microsoft.AspNetCore.Mvc.ViewFeatures.ViewExecutor.ExecuteAsync(ViewContext viewContext, String contentType, Nullable`1 statusCode)
   at Microsoft.AspNetCore.Mvc.ViewFeatures.ViewExecutor.ExecuteAsync(ViewContext viewContext, String contentType, Nullable`1 statusCode)
   at Microsoft.AspNetCore.Mvc.Infrastructure.ResourceInvoker.<InvokeNextResultFilterAsync>g__Awaited|30_0[TFilter,TFilterAsync](ResourceInvoker invoker, Task lastTask, State next, Scope scope, Object state, Boolean isCompleted)
   at Microsoft.AspNetCore.Mvc.Infrastructure.ResourceInvoker.Rethrow(ResultExecutedContextSealed context)
   at Microsoft.AspNetCore.Mvc.Infrastructure.ResourceInvoker.ResultNext[TFilter,TFilterAsync](State& next, Scope& scope, Object& state, Boolean& isCompleted)
   at Microsoft.AspNetCore.Mvc.Infrastructure.ResourceInvoker.<InvokeResultFilters>g__Awaited|28_0(ResourceInvoker invoker, Task lastTask, State next, Scope scope, Object state, Boolean isCompleted)
   at Microsoft.AspNetCore.Mvc.Infrastructure.ResourceInvoker.<InvokeNextResourceFilter>g__Awaited|25_0(ResourceInvoker invoker, Task lastTask, State next, Scope scope, Object state, Boolean isCompleted)
   at Microsoft.AspNetCore.Mvc.Infrastructure.ResourceInvoker.Rethrow(ResourceExecutedContextSealed context)
   at Microsoft.AspNetCore.Mvc.Infrastructure.ResourceInvoker.Next(State& next, Scope& scope, Object& state, Boolean& isCompleted)
   at Microsoft.AspNetCore.Mvc.Infrastructure.ResourceInvoker.<InvokeFilterPipelineAsync>g__Awaited|20_0(ResourceInvoker invoker, Task lastTask, State next, Scope scope, Object state, Boolean isCompleted)
   at Microsoft.AspNetCore.Mvc.Infrastructure.ResourceInvoker.<InvokeAsync>g__Awaited|17_0(ResourceInvoker invoker, Task task, IDisposable scope)
   at Microsoft.AspNetCore.Mvc.Infrastructure.ResourceInvoker.<InvokeAsync>g__Awaited|17_0(ResourceInvoker invoker, Task task, IDisposable scope)
   at Swashbuckle.AspNetCore.SwaggerUI.SwaggerUIMiddleware.Invoke(HttpContext httpContext)
   at Swashbuckle.AspNetCore.Swagger.SwaggerMiddleware.Invoke(HttpContext httpContext, ISwaggerProvider swaggerProvider)
   at SixLabors.ImageSharp.Web.Middleware.ImageSharpMiddleware.Invoke(HttpContext httpContext, Boolean retry)
   at OrchardCore.Media.Services.SecureMediaMiddleware.Invoke(HttpContext context, IAuthorizationService authorizationService, IAuthenticationService authenticationService)
   at Microsoft.AspNetCore.Authorization.AuthorizationMiddleware.Invoke(HttpContext context)
   at OrchardCore.Liquid.ScriptsMiddleware.Invoke(HttpContext httpContext)
   at Microsoft.AspNetCore.Authentication.AuthenticationMiddleware.Invoke(HttpContext context)
   at OrchardCore.Diagnostics.DiagnosticsStartupFilter.<>c__DisplayClass3_0.<<Configure>b__1>d.MoveNext()
--- End of stack trace from previous location ---
   at Microsoft.AspNetCore.Diagnostics.StatusCodePagesMiddleware.Invoke(HttpContext context)
   at OrchardCore.ContentPreview.PreviewStartupFilter.<>c.<<Configure>b__0_1>d.MoveNext()
--- End of stack trace from previous location ---
   at OrchardCore.Users.Services.ExternalAuthenticationsStartupFilter.<>c.<<Configure>b__0_1>d.MoveNext()
--- End of stack trace from previous location ---
   at OrchardCore.Modules.ModularTenantRouterMiddleware.Invoke(HttpContext httpContext)
   at OrchardCore.Modules.ModularTenantContainerMiddleware.<>c__DisplayClass4_0.<<Invoke>b__0>d.MoveNext()
--- End of stack trace from previous location ---
   at OrchardCore.Environment.Shell.Scope.ShellScope.UsingAsync(Func`2 execute, Boolean activateShell)
   at OrchardCore.Environment.Shell.Scope.ShellScope.UsingAsync(Func`2 execute, Boolean activateShell)
   at OrchardCore.Environment.Shell.Scope.ShellScope.UsingAsync(Func`2 execute, Boolean activateShell)
   at OrchardCore.Environment.Shell.Scope.ShellScope.UsingAsync(Func`2 execute, Boolean activateShell)
   at OrchardCore.Environment.Shell.Scope.ShellScope.UsingAsync(Func`2 execute, Boolean activateShell)
   at OrchardCore.Modules.ModularTenantContainerMiddleware.Invoke(HttpContext httpContext)
   at Microsoft.AspNetCore.Authentication.AuthenticationMiddleware.Invoke(HttpContext context)
   at Microsoft.AspNetCore.Diagnostics.DeveloperExceptionPageMiddlewareImpl.Invoke(HttpContext context)
2026-01-11 00:48:51.8339|Default|00-b29edf80e3da378fcabd5bd51ced070e-0c45fb07fcd0d0e6-00|1|Microsoft.AspNetCore.Diagnostics.DeveloperExceptionPageMiddleware|ERROR|An unhandled exception has occurred while executing the request. NLog message: Exception in NLog.LayoutRenderers.ExceptionLayoutRenderer.AppendToString(): System.TypeLoadException. 
2026-01-11 00:48:51.8847|Default|00-b29edf80e3da378fcabd5bd51ced070e-0c45fb07fcd0d0e6-00|2|Microsoft.AspNetCore.Server.IIS.Core.IISHttpServer|ERROR|Connection ID "17437937800933539941", Request ID "40000066-000a-f200-b63f-84710c7967bb": An unhandled exception was thrown by the application. System.AggregateException: An error occurred while writing to logger(s). (Could not resolve type 'AspNetCoreGeneratedDocument.Pages_Home_Index' in assembly 'TechVerse.Cms, Version=1.0.0.0, Culture=neutral, PublicKeyToken=null'.) (Could not resolve type 'AspNetCoreGeneratedDocument.Pages_Home_Index' in assembly 'TechVerse.Cms, Version=1.0.0.0, Culture=neutral, PublicKeyToken=null'.) (Could not resolve type 'AspNetCoreGeneratedDocument.Pages_Home_Index' in assembly 'TechVerse.Cms, Version=1.0.0.0, Culture=neutral, PublicKeyToken=null'.)
 ---> System.TypeLoadException: Could not resolve type 'AspNetCoreGeneratedDocument.Pages_Home_Index' in assembly 'TechVerse.Cms, Version=1.0.0.0, Culture=neutral, PublicKeyToken=null'.
   at System.Reflection.TypeNameParser.GetTypeFromDefaultAssemblies(String typeName, ReadOnlySpan`1 nestedTypeNames)
   at System.Reflection.TypeNameParser.GetType(String typeName, ReadOnlySpan`1 nestedTypeNames, String assemblyNameIfAny)
   at System.Reflection.TypeNameParser.NestedNamespaceTypeName.ResolveType(TypeNameParser& parser, String containingAssemblyIfAny)
   at System.Reflection.TypeNameParser.GetTypeHelper(Char* pTypeName, RuntimeAssembly requestingAssembly, Boolean throwOnError, Boolean requireAssemblyQualifiedName)
   at System.Reflection.CustomAttribute._CreateCaObject(RuntimeModule pModule, RuntimeType type, IRuntimeMethodInfo pCtor, Byte** ppBlob, Byte* pEndBlob, Int32* pcNamedArgs)
   at System.Reflection.CustomAttribute.AddCustomAttributes(ListBuilder`1& attributes, RuntimeModule decoratedModule, Int32 decoratedMetadataToken, RuntimeType attributeFilterType, Boolean mustBeInheritable, ListBuilder`1 derivedAttributes)
   at System.Reflection.CustomAttribute.GetCustomAttributes(RuntimeModule decoratedModule, Int32 decoratedMetadataToken, Int32 pcaCount, RuntimeType attributeFilterType)
   at System.Reflection.CustomAttribute.GetCustomAttributes(RuntimeMethodInfo method, RuntimeType caType, Boolean inherit)
   at System.Attribute.GetCustomAttributes(MemberInfo element, Type attributeType, Boolean inherit)
   at System.Diagnostics.StackTrace.TryResolveStateMachineMethod(MethodBase& method, Type& declaringType)
   at System.Diagnostics.StackTrace.ToString(TraceFormat traceFormat, StringBuilder sb)
   at System.Diagnostics.StackTrace.ToString(TraceFormat traceFormat)
   at System.Exception.get_StackTrace()
   at System.Exception.ToString()
   at Microsoft.Extensions.Logging.Console.SimpleConsoleFormatter.CreateDefaultLogMessage[TState](TextWriter textWriter, LogEntry`1& logEntry, String message, IExternalScopeProvider scopeProvider)
   at Microsoft.Extensions.Logging.Console.SimpleConsoleFormatter.Write[TState](LogEntry`1& logEntry, IExternalScopeProvider scopeProvider, TextWriter textWriter)
   at Microsoft.Extensions.Logging.Console.ConsoleLogger.Log[TState](LogLevel logLevel, EventId eventId, TState state, Exception exception, Func`3 formatter)
   at Microsoft.Extensions.Logging.Logger.<Log>g__LoggerLog|14_0[TState](LogLevel logLevel, EventId eventId, ILogger logger, Exception exception, Func`3 formatter, List`1& exceptions, TState& state)
   --- End of inner exception stack trace ---
 ---> (Inner Exception #1) System.TypeLoadException: Could not resolve type 'AspNetCoreGeneratedDocument.Pages_Home_Index' in assembly 'TechVerse.Cms, Version=1.0.0.0, Culture=neutral, PublicKeyToken=null'.
   at System.Reflection.TypeNameParser.GetTypeFromDefaultAssemblies(String typeName, ReadOnlySpan`1 nestedTypeNames)
   at System.Reflection.TypeNameParser.GetType(String typeName, ReadOnlySpan`1 nestedTypeNames, String assemblyNameIfAny)
   at System.Reflection.TypeNameParser.NestedNamespaceTypeName.ResolveType(TypeNameParser& parser, String containingAssemblyIfAny)
   at System.Reflection.TypeNameParser.GetTypeHelper(Char* pTypeName, RuntimeAssembly requestingAssembly, Boolean throwOnError, Boolean requireAssemblyQualifiedName)
   at System.Reflection.CustomAttribute._CreateCaObject(RuntimeModule pModule, RuntimeType type, IRuntimeMethodInfo pCtor, Byte** ppBlob, Byte* pEndBlob, Int32* pcNamedArgs)
   at System.Reflection.CustomAttribute.AddCustomAttributes(ListBuilder`1& attributes, RuntimeModule decoratedModule, Int32 decoratedMetadataToken, RuntimeType attributeFilterType, Boolean mustBeInheritable, ListBuilder`1 derivedAttributes)
   at System.Reflection.CustomAttribute.GetCustomAttributes(RuntimeModule decoratedModule, Int32 decoratedMetadataToken, Int32 pcaCount, RuntimeType attributeFilterType)
   at System.Reflection.CustomAttribute.GetCustomAttributes(RuntimeMethodInfo method, RuntimeType caType, Boolean inherit)
   at System.Attribute.GetCustomAttributes(MemberInfo element, Type attributeType, Boolean inherit)
   at System.Diagnostics.StackTrace.TryResolveStateMachineMethod(MethodBase& method, Type& declaringType)
   at System.Diagnostics.StackTrace.ToString(TraceFormat traceFormat, StringBuilder sb)
   at System.Diagnostics.StackTrace.ToString(TraceFormat traceFormat)
   at System.Exception.get_StackTrace()
   at System.Exception.ToString()
   at Microsoft.Extensions.Logging.Debug.DebugLogger.Log[TState](LogLevel logLevel, EventId eventId, TState state, Exception exception, Func`3 formatter)
   at Microsoft.Extensions.Logging.Logger.<Log>g__LoggerLog|14_0[TState](LogLevel logLevel, EventId eventId, ILogger logger, Exception exception, Func`3 formatter, List`1& exceptions, TState& state)<---

 ---> (Inner Exception #2) System.TypeLoadException: Could not resolve type 'AspNetCoreGeneratedDocument.Pages_Home_Index' in assembly 'TechVerse.Cms, Version=1.0.0.0, Culture=neutral, PublicKeyToken=null'.
   at System.Reflection.TypeNameParser.GetTypeFromDefaultAssemblies(String typeName, ReadOnlySpan`1 nestedTypeNames)
   at System.Reflection.TypeNameParser.GetType(String typeName, ReadOnlySpan`1 nestedTypeNames, String assemblyNameIfAny)
   at System.Reflection.TypeNameParser.NestedNamespaceTypeName.ResolveType(TypeNameParser& parser, String containingAssemblyIfAny)
   at System.Reflection.TypeNameParser.GetTypeHelper(Char* pTypeName, RuntimeAssembly requestingAssembly, Boolean throwOnError, Boolean requireAssemblyQualifiedName)
   at System.Reflection.CustomAttribute._CreateCaObject(RuntimeModule pModule, RuntimeType type, IRuntimeMethodInfo pCtor, Byte** ppBlob, Byte* pEndBlob, Int32* pcNamedArgs)
   at System.Reflection.CustomAttribute.AddCustomAttributes(ListBuilder`1& attributes, RuntimeModule decoratedModule, Int32 decoratedMetadataToken, RuntimeType attributeFilterType, Boolean mustBeInheritable, ListBuilder`1 derivedAttributes)
   at System.Reflection.CustomAttribute.GetCustomAttributes(RuntimeModule decoratedModule, Int32 decoratedMetadataToken, Int32 pcaCount, RuntimeType attributeFilterType)
   at System.Reflection.CustomAttribute.GetCustomAttributes(RuntimeMethodInfo method, RuntimeType caType, Boolean inherit)
   at System.Attribute.GetCustomAttributes(MemberInfo element, Type attributeType, Boolean inherit)
   at System.Diagnostics.StackTrace.TryResolveStateMachineMethod(MethodBase& method, Type& declaringType)
   at System.Diagnostics.StackTrace.ToString(TraceFormat traceFormat, StringBuilder sb)
   at System.Diagnostics.StackTrace.ToString(TraceFormat traceFormat)
   at System.Exception.get_StackTrace()
   at System.Exception.ToString()
   at System.Text.StringBuilder.Append(Object value)
   at Microsoft.Extensions.Logging.EventLog.EventLogLogger.Log[TState](LogLevel logLevel, EventId eventId, TState state, Exception exception, Func`3 formatter)
   at Microsoft.Extensions.Logging.Logger.<Log>g__LoggerLog|14_0[TState](LogLevel logLevel, EventId eventId, ILogger logger, Exception exception, Func`3 formatter, List`1& exceptions, TState& state)<---

2026-01-11 00:48:51.8945|Default|00-b29edf80e3da378fcabd5bd51ced070e-0c45fb07fcd0d0e6-00|2|Microsoft.AspNetCore.Server.IIS.Core.IISHttpServer|ERROR|Connection ID "17437937800933539941", Request ID "40000066-000a-f200-b63f-84710c7967bb": An unhandled exception was thrown by the application. System.Runtime.InteropServices.COMException (0x800704CD): An operation was attempted on a nonexistent network connection. (0x800704CD)
   at Microsoft.AspNetCore.Server.IIS.Core.IISHttpContextOfT`1.ProcessRequestAsync()    at Microsoft.AspNetCore.Server.IIS.Core.IISHttpContextOfT`1.ProcessRequestAsync()
2026-01-11 00:48:53.4581|Default|00-ffaede05c38b7b4ab360bb2555d36dd8-469122fbdab632e7-00|1|Microsoft.AspNetCore.Diagnostics.DeveloperExceptionPageMiddleware|ERROR|An unhandled exception has occurred while executing the request. NLog message: Exception in NLog.LayoutRenderers.ExceptionLayoutRenderer.AppendToString(): System.TypeLoadException. 
2026-01-11 00:48:53.4947|Default|00-ffaede05c38b7b4ab360bb2555d36dd8-469122fbdab632e7-00|2|Microsoft.AspNetCore.Server.IIS.Core.IISHttpServer|ERROR|Connection ID "18374686514836668615", Request ID "400000c8-0008-ff00-b63f-84710c7967bb": An unhandled exception was thrown by the application. System.AggregateException: An error occurred while writing to logger(s). (Could not resolve type 'AspNetCoreGeneratedDocument.Pages_Home_Index' in assembly 'TechVerse.Cms, Version=1.0.0.0, Culture=neutral, PublicKeyToken=null'.) (Could not resolve type 'AspNetCoreGeneratedDocument.Pages_Home_Index' in assembly 'TechVerse.Cms, Version=1.0.0.0, Culture=neutral, PublicKeyToken=null'.) (Could not resolve type 'AspNetCoreGeneratedDocument.Pages_Home_Index' in assembly 'TechVerse.Cms, Version=1.0.0.0, Culture=neutral, PublicKeyToken=null'.)
 ---> System.TypeLoadException: Could not resolve type 'AspNetCoreGeneratedDocument.Pages_Home_Index' in assembly 'TechVerse.Cms, Version=1.0.0.0, Culture=neutral, PublicKeyToken=null'.
   at System.Reflection.TypeNameParser.GetTypeFromDefaultAssemblies(String typeName, ReadOnlySpan`1 nestedTypeNames)
   at System.Reflection.TypeNameParser.GetType(String typeName, ReadOnlySpan`1 nestedTypeNames, String assemblyNameIfAny)
   at System.Reflection.TypeNameParser.NestedNamespaceTypeName.ResolveType(TypeNameParser& parser, String containingAssemblyIfAny)
   at System.Reflection.TypeNameParser.GetTypeHelper(Char* pTypeName, RuntimeAssembly requestingAssembly, Boolean throwOnError, Boolean requireAssemblyQualifiedName)
   at System.Reflection.CustomAttribute._CreateCaObject(RuntimeModule pModule, RuntimeType type, IRuntimeMethodInfo pCtor, Byte** ppBlob, Byte* pEndBlob, Int32* pcNamedArgs)
   at System.Reflection.CustomAttribute.AddCustomAttributes(ListBuilder`1& attributes, RuntimeModule decoratedModule, Int32 decoratedMetadataToken, RuntimeType attributeFilterType, Boolean mustBeInheritable, ListBuilder`1 derivedAttributes)
   at System.Reflection.CustomAttribute.GetCustomAttributes(RuntimeModule decoratedModule, Int32 decoratedMetadataToken, Int32 pcaCount, RuntimeType attributeFilterType)
   at System.Reflection.CustomAttribute.GetCustomAttributes(RuntimeMethodInfo method, RuntimeType caType, Boolean inherit)
   at System.Attribute.GetCustomAttributes(MemberInfo element, Type attributeType, Boolean inherit)
   at System.Diagnostics.StackTrace.TryResolveStateMachineMethod(MethodBase& method, Type& declaringType)
   at System.Diagnostics.StackTrace.ToString(TraceFormat traceFormat, StringBuilder sb)
   at System.Exception.get_StackTrace()
   at System.Exception.ToString()
   at Microsoft.Extensions.Logging.Console.SimpleConsoleFormatter.CreateDefaultLogMessage[TState](TextWriter textWriter, LogEntry`1& logEntry, String message, IExternalScopeProvider scopeProvider)
   at Microsoft.Extensions.Logging.Console.SimpleConsoleFormatter.Write[TState](LogEntry`1& logEntry, IExternalScopeProvider scopeProvider, TextWriter textWriter)
   at Microsoft.Extensions.Logging.Console.ConsoleLogger.Log[TState](LogLevel logLevel, EventId eventId, TState state, Exception exception, Func`3 formatter)
   at Microsoft.Extensions.Logging.Logger.<Log>g__LoggerLog|14_0[TState](LogLevel logLevel, EventId eventId, ILogger logger, Exception exception, Func`3 formatter, List`1& exceptions, TState& state)
   --- End of inner exception stack trace ---
 ---> (Inner Exception #1) System.TypeLoadException: Could not resolve type 'AspNetCoreGeneratedDocument.Pages_Home_Index' in assembly 'TechVerse.Cms, Version=1.0.0.0, Culture=neutral, PublicKeyToken=null'.
   at System.Reflection.TypeNameParser.GetTypeFromDefaultAssemblies(String typeName, ReadOnlySpan`1 nestedTypeNames)
   at System.Reflection.TypeNameParser.GetType(String typeName, ReadOnlySpan`1 nestedTypeNames, String assemblyNameIfAny)
   at System.Reflection.TypeNameParser.NestedNamespaceTypeName.ResolveType(TypeNameParser& parser, String containingAssemblyIfAny)
   at System.Reflection.TypeNameParser.GetTypeHelper(Char* pTypeName, RuntimeAssembly requestingAssembly, Boolean throwOnError, Boolean requireAssemblyQualifiedName)
   at System.Reflection.CustomAttribute._CreateCaObject(RuntimeModule pModule, RuntimeType type, IRuntimeMethodInfo pCtor, Byte** ppBlob, Byte* pEndBlob, Int32* pcNamedArgs)
   at System.Reflection.CustomAttribute.AddCustomAttributes(ListBuilder`1& attributes, RuntimeModule decoratedModule, Int32 decoratedMetadataToken, RuntimeType attributeFilterType, Boolean mustBeInheritable, ListBuilder`1 derivedAttributes)
   at System.Reflection.CustomAttribute.GetCustomAttributes(RuntimeModule decoratedModule, Int32 decoratedMetadataToken, Int32 pcaCount, RuntimeType attributeFilterType)
   at System.Reflection.CustomAttribute.GetCustomAttributes(RuntimeMethodInfo method, RuntimeType caType, Boolean inherit)
   at System.Attribute.GetCustomAttributes(MemberInfo element, Type attributeType, Boolean inherit)
   at System.Diagnostics.StackTrace.TryResolveStateMachineMethod(MethodBase& method, Type& declaringType)
   at System.Diagnostics.StackTrace.ToString(TraceFormat traceFormat, StringBuilder sb)
   at System.Exception.get_StackTrace()
   at System.Exception.ToString()
   at Microsoft.Extensions.Logging.Debug.DebugLogger.Log[TState](LogLevel logLevel, EventId eventId, TState state, Exception exception, Func`3 formatter)
   at Microsoft.Extensions.Logging.Logger.<Log>g__LoggerLog|14_0[TState](LogLevel logLevel, EventId eventId, ILogger logger, Exception exception, Func`3 formatter, List`1& exceptions, TState& state)<---

 ---> (Inner Exception #2) System.TypeLoadException: Could not resolve type 'AspNetCoreGeneratedDocument.Pages_Home_Index' in assembly 'TechVerse.Cms, Version=1.0.0.0, Culture=neutral, PublicKeyToken=null'.
   at System.Reflection.TypeNameParser.GetTypeFromDefaultAssemblies(String typeName, ReadOnlySpan`1 nestedTypeNames)
   at System.Reflection.TypeNameParser.GetType(String typeName, ReadOnlySpan`1 nestedTypeNames, String assemblyNameIfAny)
   at System.Reflection.TypeNameParser.NestedNamespaceTypeName.ResolveType(TypeNameParser& parser, String containingAssemblyIfAny)
   at System.Reflection.TypeNameParser.GetTypeHelper(Char* pTypeName, RuntimeAssembly requestingAssembly, Boolean throwOnError, Boolean requireAssemblyQualifiedName)
   at System.Reflection.CustomAttribute._CreateCaObject(RuntimeModule pModule, RuntimeType type, IRuntimeMethodInfo pCtor, Byte** ppBlob, Byte* pEndBlob, Int32* pcNamedArgs)
   at System.Reflection.CustomAttribute.AddCustomAttributes(ListBuilder`1& attributes, RuntimeModule decoratedModule, Int32 decoratedMetadataToken, RuntimeType attributeFilterType, Boolean mustBeInheritable, ListBuilder`1 derivedAttributes)
   at System.Reflection.CustomAttribute.GetCustomAttributes(RuntimeModule decoratedModule, Int32 decoratedMetadataToken, Int32 pcaCount, RuntimeType attributeFilterType)
   at System.Reflection.CustomAttribute.GetCustomAttributes(RuntimeMethodInfo method, RuntimeType caType, Boolean inherit)
   at System.Attribute.GetCustomAttributes(MemberInfo element, Type attributeType, Boolean inherit)
   at System.Diagnostics.StackTrace.TryResolveStateMachineMethod(MethodBase& method, Type& declaringType)
   at System.Diagnostics.StackTrace.ToString(TraceFormat traceFormat, StringBuilder sb)
   at System.Exception.get_StackTrace()
   at System.Exception.ToString()
   at System.Text.StringBuilder.Append(Object value)
   at Microsoft.Extensions.Logging.EventLog.EventLogLogger.Log[TState](LogLevel logLevel, EventId eventId, TState state, Exception exception, Func`3 formatter)
   at Microsoft.Extensions.Logging.Logger.<Log>g__LoggerLog|14_0[TState](LogLevel logLevel, EventId eventId, ILogger logger, Exception exception, Func`3 formatter, List`1& exceptions, TState& state)<---

2026-01-11 00:49:46.6068||||Microsoft.Hosting.Lifetime|INFO|Application started. Press Ctrl+C to shut down. 
2026-01-11 00:49:46.6624||||Microsoft.Hosting.Lifetime|INFO|Hosting environment: Development 
2026-01-11 00:49:46.6714||||Microsoft.Hosting.Lifetime|INFO|Content root path: C:\Users\Wanwi\OneDrive\Desktop\TechVerse\TechVerse.Cms 
2026-01-11 00:49:53.1744|Default|00-d5580a5866c200bf534e71f474f38dc9-b2a440356c30cd4c-00|1|Microsoft.AspNetCore.Diagnostics.DeveloperExceptionPageMiddleware|ERROR|An unhandled exception has occurred while executing the request. System.InvalidOperationException: The model item passed into the ViewDataDictionary is of type 'OrchardCore.ContentManagement.ContentItem', but this ViewDataDictionary instance requires a model item of type 'TechVerse.Cms.Pages.Widgets.Partials._ProductHighlightModel'.
   at Microsoft.AspNetCore.Mvc.ViewFeatures.ViewDataDictionary.EnsureCompatible(Object value)
   at lambda_method90(Closure, ViewDataDictionary)
   at Microsoft.AspNetCore.Mvc.Razor.RazorPagePropertyActivator.Activate(Object page, ViewContext context)
   at Microsoft.AspNetCore.Mvc.Razor.RazorView.RenderPageCoreAsync(IRazorPage page, ViewContext context)
   at Microsoft.AspNetCore.Mvc.Razor.RazorView.RenderPageAsync(IRazorPage page, ViewContext context, Boolean invokeViewStarts)
   at Microsoft.AspNetCore.Mvc.Razor.RazorView.RenderAsync(ViewContext context)
   at Microsoft.AspNetCore.Mvc.ViewFeatures.HtmlHelper.RenderPartialCoreAsync(String partialViewName, Object model, ViewDataDictionary viewData, TextWriter writer)
   at Microsoft.AspNetCore.Mvc.ViewFeatures.HtmlHelper.PartialAsync(String partialViewName, Object model, ViewDataDictionary viewData)
   at AspNetCoreGeneratedDocument.Pages_Home_Index.ExecuteAsync() in C:\Users\Wanwi\OneDrive\Desktop\TechVerse\TechVerse.Cms\Pages\Home\Index.cshtml:line 35
   at Microsoft.AspNetCore.Mvc.Razor.RazorView.RenderPageCoreAsync(IRazorPage page, ViewContext context)
   at Microsoft.AspNetCore.Mvc.Razor.RazorView.RenderPageAsync(IRazorPage page, ViewContext context, Boolean invokeViewStarts)
   at Microsoft.AspNetCore.Mvc.Razor.RazorView.RenderAsync(ViewContext context)
   at Microsoft.AspNetCore.Mvc.ViewFeatures.ViewExecutor.ExecuteAsync(ViewContext viewContext, String contentType, Nullable`1 statusCode)
   at Microsoft.AspNetCore.Mvc.ViewFeatures.ViewExecutor.ExecuteAsync(ViewContext viewContext, String contentType, Nullable`1 statusCode)
   at Microsoft.AspNetCore.Mvc.Infrastructure.ResourceInvoker.<InvokeNextResultFilterAsync>g__Awaited|30_0[TFilter,TFilterAsync](ResourceInvoker invoker, Task lastTask, State next, Scope scope, Object state, Boolean isCompleted)
   at Microsoft.AspNetCore.Mvc.Infrastructure.ResourceInvoker.Rethrow(ResultExecutedContextSealed context)
   at Microsoft.AspNetCore.Mvc.Infrastructure.ResourceInvoker.ResultNext[TFilter,TFilterAsync](State& next, Scope& scope, Object& state, Boolean& isCompleted)
   at Microsoft.AspNetCore.Mvc.Infrastructure.ResourceInvoker.<InvokeResultFilters>g__Awaited|28_0(ResourceInvoker invoker, Task lastTask, State next, Scope scope, Object state, Boolean isCompleted)
   at Microsoft.AspNetCore.Mvc.Infrastructure.ResourceInvoker.<InvokeNextResourceFilter>g__Awaited|25_0(ResourceInvoker invoker, Task lastTask, State next, Scope scope, Object state, Boolean isCompleted)
   at Microsoft.AspNetCore.Mvc.Infrastructure.ResourceInvoker.Rethrow(ResourceExecutedContextSealed context)
   at Microsoft.AspNetCore.Mvc.Infrastructure.ResourceInvoker.Next(State& next, Scope& scope, Object& state, Boolean& isCompleted)
   at Microsoft.AspNetCore.Mvc.Infrastructure.ResourceInvoker.<InvokeFilterPipelineAsync>g__Awaited|20_0(ResourceInvoker invoker, Task lastTask, State next, Scope scope, Object state, Boolean isCompleted)
   at Microsoft.AspNetCore.Mvc.Infrastructure.ResourceInvoker.<InvokeAsync>g__Awaited|17_0(ResourceInvoker invoker, Task task, IDisposable scope)
   at Microsoft.AspNetCore.Mvc.Infrastructure.ResourceInvoker.<InvokeAsync>g__Awaited|17_0(ResourceInvoker invoker, Task task, IDisposable scope)
   at Swashbuckle.AspNetCore.SwaggerUI.SwaggerUIMiddleware.Invoke(HttpContext httpContext)
   at Swashbuckle.AspNetCore.Swagger.SwaggerMiddleware.Invoke(HttpContext httpContext, ISwaggerProvider swaggerProvider)
   at SixLabors.ImageSharp.Web.Middleware.ImageSharpMiddleware.Invoke(HttpContext httpContext, Boolean retry)
   at OrchardCore.Media.Services.SecureMediaMiddleware.Invoke(HttpContext context, IAuthorizationService authorizationService, IAuthenticationService authenticationService)
   at Microsoft.AspNetCore.Authorization.AuthorizationMiddleware.Invoke(HttpContext context)
   at OrchardCore.Liquid.ScriptsMiddleware.Invoke(HttpContext httpContext)
   at Microsoft.AspNetCore.Authentication.AuthenticationMiddleware.Invoke(HttpContext context)
   at OrchardCore.Diagnostics.DiagnosticsStartupFilter.<>c__DisplayClass3_0.<<Configure>b__1>d.MoveNext()
--- End of stack trace from previous location ---
   at Microsoft.AspNetCore.Diagnostics.StatusCodePagesMiddleware.Invoke(HttpContext context)
   at OrchardCore.ContentPreview.PreviewStartupFilter.<>c.<<Configure>b__0_1>d.MoveNext()
--- End of stack trace from previous location ---
   at OrchardCore.Users.Services.ExternalAuthenticationsStartupFilter.<>c.<<Configure>b__0_1>d.MoveNext()
--- End of stack trace from previous location ---
   at OrchardCore.Modules.ModularTenantRouterMiddleware.Invoke(HttpContext httpContext)
   at OrchardCore.Modules.ModularTenantContainerMiddleware.<>c__DisplayClass4_0.<<Invoke>b__0>d.MoveNext()
--- End of stack trace from previous location ---
   at OrchardCore.Environment.Shell.Scope.ShellScope.UsingAsync(Func`2 execute, Boolean activateShell)
   at OrchardCore.Environment.Shell.Scope.ShellScope.UsingAsync(Func`2 execute, Boolean activateShell)
   at OrchardCore.Environment.Shell.Scope.ShellScope.UsingAsync(Func`2 execute, Boolean activateShell)
   at OrchardCore.Environment.Shell.Scope.ShellScope.UsingAsync(Func`2 execute, Boolean activateShell)
   at OrchardCore.Environment.Shell.Scope.ShellScope.UsingAsync(Func`2 execute, Boolean activateShell)
   at OrchardCore.Modules.ModularTenantContainerMiddleware.Invoke(HttpContext httpContext)
   at Microsoft.AspNetCore.Authentication.AuthenticationMiddleware.Invoke(HttpContext context)
   at Microsoft.AspNetCore.Diagnostics.DeveloperExceptionPageMiddlewareImpl.Invoke(HttpContext context)    at Microsoft.AspNetCore.Mvc.ViewFeatures.ViewDataDictionary.EnsureCompatible(Object value)
   at lambda_method90(Closure, ViewDataDictionary)
   at Microsoft.AspNetCore.Mvc.Razor.RazorPagePropertyActivator.Activate(Object page, ViewContext context)
   at Microsoft.AspNetCore.Mvc.Razor.RazorView.RenderPageCoreAsync(IRazorPage page, ViewContext context)
   at Microsoft.AspNetCore.Mvc.Razor.RazorView.RenderPageAsync(IRazorPage page, ViewContext context, Boolean invokeViewStarts)
   at Microsoft.AspNetCore.Mvc.Razor.RazorView.RenderAsync(ViewContext context)
   at Microsoft.AspNetCore.Mvc.ViewFeatures.HtmlHelper.RenderPartialCoreAsync(String partialViewName, Object model, ViewDataDictionary viewData, TextWriter writer)
   at Microsoft.AspNetCore.Mvc.ViewFeatures.HtmlHelper.PartialAsync(String partialViewName, Object model, ViewDataDictionary viewData)
   at AspNetCoreGeneratedDocument.Pages_Home_Index.ExecuteAsync() in C:\Users\Wanwi\OneDrive\Desktop\TechVerse\TechVerse.Cms\Pages\Home\Index.cshtml:line 35
   at Microsoft.AspNetCore.Mvc.Razor.RazorView.RenderPageCoreAsync(IRazorPage page, ViewContext context)
   at Microsoft.AspNetCore.Mvc.Razor.RazorView.RenderPageAsync(IRazorPage page, ViewContext context, Boolean invokeViewStarts)
   at Microsoft.AspNetCore.Mvc.Razor.RazorView.RenderAsync(ViewContext context)
   at Microsoft.AspNetCore.Mvc.ViewFeatures.ViewExecutor.ExecuteAsync(ViewContext viewContext, String contentType, Nullable`1 statusCode)
   at Microsoft.AspNetCore.Mvc.ViewFeatures.ViewExecutor.ExecuteAsync(ViewContext viewContext, String contentType, Nullable`1 statusCode)
   at Microsoft.AspNetCore.Mvc.Infrastructure.ResourceInvoker.<InvokeNextResultFilterAsync>g__Awaited|30_0[TFilter,TFilterAsync](ResourceInvoker invoker, Task lastTask, State next, Scope scope, Object state, Boolean isCompleted)
   at Microsoft.AspNetCore.Mvc.Infrastructure.ResourceInvoker.Rethrow(ResultExecutedContextSealed context)
   at Microsoft.AspNetCore.Mvc.Infrastructure.ResourceInvoker.ResultNext[TFilter,TFilterAsync](State& next, Scope& scope, Object& state, Boolean& isCompleted)
   at Microsoft.AspNetCore.Mvc.Infrastructure.ResourceInvoker.<InvokeResultFilters>g__Awaited|28_0(ResourceInvoker invoker, Task lastTask, State next, Scope scope, Object state, Boolean isCompleted)
   at Microsoft.AspNetCore.Mvc.Infrastructure.ResourceInvoker.<InvokeNextResourceFilter>g__Awaited|25_0(ResourceInvoker invoker, Task lastTask, State next, Scope scope, Object state, Boolean isCompleted)
   at Microsoft.AspNetCore.Mvc.Infrastructure.ResourceInvoker.Rethrow(ResourceExecutedContextSealed context)
   at Microsoft.AspNetCore.Mvc.Infrastructure.ResourceInvoker.Next(State& next, Scope& scope, Object& state, Boolean& isCompleted)
   at Microsoft.AspNetCore.Mvc.Infrastructure.ResourceInvoker.<InvokeFilterPipelineAsync>g__Awaited|20_0(ResourceInvoker invoker, Task lastTask, State next, Scope scope, Object state, Boolean isCompleted)
   at Microsoft.AspNetCore.Mvc.Infrastructure.ResourceInvoker.<InvokeAsync>g__Awaited|17_0(ResourceInvoker invoker, Task task, IDisposable scope)
   at Microsoft.AspNetCore.Mvc.Infrastructure.ResourceInvoker.<InvokeAsync>g__Awaited|17_0(ResourceInvoker invoker, Task task, IDisposable scope)
   at Swashbuckle.AspNetCore.SwaggerUI.SwaggerUIMiddleware.Invoke(HttpContext httpContext)
   at Swashbuckle.AspNetCore.Swagger.SwaggerMiddleware.Invoke(HttpContext httpContext, ISwaggerProvider swaggerProvider)
   at SixLabors.ImageSharp.Web.Middleware.ImageSharpMiddleware.Invoke(HttpContext httpContext, Boolean retry)
   at OrchardCore.Media.Services.SecureMediaMiddleware.Invoke(HttpContext context, IAuthorizationService authorizationService, IAuthenticationService authenticationService)
   at Microsoft.AspNetCore.Authorization.AuthorizationMiddleware.Invoke(HttpContext context)
   at OrchardCore.Liquid.ScriptsMiddleware.Invoke(HttpContext httpContext)
   at Microsoft.AspNetCore.Authentication.AuthenticationMiddleware.Invoke(HttpContext context)
   at OrchardCore.Diagnostics.DiagnosticsStartupFilter.<>c__DisplayClass3_0.<<Configure>b__1>d.MoveNext()
--- End of stack trace from previous location ---
   at Microsoft.AspNetCore.Diagnostics.StatusCodePagesMiddleware.Invoke(HttpContext context)
   at OrchardCore.ContentPreview.PreviewStartupFilter.<>c.<<Configure>b__0_1>d.MoveNext()
--- End of stack trace from previous location ---
   at OrchardCore.Users.Services.ExternalAuthenticationsStartupFilter.<>c.<<Configure>b__0_1>d.MoveNext()
--- End of stack trace from previous location ---
   at OrchardCore.Modules.ModularTenantRouterMiddleware.Invoke(HttpContext httpContext)
   at OrchardCore.Modules.ModularTenantContainerMiddleware.<>c__DisplayClass4_0.<<Invoke>b__0>d.MoveNext()
--- End of stack trace from previous location ---
   at OrchardCore.Environment.Shell.Scope.ShellScope.UsingAsync(Func`2 execute, Boolean activateShell)
   at OrchardCore.Environment.Shell.Scope.ShellScope.UsingAsync(Func`2 execute, Boolean activateShell)
   at OrchardCore.Environment.Shell.Scope.ShellScope.UsingAsync(Func`2 execute, Boolean activateShell)
   at OrchardCore.Environment.Shell.Scope.ShellScope.UsingAsync(Func`2 execute, Boolean activateShell)
   at OrchardCore.Environment.Shell.Scope.ShellScope.UsingAsync(Func`2 execute, Boolean activateShell)
   at OrchardCore.Modules.ModularTenantContainerMiddleware.Invoke(HttpContext httpContext)
   at Microsoft.AspNetCore.Authentication.AuthenticationMiddleware.Invoke(HttpContext context)
   at Microsoft.AspNetCore.Diagnostics.DeveloperExceptionPageMiddlewareImpl.Invoke(HttpContext context)
2026-01-11 00:50:34.2299|Default|00-9dd7efbf5db3125fe7c6e06b8e0ca905-e1b795d00861c46d-00|1|Microsoft.AspNetCore.Diagnostics.DeveloperExceptionPageMiddleware|ERROR|An unhandled exception has occurred while executing the request. System.InvalidOperationException: The model item passed into the ViewDataDictionary is of type 'OrchardCore.ContentManagement.ContentItem', but this ViewDataDictionary instance requires a model item of type 'TechVerse.Cms.Pages.Widgets.Partials._ProductHighlightModel'.
   at Microsoft.AspNetCore.Mvc.ViewFeatures.ViewDataDictionary.EnsureCompatible(Object value)
   at lambda_method90(Closure, ViewDataDictionary)
   at Microsoft.AspNetCore.Mvc.Razor.RazorPagePropertyActivator.Activate(Object page, ViewContext context)
   at Microsoft.AspNetCore.Mvc.Razor.RazorView.RenderPageCoreAsync(IRazorPage page, ViewContext context)
   at Microsoft.AspNetCore.Mvc.Razor.RazorView.RenderPageAsync(IRazorPage page, ViewContext context, Boolean invokeViewStarts)
   at Microsoft.AspNetCore.Mvc.Razor.RazorView.RenderAsync(ViewContext context)
   at Microsoft.AspNetCore.Mvc.ViewFeatures.HtmlHelper.RenderPartialCoreAsync(String partialViewName, Object model, ViewDataDictionary viewData, TextWriter writer)
   at Microsoft.AspNetCore.Mvc.ViewFeatures.HtmlHelper.PartialAsync(String partialViewName, Object model, ViewDataDictionary viewData)
   at AspNetCoreGeneratedDocument.Pages_Home_Index.ExecuteAsync()
   at Microsoft.AspNetCore.Mvc.Razor.RazorView.RenderPageCoreAsync(IRazorPage page, ViewContext context)
   at Microsoft.AspNetCore.Mvc.Razor.RazorView.RenderPageAsync(IRazorPage page, ViewContext context, Boolean invokeViewStarts)
   at Microsoft.AspNetCore.Mvc.Razor.RazorView.RenderAsync(ViewContext context)
   at Microsoft.AspNetCore.Mvc.ViewFeatures.ViewExecutor.ExecuteAsync(ViewContext viewContext, String contentType, Nullable`1 statusCode)
   at Microsoft.AspNetCore.Mvc.ViewFeatures.ViewExecutor.ExecuteAsync(ViewContext viewContext, String contentType, Nullable`1 statusCode)
   at Microsoft.AspNetCore.Mvc.Infrastructure.ResourceInvoker.<InvokeNextResultFilterAsync>g__Awaited|30_0[TFilter,TFilterAsync](ResourceInvoker invoker, Task lastTask, State next, Scope scope, Object state, Boolean isCompleted)
   at Microsoft.AspNetCore.Mvc.Infrastructure.ResourceInvoker.Rethrow(ResultExecutedContextSealed context)
   at Microsoft.AspNetCore.Mvc.Infrastructure.ResourceInvoker.ResultNext[TFilter,TFilterAsync](State& next, Scope& scope, Object& state, Boolean& isCompleted)
   at Microsoft.AspNetCore.Mvc.Infrastructure.ResourceInvoker.<InvokeResultFilters>g__Awaited|28_0(ResourceInvoker invoker, Task lastTask, State next, Scope scope, Object state, Boolean isCompleted)
   at Microsoft.AspNetCore.Mvc.Infrastructure.ResourceInvoker.<InvokeNextResourceFilter>g__Awaited|25_0(ResourceInvoker invoker, Task lastTask, State next, Scope scope, Object state, Boolean isCompleted)
   at Microsoft.AspNetCore.Mvc.Infrastructure.ResourceInvoker.Rethrow(ResourceExecutedContextSealed context)
   at Microsoft.AspNetCore.Mvc.Infrastructure.ResourceInvoker.Next(State& next, Scope& scope, Object& state, Boolean& isCompleted)
   at Microsoft.AspNetCore.Mvc.Infrastructure.ResourceInvoker.<InvokeFilterPipelineAsync>g__Awaited|20_0(ResourceInvoker invoker, Task lastTask, State next, Scope scope, Object state, Boolean isCompleted)
   at Microsoft.AspNetCore.Mvc.Infrastructure.ResourceInvoker.<InvokeAsync>g__Awaited|17_0(ResourceInvoker invoker, Task task, IDisposable scope)
   at Microsoft.AspNetCore.Mvc.Infrastructure.ResourceInvoker.<InvokeAsync>g__Awaited|17_0(ResourceInvoker invoker, Task task, IDisposable scope)
   at Swashbuckle.AspNetCore.SwaggerUI.SwaggerUIMiddleware.Invoke(HttpContext httpContext)
   at Swashbuckle.AspNetCore.Swagger.SwaggerMiddleware.Invoke(HttpContext httpContext, ISwaggerProvider swaggerProvider)
   at SixLabors.ImageSharp.Web.Middleware.ImageSharpMiddleware.Invoke(HttpContext httpContext, Boolean retry)
   at OrchardCore.Media.Services.SecureMediaMiddleware.Invoke(HttpContext context, IAuthorizationService authorizationService, IAuthenticationService authenticationService)
   at Microsoft.AspNetCore.Authorization.AuthorizationMiddleware.Invoke(HttpContext context)
   at OrchardCore.Liquid.ScriptsMiddleware.Invoke(HttpContext httpContext)
   at Microsoft.AspNetCore.Authentication.AuthenticationMiddleware.Invoke(HttpContext context)
   at OrchardCore.Diagnostics.DiagnosticsStartupFilter.<>c__DisplayClass3_0.<<Configure>b__1>d.MoveNext()
--- End of stack trace from previous location ---
   at Microsoft.AspNetCore.Diagnostics.StatusCodePagesMiddleware.Invoke(HttpContext context)
   at OrchardCore.ContentPreview.PreviewStartupFilter.<>c.<<Configure>b__0_1>d.MoveNext()
--- End of stack trace from previous location ---
   at OrchardCore.Users.Services.ExternalAuthenticationsStartupFilter.<>c.<<Configure>b__0_1>d.MoveNext()
--- End of stack trace from previous location ---
   at OrchardCore.Modules.ModularTenantRouterMiddleware.Invoke(HttpContext httpContext)
   at OrchardCore.Modules.ModularTenantContainerMiddleware.<>c__DisplayClass4_0.<<Invoke>b__0>d.MoveNext()
--- End of stack trace from previous location ---
   at OrchardCore.Environment.Shell.Scope.ShellScope.UsingAsync(Func`2 execute, Boolean activateShell)
   at OrchardCore.Environment.Shell.Scope.ShellScope.UsingAsync(Func`2 execute, Boolean activateShell)
   at OrchardCore.Environment.Shell.Scope.ShellScope.UsingAsync(Func`2 execute, Boolean activateShell)
   at OrchardCore.Environment.Shell.Scope.ShellScope.UsingAsync(Func`2 execute, Boolean activateShell)
   at OrchardCore.Environment.Shell.Scope.ShellScope.UsingAsync(Func`2 execute, Boolean activateShell)
   at OrchardCore.Modules.ModularTenantContainerMiddleware.Invoke(HttpContext httpContext)
   at Microsoft.AspNetCore.Authentication.AuthenticationMiddleware.Invoke(HttpContext context)
   at Microsoft.AspNetCore.Diagnostics.DeveloperExceptionPageMiddlewareImpl.Invoke(HttpContext context)    at Microsoft.AspNetCore.Mvc.ViewFeatures.ViewDataDictionary.EnsureCompatible(Object value)
   at lambda_method90(Closure, ViewDataDictionary)
   at Microsoft.AspNetCore.Mvc.Razor.RazorPagePropertyActivator.Activate(Object page, ViewContext context)
   at Microsoft.AspNetCore.Mvc.Razor.RazorView.RenderPageCoreAsync(IRazorPage page, ViewContext context)
   at Microsoft.AspNetCore.Mvc.Razor.RazorView.RenderPageAsync(IRazorPage page, ViewContext context, Boolean invokeViewStarts)
   at Microsoft.AspNetCore.Mvc.Razor.RazorView.RenderAsync(ViewContext context)
   at Microsoft.AspNetCore.Mvc.ViewFeatures.HtmlHelper.RenderPartialCoreAsync(String partialViewName, Object model, ViewDataDictionary viewData, TextWriter writer)
   at Microsoft.AspNetCore.Mvc.ViewFeatures.HtmlHelper.PartialAsync(String partialViewName, Object model, ViewDataDictionary viewData)
   at AspNetCoreGeneratedDocument.Pages_Home_Index.ExecuteAsync()
   at Microsoft.AspNetCore.Mvc.Razor.RazorView.RenderPageCoreAsync(IRazorPage page, ViewContext context)
   at Microsoft.AspNetCore.Mvc.Razor.RazorView.RenderPageAsync(IRazorPage page, ViewContext context, Boolean invokeViewStarts)
   at Microsoft.AspNetCore.Mvc.Razor.RazorView.RenderAsync(ViewContext context)
   at Microsoft.AspNetCore.Mvc.ViewFeatures.ViewExecutor.ExecuteAsync(ViewContext viewContext, String contentType, Nullable`1 statusCode)
   at Microsoft.AspNetCore.Mvc.ViewFeatures.ViewExecutor.ExecuteAsync(ViewContext viewContext, String contentType, Nullable`1 statusCode)
   at Microsoft.AspNetCore.Mvc.Infrastructure.ResourceInvoker.<InvokeNextResultFilterAsync>g__Awaited|30_0[TFilter,TFilterAsync](ResourceInvoker invoker, Task lastTask, State next, Scope scope, Object state, Boolean isCompleted)
   at Microsoft.AspNetCore.Mvc.Infrastructure.ResourceInvoker.Rethrow(ResultExecutedContextSealed context)
   at Microsoft.AspNetCore.Mvc.Infrastructure.ResourceInvoker.ResultNext[TFilter,TFilterAsync](State& next, Scope& scope, Object& state, Boolean& isCompleted)
   at Microsoft.AspNetCore.Mvc.Infrastructure.ResourceInvoker.<InvokeResultFilters>g__Awaited|28_0(ResourceInvoker invoker, Task lastTask, State next, Scope scope, Object state, Boolean isCompleted)
   at Microsoft.AspNetCore.Mvc.Infrastructure.ResourceInvoker.<InvokeNextResourceFilter>g__Awaited|25_0(ResourceInvoker invoker, Task lastTask, State next, Scope scope, Object state, Boolean isCompleted)
   at Microsoft.AspNetCore.Mvc.Infrastructure.ResourceInvoker.Rethrow(ResourceExecutedContextSealed context)
   at Microsoft.AspNetCore.Mvc.Infrastructure.ResourceInvoker.Next(State& next, Scope& scope, Object& state, Boolean& isCompleted)
   at Microsoft.AspNetCore.Mvc.Infrastructure.ResourceInvoker.<InvokeFilterPipelineAsync>g__Awaited|20_0(ResourceInvoker invoker, Task lastTask, State next, Scope scope, Object state, Boolean isCompleted)
   at Microsoft.AspNetCore.Mvc.Infrastructure.ResourceInvoker.<InvokeAsync>g__Awaited|17_0(ResourceInvoker invoker, Task task, IDisposable scope)
   at Microsoft.AspNetCore.Mvc.Infrastructure.ResourceInvoker.<InvokeAsync>g__Awaited|17_0(ResourceInvoker invoker, Task task, IDisposable scope)
   at Swashbuckle.AspNetCore.SwaggerUI.SwaggerUIMiddleware.Invoke(HttpContext httpContext)
   at Swashbuckle.AspNetCore.Swagger.SwaggerMiddleware.Invoke(HttpContext httpContext, ISwaggerProvider swaggerProvider)
   at SixLabors.ImageSharp.Web.Middleware.ImageSharpMiddleware.Invoke(HttpContext httpContext, Boolean retry)
   at OrchardCore.Media.Services.SecureMediaMiddleware.Invoke(HttpContext context, IAuthorizationService authorizationService, IAuthenticationService authenticationService)
   at Microsoft.AspNetCore.Authorization.AuthorizationMiddleware.Invoke(HttpContext context)
   at OrchardCore.Liquid.ScriptsMiddleware.Invoke(HttpContext httpContext)
   at Microsoft.AspNetCore.Authentication.AuthenticationMiddleware.Invoke(HttpContext context)
   at OrchardCore.Diagnostics.DiagnosticsStartupFilter.<>c__DisplayClass3_0.<<Configure>b__1>d.MoveNext()
--- End of stack trace from previous location ---
   at Microsoft.AspNetCore.Diagnostics.StatusCodePagesMiddleware.Invoke(HttpContext context)
   at OrchardCore.ContentPreview.PreviewStartupFilter.<>c.<<Configure>b__0_1>d.MoveNext()
--- End of stack trace from previous location ---
   at OrchardCore.Users.Services.ExternalAuthenticationsStartupFilter.<>c.<<Configure>b__0_1>d.MoveNext()
--- End of stack trace from previous location ---
   at OrchardCore.Modules.ModularTenantRouterMiddleware.Invoke(HttpContext httpContext)
   at OrchardCore.Modules.ModularTenantContainerMiddleware.<>c__DisplayClass4_0.<<Invoke>b__0>d.MoveNext()
--- End of stack trace from previous location ---
   at OrchardCore.Environment.Shell.Scope.ShellScope.UsingAsync(Func`2 execute, Boolean activateShell)
   at OrchardCore.Environment.Shell.Scope.ShellScope.UsingAsync(Func`2 execute, Boolean activateShell)
   at OrchardCore.Environment.Shell.Scope.ShellScope.UsingAsync(Func`2 execute, Boolean activateShell)
   at OrchardCore.Environment.Shell.Scope.ShellScope.UsingAsync(Func`2 execute, Boolean activateShell)
   at OrchardCore.Environment.Shell.Scope.ShellScope.UsingAsync(Func`2 execute, Boolean activateShell)
   at OrchardCore.Modules.ModularTenantContainerMiddleware.Invoke(HttpContext httpContext)
   at Microsoft.AspNetCore.Authentication.AuthenticationMiddleware.Invoke(HttpContext context)
   at Microsoft.AspNetCore.Diagnostics.DeveloperExceptionPageMiddlewareImpl.Invoke(HttpContext context)
2026-01-11 00:50:36.1915|Default|00-a85824d5c42f309823dd6d247dbe0ff5-a2136497231ba241-00|1|Microsoft.AspNetCore.Diagnostics.DeveloperExceptionPageMiddleware|ERROR|An unhandled exception has occurred while executing the request. NLog message: Exception in NLog.LayoutRenderers.ExceptionLayoutRenderer.AppendToString(): System.TypeLoadException. 
2026-01-11 00:50:36.2516|Default|00-a85824d5c42f309823dd6d247dbe0ff5-a2136497231ba241-00|2|Microsoft.AspNetCore.Server.IIS.Core.IISHttpServer|ERROR|Connection ID "18230571300991009175", Request ID "40000198-0002-fd00-b63f-84710c7967bb": An unhandled exception was thrown by the application. System.AggregateException: An error occurred while writing to logger(s). (Could not resolve type 'AspNetCoreGeneratedDocument.Pages_Home_Index' in assembly 'TechVerse.Cms, Version=1.0.0.0, Culture=neutral, PublicKeyToken=null'.) (Could not resolve type 'AspNetCoreGeneratedDocument.Pages_Home_Index' in assembly 'TechVerse.Cms, Version=1.0.0.0, Culture=neutral, PublicKeyToken=null'.) (Could not resolve type 'AspNetCoreGeneratedDocument.Pages_Home_Index' in assembly 'TechVerse.Cms, Version=1.0.0.0, Culture=neutral, PublicKeyToken=null'.)
 ---> System.TypeLoadException: Could not resolve type 'AspNetCoreGeneratedDocument.Pages_Home_Index' in assembly 'TechVerse.Cms, Version=1.0.0.0, Culture=neutral, PublicKeyToken=null'.
   at System.Reflection.TypeNameParser.GetTypeFromDefaultAssemblies(String typeName, ReadOnlySpan`1 nestedTypeNames)
   at System.Reflection.TypeNameParser.GetType(String typeName, ReadOnlySpan`1 nestedTypeNames, String assemblyNameIfAny)
   at System.Reflection.TypeNameParser.NestedNamespaceTypeName.ResolveType(TypeNameParser& parser, String containingAssemblyIfAny)
   at System.Reflection.TypeNameParser.GetTypeHelper(Char* pTypeName, RuntimeAssembly requestingAssembly, Boolean throwOnError, Boolean requireAssemblyQualifiedName)
   at System.Reflection.CustomAttribute._CreateCaObject(RuntimeModule pModule, RuntimeType type, IRuntimeMethodInfo pCtor, Byte** ppBlob, Byte* pEndBlob, Int32* pcNamedArgs)
   at System.Reflection.CustomAttribute.AddCustomAttributes(ListBuilder`1& attributes, RuntimeModule decoratedModule, Int32 decoratedMetadataToken, RuntimeType attributeFilterType, Boolean mustBeInheritable, ListBuilder`1 derivedAttributes)
   at System.Reflection.CustomAttribute.GetCustomAttributes(RuntimeModule decoratedModule, Int32 decoratedMetadataToken, Int32 pcaCount, RuntimeType attributeFilterType)
   at System.Reflection.CustomAttribute.GetCustomAttributes(RuntimeMethodInfo method, RuntimeType caType, Boolean inherit)
   at System.Attribute.GetCustomAttributes(MemberInfo element, Type attributeType, Boolean inherit)
   at System.Diagnostics.StackTrace.TryResolveStateMachineMethod(MethodBase& method, Type& declaringType)
   at System.Diagnostics.StackTrace.ToString(TraceFormat traceFormat, StringBuilder sb)
   at System.Diagnostics.StackTrace.ToString(TraceFormat traceFormat)
   at System.Exception.get_StackTrace()
   at System.Exception.ToString()
   at Microsoft.Extensions.Logging.Console.SimpleConsoleFormatter.CreateDefaultLogMessage[TState](TextWriter textWriter, LogEntry`1& logEntry, String message, IExternalScopeProvider scopeProvider)
   at Microsoft.Extensions.Logging.Console.SimpleConsoleFormatter.Write[TState](LogEntry`1& logEntry, IExternalScopeProvider scopeProvider, TextWriter textWriter)
   at Microsoft.Extensions.Logging.Console.ConsoleLogger.Log[TState](LogLevel logLevel, EventId eventId, TState state, Exception exception, Func`3 formatter)
   at Microsoft.Extensions.Logging.Logger.<Log>g__LoggerLog|14_0[TState](LogLevel logLevel, EventId eventId, ILogger logger, Exception exception, Func`3 formatter, List`1& exceptions, TState& state)
   --- End of inner exception stack trace ---
 ---> (Inner Exception #1) System.TypeLoadException: Could not resolve type 'AspNetCoreGeneratedDocument.Pages_Home_Index' in assembly 'TechVerse.Cms, Version=1.0.0.0, Culture=neutral, PublicKeyToken=null'.
   at System.Reflection.TypeNameParser.GetTypeFromDefaultAssemblies(String typeName, ReadOnlySpan`1 nestedTypeNames)
   at System.Reflection.TypeNameParser.GetType(String typeName, ReadOnlySpan`1 nestedTypeNames, String assemblyNameIfAny)
   at System.Reflection.TypeNameParser.NestedNamespaceTypeName.ResolveType(TypeNameParser& parser, String containingAssemblyIfAny)
   at System.Reflection.TypeNameParser.GetTypeHelper(Char* pTypeName, RuntimeAssembly requestingAssembly, Boolean throwOnError, Boolean requireAssemblyQualifiedName)
   at System.Reflection.CustomAttribute._CreateCaObject(RuntimeModule pModule, RuntimeType type, IRuntimeMethodInfo pCtor, Byte** ppBlob, Byte* pEndBlob, Int32* pcNamedArgs)
   at System.Reflection.CustomAttribute.AddCustomAttributes(ListBuilder`1& attributes, RuntimeModule decoratedModule, Int32 decoratedMetadataToken, RuntimeType attributeFilterType, Boolean mustBeInheritable, ListBuilder`1 derivedAttributes)
   at System.Reflection.CustomAttribute.GetCustomAttributes(RuntimeModule decoratedModule, Int32 decoratedMetadataToken, Int32 pcaCount, RuntimeType attributeFilterType)
   at System.Reflection.CustomAttribute.GetCustomAttributes(RuntimeMethodInfo method, RuntimeType caType, Boolean inherit)
   at System.Attribute.GetCustomAttributes(MemberInfo element, Type attributeType, Boolean inherit)
   at System.Diagnostics.StackTrace.TryResolveStateMachineMethod(MethodBase& method, Type& declaringType)
   at System.Diagnostics.StackTrace.ToString(TraceFormat traceFormat, StringBuilder sb)
   at System.Diagnostics.StackTrace.ToString(TraceFormat traceFormat)
   at System.Exception.get_StackTrace()
   at System.Exception.ToString()
   at Microsoft.Extensions.Logging.Debug.DebugLogger.Log[TState](LogLevel logLevel, EventId eventId, TState state, Exception exception, Func`3 formatter)
   at Microsoft.Extensions.Logging.Logger.<Log>g__LoggerLog|14_0[TState](LogLevel logLevel, EventId eventId, ILogger logger, Exception exception, Func`3 formatter, List`1& exceptions, TState& state)<---

 ---> (Inner Exception #2) System.TypeLoadException: Could not resolve type 'AspNetCoreGeneratedDocument.Pages_Home_Index' in assembly 'TechVerse.Cms, Version=1.0.0.0, Culture=neutral, PublicKeyToken=null'.
   at System.Reflection.TypeNameParser.GetTypeFromDefaultAssemblies(String typeName, ReadOnlySpan`1 nestedTypeNames)
   at System.Reflection.TypeNameParser.GetType(String typeName, ReadOnlySpan`1 nestedTypeNames, String assemblyNameIfAny)
   at System.Reflection.TypeNameParser.NestedNamespaceTypeName.ResolveType(TypeNameParser& parser, String containingAssemblyIfAny)
   at System.Reflection.TypeNameParser.GetTypeHelper(Char* pTypeName, RuntimeAssembly requestingAssembly, Boolean throwOnError, Boolean requireAssemblyQualifiedName)
   at System.Reflection.CustomAttribute._CreateCaObject(RuntimeModule pModule, RuntimeType type, IRuntimeMethodInfo pCtor, Byte** ppBlob, Byte* pEndBlob, Int32* pcNamedArgs)
   at System.Reflection.CustomAttribute.AddCustomAttributes(ListBuilder`1& attributes, RuntimeModule decoratedModule, Int32 decoratedMetadataToken, RuntimeType attributeFilterType, Boolean mustBeInheritable, ListBuilder`1 derivedAttributes)
   at System.Reflection.CustomAttribute.GetCustomAttributes(RuntimeModule decoratedModule, Int32 decoratedMetadataToken, Int32 pcaCount, RuntimeType attributeFilterType)
   at System.Reflection.CustomAttribute.GetCustomAttributes(RuntimeMethodInfo method, RuntimeType caType, Boolean inherit)
   at System.Attribute.GetCustomAttributes(MemberInfo element, Type attributeType, Boolean inherit)
   at System.Diagnostics.StackTrace.TryResolveStateMachineMethod(MethodBase& method, Type& declaringType)
   at System.Diagnostics.StackTrace.ToString(TraceFormat traceFormat, StringBuilder sb)
   at System.Diagnostics.StackTrace.ToString(TraceFormat traceFormat)
   at System.Exception.get_StackTrace()
   at System.Exception.ToString()
   at System.Text.StringBuilder.Append(Object value)
   at Microsoft.Extensions.Logging.EventLog.EventLogLogger.Log[TState](LogLevel logLevel, EventId eventId, TState state, Exception exception, Func`3 formatter)
   at Microsoft.Extensions.Logging.Logger.<Log>g__LoggerLog|14_0[TState](LogLevel logLevel, EventId eventId, ILogger logger, Exception exception, Func`3 formatter, List`1& exceptions, TState& state)<---

2026-01-11 00:50:38.1433|Default|00-5142aa26652eb10dff6850692e875b27-0c9f0a7c5a535dbd-00|1|Microsoft.AspNetCore.Diagnostics.DeveloperExceptionPageMiddleware|ERROR|An unhandled exception has occurred while executing the request. NLog message: Exception in NLog.LayoutRenderers.ExceptionLayoutRenderer.AppendToString(): System.TypeLoadException. 
2026-01-11 00:50:38.1692|Default|00-5142aa26652eb10dff6850692e875b27-0c9f0a7c5a535dbd-00|2|Microsoft.AspNetCore.Server.IIS.Core.IISHttpServer|ERROR|Connection ID "17437937800933539945", Request ID "4000006a-000a-f200-b63f-84710c7967bb": An unhandled exception was thrown by the application. System.AggregateException: An error occurred while writing to logger(s). (Could not resolve type 'AspNetCoreGeneratedDocument.Pages_Home_Index' in assembly 'TechVerse.Cms, Version=1.0.0.0, Culture=neutral, PublicKeyToken=null'.) (Could not resolve type 'AspNetCoreGeneratedDocument.Pages_Home_Index' in assembly 'TechVerse.Cms, Version=1.0.0.0, Culture=neutral, PublicKeyToken=null'.) (Could not resolve type 'AspNetCoreGeneratedDocument.Pages_Home_Index' in assembly 'TechVerse.Cms, Version=1.0.0.0, Culture=neutral, PublicKeyToken=null'.)
 ---> System.TypeLoadException: Could not resolve type 'AspNetCoreGeneratedDocument.Pages_Home_Index' in assembly 'TechVerse.Cms, Version=1.0.0.0, Culture=neutral, PublicKeyToken=null'.
   at System.Reflection.TypeNameParser.GetTypeFromDefaultAssemblies(String typeName, ReadOnlySpan`1 nestedTypeNames)
   at System.Reflection.TypeNameParser.GetType(String typeName, ReadOnlySpan`1 nestedTypeNames, String assemblyNameIfAny)
   at System.Reflection.TypeNameParser.NestedNamespaceTypeName.ResolveType(TypeNameParser& parser, String containingAssemblyIfAny)
   at System.Reflection.TypeNameParser.GetTypeHelper(Char* pTypeName, RuntimeAssembly requestingAssembly, Boolean throwOnError, Boolean requireAssemblyQualifiedName)
   at System.Reflection.CustomAttribute._CreateCaObject(RuntimeModule pModule, RuntimeType type, IRuntimeMethodInfo pCtor, Byte** ppBlob, Byte* pEndBlob, Int32* pcNamedArgs)
   at System.Reflection.CustomAttribute.AddCustomAttributes(ListBuilder`1& attributes, RuntimeModule decoratedModule, Int32 decoratedMetadataToken, RuntimeType attributeFilterType, Boolean mustBeInheritable, ListBuilder`1 derivedAttributes)
   at System.Reflection.CustomAttribute.GetCustomAttributes(RuntimeModule decoratedModule, Int32 decoratedMetadataToken, Int32 pcaCount, RuntimeType attributeFilterType)
   at System.Reflection.CustomAttribute.GetCustomAttributes(RuntimeMethodInfo method, RuntimeType caType, Boolean inherit)
   at System.Attribute.GetCustomAttributes(MemberInfo element, Type attributeType, Boolean inherit)
   at System.Diagnostics.StackTrace.TryResolveStateMachineMethod(MethodBase& method, Type& declaringType)
   at System.Diagnostics.StackTrace.ToString(TraceFormat traceFormat, StringBuilder sb)
   at System.Exception.get_StackTrace()
   at System.Exception.ToString()
   at Microsoft.Extensions.Logging.Console.SimpleConsoleFormatter.CreateDefaultLogMessage[TState](TextWriter textWriter, LogEntry`1& logEntry, String message, IExternalScopeProvider scopeProvider)
   at Microsoft.Extensions.Logging.Console.SimpleConsoleFormatter.Write[TState](LogEntry`1& logEntry, IExternalScopeProvider scopeProvider, TextWriter textWriter)
   at Microsoft.Extensions.Logging.Console.ConsoleLogger.Log[TState](LogLevel logLevel, EventId eventId, TState state, Exception exception, Func`3 formatter)
   at Microsoft.Extensions.Logging.Logger.<Log>g__LoggerLog|14_0[TState](LogLevel logLevel, EventId eventId, ILogger logger, Exception exception, Func`3 formatter, List`1& exceptions, TState& state)
   --- End of inner exception stack trace ---
 ---> (Inner Exception #1) System.TypeLoadException: Could not resolve type 'AspNetCoreGeneratedDocument.Pages_Home_Index' in assembly 'TechVerse.Cms, Version=1.0.0.0, Culture=neutral, PublicKeyToken=null'.
   at System.Reflection.TypeNameParser.GetTypeFromDefaultAssemblies(String typeName, ReadOnlySpan`1 nestedTypeNames)
   at System.Reflection.TypeNameParser.GetType(String typeName, ReadOnlySpan`1 nestedTypeNames, String assemblyNameIfAny)
   at System.Reflection.TypeNameParser.NestedNamespaceTypeName.ResolveType(TypeNameParser& parser, String containingAssemblyIfAny)
   at System.Reflection.TypeNameParser.GetTypeHelper(Char* pTypeName, RuntimeAssembly requestingAssembly, Boolean throwOnError, Boolean requireAssemblyQualifiedName)
   at System.Reflection.CustomAttribute._CreateCaObject(RuntimeModule pModule, RuntimeType type, IRuntimeMethodInfo pCtor, Byte** ppBlob, Byte* pEndBlob, Int32* pcNamedArgs)
   at System.Reflection.CustomAttribute.AddCustomAttributes(ListBuilder`1& attributes, RuntimeModule decoratedModule, Int32 decoratedMetadataToken, RuntimeType attributeFilterType, Boolean mustBeInheritable, ListBuilder`1 derivedAttributes)
   at System.Reflection.CustomAttribute.GetCustomAttributes(RuntimeModule decoratedModule, Int32 decoratedMetadataToken, Int32 pcaCount, RuntimeType attributeFilterType)
   at System.Reflection.CustomAttribute.GetCustomAttributes(RuntimeMethodInfo method, RuntimeType caType, Boolean inherit)
   at System.Attribute.GetCustomAttributes(MemberInfo element, Type attributeType, Boolean inherit)
   at System.Diagnostics.StackTrace.TryResolveStateMachineMethod(MethodBase& method, Type& declaringType)
   at System.Diagnostics.StackTrace.ToString(TraceFormat traceFormat, StringBuilder sb)
   at System.Exception.get_StackTrace()
   at System.Exception.ToString()
   at Microsoft.Extensions.Logging.Debug.DebugLogger.Log[TState](LogLevel logLevel, EventId eventId, TState state, Exception exception, Func`3 formatter)
   at Microsoft.Extensions.Logging.Logger.<Log>g__LoggerLog|14_0[TState](LogLevel logLevel, EventId eventId, ILogger logger, Exception exception, Func`3 formatter, List`1& exceptions, TState& state)<---

 ---> (Inner Exception #2) System.TypeLoadException: Could not resolve type 'AspNetCoreGeneratedDocument.Pages_Home_Index' in assembly 'TechVerse.Cms, Version=1.0.0.0, Culture=neutral, PublicKeyToken=null'.
   at System.Reflection.TypeNameParser.GetTypeFromDefaultAssemblies(String typeName, ReadOnlySpan`1 nestedTypeNames)
   at System.Reflection.TypeNameParser.GetType(String typeName, ReadOnlySpan`1 nestedTypeNames, String assemblyNameIfAny)
   at System.Reflection.TypeNameParser.NestedNamespaceTypeName.ResolveType(TypeNameParser& parser, String containingAssemblyIfAny)
   at System.Reflection.TypeNameParser.GetTypeHelper(Char* pTypeName, RuntimeAssembly requestingAssembly, Boolean throwOnError, Boolean requireAssemblyQualifiedName)
   at System.Reflection.CustomAttribute._CreateCaObject(RuntimeModule pModule, RuntimeType type, IRuntimeMethodInfo pCtor, Byte** ppBlob, Byte* pEndBlob, Int32* pcNamedArgs)
   at System.Reflection.CustomAttribute.AddCustomAttributes(ListBuilder`1& attributes, RuntimeModule decoratedModule, Int32 decoratedMetadataToken, RuntimeType attributeFilterType, Boolean mustBeInheritable, ListBuilder`1 derivedAttributes)
   at System.Reflection.CustomAttribute.GetCustomAttributes(RuntimeModule decoratedModule, Int32 decoratedMetadataToken, Int32 pcaCount, RuntimeType attributeFilterType)
   at System.Reflection.CustomAttribute.GetCustomAttributes(RuntimeMethodInfo method, RuntimeType caType, Boolean inherit)
   at System.Attribute.GetCustomAttributes(MemberInfo element, Type attributeType, Boolean inherit)
   at System.Diagnostics.StackTrace.TryResolveStateMachineMethod(MethodBase& method, Type& declaringType)
   at System.Diagnostics.StackTrace.ToString(TraceFormat traceFormat, StringBuilder sb)
   at System.Exception.get_StackTrace()
   at System.Exception.ToString()
   at System.Text.StringBuilder.Append(Object value)
   at Microsoft.Extensions.Logging.EventLog.EventLogLogger.Log[TState](LogLevel logLevel, EventId eventId, TState state, Exception exception, Func`3 formatter)
   at Microsoft.Extensions.Logging.Logger.<Log>g__LoggerLog|14_0[TState](LogLevel logLevel, EventId eventId, ILogger logger, Exception exception, Func`3 formatter, List`1& exceptions, TState& state)<---

2026-01-11 00:50:53.2661||||Microsoft.Hosting.Lifetime|INFO|Application started. Press Ctrl+C to shut down. 
2026-01-11 00:50:53.3085||||Microsoft.Hosting.Lifetime|INFO|Hosting environment: Development 
2026-01-11 00:50:53.3223||||Microsoft.Hosting.Lifetime|INFO|Content root path: C:\Users\Wanwi\OneDrive\Desktop\TechVerse\TechVerse.Cms 
2026-01-11 00:51:00.1952|Default|00-c89e860bcf6ec4ffcfba00e2d701d37c-cd7a34286c37645f-00|1|Microsoft.AspNetCore.Diagnostics.DeveloperExceptionPageMiddleware|ERROR|An unhandled exception has occurred while executing the request. System.InvalidOperationException: The model item passed into the ViewDataDictionary is of type 'OrchardCore.ContentManagement.ContentItem', but this ViewDataDictionary instance requires a model item of type 'TechVerse.Cms.Pages.Widgets.Partials._ProductHighlightModel'.
   at Microsoft.AspNetCore.Mvc.ViewFeatures.ViewDataDictionary.EnsureCompatible(Object value)
   at lambda_method90(Closure, ViewDataDictionary)
   at Microsoft.AspNetCore.Mvc.Razor.RazorPagePropertyActivator.Activate(Object page, ViewContext context)
   at Microsoft.AspNetCore.Mvc.Razor.RazorView.RenderPageCoreAsync(IRazorPage page, ViewContext context)
   at Microsoft.AspNetCore.Mvc.Razor.RazorView.RenderPageAsync(IRazorPage page, ViewContext context, Boolean invokeViewStarts)
   at Microsoft.AspNetCore.Mvc.Razor.RazorView.RenderAsync(ViewContext context)
   at Microsoft.AspNetCore.Mvc.ViewFeatures.HtmlHelper.RenderPartialCoreAsync(String partialViewName, Object model, ViewDataDictionary viewData, TextWriter writer)
   at Microsoft.AspNetCore.Mvc.ViewFeatures.HtmlHelper.PartialAsync(String partialViewName, Object model, ViewDataDictionary viewData)
   at AspNetCoreGeneratedDocument.Pages_Home_Index.ExecuteAsync() in C:\Users\Wanwi\OneDrive\Desktop\TechVerse\TechVerse.Cms\Pages\Home\Index.cshtml:line 35
   at Microsoft.AspNetCore.Mvc.Razor.RazorView.RenderPageCoreAsync(IRazorPage page, ViewContext context)
   at Microsoft.AspNetCore.Mvc.Razor.RazorView.RenderPageAsync(IRazorPage page, ViewContext context, Boolean invokeViewStarts)
   at Microsoft.AspNetCore.Mvc.Razor.RazorView.RenderAsync(ViewContext context)
   at Microsoft.AspNetCore.Mvc.ViewFeatures.ViewExecutor.ExecuteAsync(ViewContext viewContext, String contentType, Nullable`1 statusCode)
   at Microsoft.AspNetCore.Mvc.ViewFeatures.ViewExecutor.ExecuteAsync(ViewContext viewContext, String contentType, Nullable`1 statusCode)
   at Microsoft.AspNetCore.Mvc.Infrastructure.ResourceInvoker.<InvokeNextResultFilterAsync>g__Awaited|30_0[TFilter,TFilterAsync](ResourceInvoker invoker, Task lastTask, State next, Scope scope, Object state, Boolean isCompleted)
   at Microsoft.AspNetCore.Mvc.Infrastructure.ResourceInvoker.Rethrow(ResultExecutedContextSealed context)
   at Microsoft.AspNetCore.Mvc.Infrastructure.ResourceInvoker.ResultNext[TFilter,TFilterAsync](State& next, Scope& scope, Object& state, Boolean& isCompleted)
   at Microsoft.AspNetCore.Mvc.Infrastructure.ResourceInvoker.<InvokeResultFilters>g__Awaited|28_0(ResourceInvoker invoker, Task lastTask, State next, Scope scope, Object state, Boolean isCompleted)
   at Microsoft.AspNetCore.Mvc.Infrastructure.ResourceInvoker.<InvokeNextResourceFilter>g__Awaited|25_0(ResourceInvoker invoker, Task lastTask, State next, Scope scope, Object state, Boolean isCompleted)
   at Microsoft.AspNetCore.Mvc.Infrastructure.ResourceInvoker.Rethrow(ResourceExecutedContextSealed context)
   at Microsoft.AspNetCore.Mvc.Infrastructure.ResourceInvoker.Next(State& next, Scope& scope, Object& state, Boolean& isCompleted)
   at Microsoft.AspNetCore.Mvc.Infrastructure.ResourceInvoker.<InvokeFilterPipelineAsync>g__Awaited|20_0(ResourceInvoker invoker, Task lastTask, State next, Scope scope, Object state, Boolean isCompleted)
   at Microsoft.AspNetCore.Mvc.Infrastructure.ResourceInvoker.<InvokeAsync>g__Awaited|17_0(ResourceInvoker invoker, Task task, IDisposable scope)
   at Microsoft.AspNetCore.Mvc.Infrastructure.ResourceInvoker.<InvokeAsync>g__Awaited|17_0(ResourceInvoker invoker, Task task, IDisposable scope)
   at Swashbuckle.AspNetCore.SwaggerUI.SwaggerUIMiddleware.Invoke(HttpContext httpContext)
   at Swashbuckle.AspNetCore.Swagger.SwaggerMiddleware.Invoke(HttpContext httpContext, ISwaggerProvider swaggerProvider)
   at SixLabors.ImageSharp.Web.Middleware.ImageSharpMiddleware.Invoke(HttpContext httpContext, Boolean retry)
   at OrchardCore.Media.Services.SecureMediaMiddleware.Invoke(HttpContext context, IAuthorizationService authorizationService, IAuthenticationService authenticationService)
   at Microsoft.AspNetCore.Authorization.AuthorizationMiddleware.Invoke(HttpContext context)
   at OrchardCore.Liquid.ScriptsMiddleware.Invoke(HttpContext httpContext)
   at Microsoft.AspNetCore.Authentication.AuthenticationMiddleware.Invoke(HttpContext context)
   at OrchardCore.Diagnostics.DiagnosticsStartupFilter.<>c__DisplayClass3_0.<<Configure>b__1>d.MoveNext()
--- End of stack trace from previous location ---
   at Microsoft.AspNetCore.Diagnostics.StatusCodePagesMiddleware.Invoke(HttpContext context)
   at OrchardCore.ContentPreview.PreviewStartupFilter.<>c.<<Configure>b__0_1>d.MoveNext()
--- End of stack trace from previous location ---
   at OrchardCore.Users.Services.ExternalAuthenticationsStartupFilter.<>c.<<Configure>b__0_1>d.MoveNext()
--- End of stack trace from previous location ---
   at OrchardCore.Modules.ModularTenantRouterMiddleware.Invoke(HttpContext httpContext)
   at OrchardCore.Modules.ModularTenantContainerMiddleware.<>c__DisplayClass4_0.<<Invoke>b__0>d.MoveNext()
--- End of stack trace from previous location ---
   at OrchardCore.Environment.Shell.Scope.ShellScope.UsingAsync(Func`2 execute, Boolean activateShell)
   at OrchardCore.Environment.Shell.Scope.ShellScope.UsingAsync(Func`2 execute, Boolean activateShell)
   at OrchardCore.Environment.Shell.Scope.ShellScope.UsingAsync(Func`2 execute, Boolean activateShell)
   at OrchardCore.Environment.Shell.Scope.ShellScope.UsingAsync(Func`2 execute, Boolean activateShell)
   at OrchardCore.Environment.Shell.Scope.ShellScope.UsingAsync(Func`2 execute, Boolean activateShell)
   at OrchardCore.Modules.ModularTenantContainerMiddleware.Invoke(HttpContext httpContext)
   at Microsoft.AspNetCore.Authentication.AuthenticationMiddleware.Invoke(HttpContext context)
   at Microsoft.AspNetCore.Diagnostics.DeveloperExceptionPageMiddlewareImpl.Invoke(HttpContext context)    at Microsoft.AspNetCore.Mvc.ViewFeatures.ViewDataDictionary.EnsureCompatible(Object value)
   at lambda_method90(Closure, ViewDataDictionary)
   at Microsoft.AspNetCore.Mvc.Razor.RazorPagePropertyActivator.Activate(Object page, ViewContext context)
   at Microsoft.AspNetCore.Mvc.Razor.RazorView.RenderPageCoreAsync(IRazorPage page, ViewContext context)
   at Microsoft.AspNetCore.Mvc.Razor.RazorView.RenderPageAsync(IRazorPage page, ViewContext context, Boolean invokeViewStarts)
   at Microsoft.AspNetCore.Mvc.Razor.RazorView.RenderAsync(ViewContext context)
   at Microsoft.AspNetCore.Mvc.ViewFeatures.HtmlHelper.RenderPartialCoreAsync(String partialViewName, Object model, ViewDataDictionary viewData, TextWriter writer)
   at Microsoft.AspNetCore.Mvc.ViewFeatures.HtmlHelper.PartialAsync(String partialViewName, Object model, ViewDataDictionary viewData)
   at AspNetCoreGeneratedDocument.Pages_Home_Index.ExecuteAsync() in C:\Users\Wanwi\OneDrive\Desktop\TechVerse\TechVerse.Cms\Pages\Home\Index.cshtml:line 35
   at Microsoft.AspNetCore.Mvc.Razor.RazorView.RenderPageCoreAsync(IRazorPage page, ViewContext context)
   at Microsoft.AspNetCore.Mvc.Razor.RazorView.RenderPageAsync(IRazorPage page, ViewContext context, Boolean invokeViewStarts)
   at Microsoft.AspNetCore.Mvc.Razor.RazorView.RenderAsync(ViewContext context)
   at Microsoft.AspNetCore.Mvc.ViewFeatures.ViewExecutor.ExecuteAsync(ViewContext viewContext, String contentType, Nullable`1 statusCode)
   at Microsoft.AspNetCore.Mvc.ViewFeatures.ViewExecutor.ExecuteAsync(ViewContext viewContext, String contentType, Nullable`1 statusCode)
   at Microsoft.AspNetCore.Mvc.Infrastructure.ResourceInvoker.<InvokeNextResultFilterAsync>g__Awaited|30_0[TFilter,TFilterAsync](ResourceInvoker invoker, Task lastTask, State next, Scope scope, Object state, Boolean isCompleted)
   at Microsoft.AspNetCore.Mvc.Infrastructure.ResourceInvoker.Rethrow(ResultExecutedContextSealed context)
   at Microsoft.AspNetCore.Mvc.Infrastructure.ResourceInvoker.ResultNext[TFilter,TFilterAsync](State& next, Scope& scope, Object& state, Boolean& isCompleted)
   at Microsoft.AspNetCore.Mvc.Infrastructure.ResourceInvoker.<InvokeResultFilters>g__Awaited|28_0(ResourceInvoker invoker, Task lastTask, State next, Scope scope, Object state, Boolean isCompleted)
   at Microsoft.AspNetCore.Mvc.Infrastructure.ResourceInvoker.<InvokeNextResourceFilter>g__Awaited|25_0(ResourceInvoker invoker, Task lastTask, State next, Scope scope, Object state, Boolean isCompleted)
   at Microsoft.AspNetCore.Mvc.Infrastructure.ResourceInvoker.Rethrow(ResourceExecutedContextSealed context)
   at Microsoft.AspNetCore.Mvc.Infrastructure.ResourceInvoker.Next(State& next, Scope& scope, Object& state, Boolean& isCompleted)
   at Microsoft.AspNetCore.Mvc.Infrastructure.ResourceInvoker.<InvokeFilterPipelineAsync>g__Awaited|20_0(ResourceInvoker invoker, Task lastTask, State next, Scope scope, Object state, Boolean isCompleted)
   at Microsoft.AspNetCore.Mvc.Infrastructure.ResourceInvoker.<InvokeAsync>g__Awaited|17_0(ResourceInvoker invoker, Task task, IDisposable scope)
   at Microsoft.AspNetCore.Mvc.Infrastructure.ResourceInvoker.<InvokeAsync>g__Awaited|17_0(ResourceInvoker invoker, Task task, IDisposable scope)
   at Swashbuckle.AspNetCore.SwaggerUI.SwaggerUIMiddleware.Invoke(HttpContext httpContext)
   at Swashbuckle.AspNetCore.Swagger.SwaggerMiddleware.Invoke(HttpContext httpContext, ISwaggerProvider swaggerProvider)
   at SixLabors.ImageSharp.Web.Middleware.ImageSharpMiddleware.Invoke(HttpContext httpContext, Boolean retry)
   at OrchardCore.Media.Services.SecureMediaMiddleware.Invoke(HttpContext context, IAuthorizationService authorizationService, IAuthenticationService authenticationService)
   at Microsoft.AspNetCore.Authorization.AuthorizationMiddleware.Invoke(HttpContext context)
   at OrchardCore.Liquid.ScriptsMiddleware.Invoke(HttpContext httpContext)
   at Microsoft.AspNetCore.Authentication.AuthenticationMiddleware.Invoke(HttpContext context)
   at OrchardCore.Diagnostics.DiagnosticsStartupFilter.<>c__DisplayClass3_0.<<Configure>b__1>d.MoveNext()
--- End of stack trace from previous location ---
   at Microsoft.AspNetCore.Diagnostics.StatusCodePagesMiddleware.Invoke(HttpContext context)
   at OrchardCore.ContentPreview.PreviewStartupFilter.<>c.<<Configure>b__0_1>d.MoveNext()
--- End of stack trace from previous location ---
   at OrchardCore.Users.Services.ExternalAuthenticationsStartupFilter.<>c.<<Configure>b__0_1>d.MoveNext()
--- End of stack trace from previous location ---
   at OrchardCore.Modules.ModularTenantRouterMiddleware.Invoke(HttpContext httpContext)
   at OrchardCore.Modules.ModularTenantContainerMiddleware.<>c__DisplayClass4_0.<<Invoke>b__0>d.MoveNext()
--- End of stack trace from previous location ---
   at OrchardCore.Environment.Shell.Scope.ShellScope.UsingAsync(Func`2 execute, Boolean activateShell)
   at OrchardCore.Environment.Shell.Scope.ShellScope.UsingAsync(Func`2 execute, Boolean activateShell)
   at OrchardCore.Environment.Shell.Scope.ShellScope.UsingAsync(Func`2 execute, Boolean activateShell)
   at OrchardCore.Environment.Shell.Scope.ShellScope.UsingAsync(Func`2 execute, Boolean activateShell)
   at OrchardCore.Environment.Shell.Scope.ShellScope.UsingAsync(Func`2 execute, Boolean activateShell)
   at OrchardCore.Modules.ModularTenantContainerMiddleware.Invoke(HttpContext httpContext)
   at Microsoft.AspNetCore.Authentication.AuthenticationMiddleware.Invoke(HttpContext context)
   at Microsoft.AspNetCore.Diagnostics.DeveloperExceptionPageMiddlewareImpl.Invoke(HttpContext context)
2026-01-11 00:52:06.2558||||Microsoft.Hosting.Lifetime|INFO|Application started. Press Ctrl+C to shut down. 
2026-01-11 00:52:06.3237||||Microsoft.Hosting.Lifetime|INFO|Hosting environment: Development 
2026-01-11 00:52:06.3237||||Microsoft.Hosting.Lifetime|INFO|Content root path: C:\Users\Wanwi\OneDrive\Desktop\TechVerse\TechVerse.Cms 
2026-01-11 00:52:14.2194|Default|00-f1c3aa1b4e67b1d6d21bf8f05d5deff5-f85cd0741e3f5536-00|1|Microsoft.AspNetCore.Diagnostics.DeveloperExceptionPageMiddleware|ERROR|An unhandled exception has occurred while executing the request. System.InvalidOperationException: The model item passed into the ViewDataDictionary is of type 'OrchardCore.ContentManagement.ContentItem', but this ViewDataDictionary instance requires a model item of type 'TechVerse.Cms.Pages.Widgets.Partials._ProductHighlightModel'.
   at Microsoft.AspNetCore.Mvc.ViewFeatures.ViewDataDictionary.EnsureCompatible(Object value)
   at lambda_method90(Closure, ViewDataDictionary)
   at Microsoft.AspNetCore.Mvc.Razor.RazorPagePropertyActivator.Activate(Object page, ViewContext context)
   at Microsoft.AspNetCore.Mvc.Razor.RazorView.RenderPageCoreAsync(IRazorPage page, ViewContext context)
   at Microsoft.AspNetCore.Mvc.Razor.RazorView.RenderPageAsync(IRazorPage page, ViewContext context, Boolean invokeViewStarts)
   at Microsoft.AspNetCore.Mvc.Razor.RazorView.RenderAsync(ViewContext context)
   at Microsoft.AspNetCore.Mvc.ViewFeatures.HtmlHelper.RenderPartialCoreAsync(String partialViewName, Object model, ViewDataDictionary viewData, TextWriter writer)
   at Microsoft.AspNetCore.Mvc.ViewFeatures.HtmlHelper.PartialAsync(String partialViewName, Object model, ViewDataDictionary viewData)
   at AspNetCoreGeneratedDocument.Pages_Home_Index.ExecuteAsync() in C:\Users\Wanwi\OneDrive\Desktop\TechVerse\TechVerse.Cms\Pages\Home\Index.cshtml:line 34
   at Microsoft.AspNetCore.Mvc.Razor.RazorView.RenderPageCoreAsync(IRazorPage page, ViewContext context)
   at Microsoft.AspNetCore.Mvc.Razor.RazorView.RenderPageAsync(IRazorPage page, ViewContext context, Boolean invokeViewStarts)
   at Microsoft.AspNetCore.Mvc.Razor.RazorView.RenderAsync(ViewContext context)
   at Microsoft.AspNetCore.Mvc.ViewFeatures.ViewExecutor.ExecuteAsync(ViewContext viewContext, String contentType, Nullable`1 statusCode)
   at Microsoft.AspNetCore.Mvc.ViewFeatures.ViewExecutor.ExecuteAsync(ViewContext viewContext, String contentType, Nullable`1 statusCode)
   at Microsoft.AspNetCore.Mvc.Infrastructure.ResourceInvoker.<InvokeNextResultFilterAsync>g__Awaited|30_0[TFilter,TFilterAsync](ResourceInvoker invoker, Task lastTask, State next, Scope scope, Object state, Boolean isCompleted)
   at Microsoft.AspNetCore.Mvc.Infrastructure.ResourceInvoker.Rethrow(ResultExecutedContextSealed context)
   at Microsoft.AspNetCore.Mvc.Infrastructure.ResourceInvoker.ResultNext[TFilter,TFilterAsync](State& next, Scope& scope, Object& state, Boolean& isCompleted)
   at Microsoft.AspNetCore.Mvc.Infrastructure.ResourceInvoker.<InvokeResultFilters>g__Awaited|28_0(ResourceInvoker invoker, Task lastTask, State next, Scope scope, Object state, Boolean isCompleted)
   at Microsoft.AspNetCore.Mvc.Infrastructure.ResourceInvoker.<InvokeNextResourceFilter>g__Awaited|25_0(ResourceInvoker invoker, Task lastTask, State next, Scope scope, Object state, Boolean isCompleted)
   at Microsoft.AspNetCore.Mvc.Infrastructure.ResourceInvoker.Rethrow(ResourceExecutedContextSealed context)
   at Microsoft.AspNetCore.Mvc.Infrastructure.ResourceInvoker.Next(State& next, Scope& scope, Object& state, Boolean& isCompleted)
   at Microsoft.AspNetCore.Mvc.Infrastructure.ResourceInvoker.<InvokeFilterPipelineAsync>g__Awaited|20_0(ResourceInvoker invoker, Task lastTask, State next, Scope scope, Object state, Boolean isCompleted)
   at Microsoft.AspNetCore.Mvc.Infrastructure.ResourceInvoker.<InvokeAsync>g__Awaited|17_0(ResourceInvoker invoker, Task task, IDisposable scope)
   at Microsoft.AspNetCore.Mvc.Infrastructure.ResourceInvoker.<InvokeAsync>g__Awaited|17_0(ResourceInvoker invoker, Task task, IDisposable scope)
   at Swashbuckle.AspNetCore.SwaggerUI.SwaggerUIMiddleware.Invoke(HttpContext httpContext)
   at Swashbuckle.AspNetCore.Swagger.SwaggerMiddleware.Invoke(HttpContext httpContext, ISwaggerProvider swaggerProvider)
   at SixLabors.ImageSharp.Web.Middleware.ImageSharpMiddleware.Invoke(HttpContext httpContext, Boolean retry)
   at OrchardCore.Media.Services.SecureMediaMiddleware.Invoke(HttpContext context, IAuthorizationService authorizationService, IAuthenticationService authenticationService)
   at Microsoft.AspNetCore.Authorization.AuthorizationMiddleware.Invoke(HttpContext context)
   at OrchardCore.Liquid.ScriptsMiddleware.Invoke(HttpContext httpContext)
   at Microsoft.AspNetCore.Authentication.AuthenticationMiddleware.Invoke(HttpContext context)
   at OrchardCore.Diagnostics.DiagnosticsStartupFilter.<>c__DisplayClass3_0.<<Configure>b__1>d.MoveNext()
--- End of stack trace from previous location ---
   at Microsoft.AspNetCore.Diagnostics.StatusCodePagesMiddleware.Invoke(HttpContext context)
   at OrchardCore.ContentPreview.PreviewStartupFilter.<>c.<<Configure>b__0_1>d.MoveNext()
--- End of stack trace from previous location ---
   at OrchardCore.Users.Services.ExternalAuthenticationsStartupFilter.<>c.<<Configure>b__0_1>d.MoveNext()
--- End of stack trace from previous location ---
   at OrchardCore.Modules.ModularTenantRouterMiddleware.Invoke(HttpContext httpContext)
   at OrchardCore.Modules.ModularTenantContainerMiddleware.<>c__DisplayClass4_0.<<Invoke>b__0>d.MoveNext()
--- End of stack trace from previous location ---
   at OrchardCore.Environment.Shell.Scope.ShellScope.UsingAsync(Func`2 execute, Boolean activateShell)
   at OrchardCore.Environment.Shell.Scope.ShellScope.UsingAsync(Func`2 execute, Boolean activateShell)
   at OrchardCore.Environment.Shell.Scope.ShellScope.UsingAsync(Func`2 execute, Boolean activateShell)
   at OrchardCore.Environment.Shell.Scope.ShellScope.UsingAsync(Func`2 execute, Boolean activateShell)
   at OrchardCore.Environment.Shell.Scope.ShellScope.UsingAsync(Func`2 execute, Boolean activateShell)
   at OrchardCore.Modules.ModularTenantContainerMiddleware.Invoke(HttpContext httpContext)
   at Microsoft.AspNetCore.Authentication.AuthenticationMiddleware.Invoke(HttpContext context)
   at Microsoft.AspNetCore.Diagnostics.DeveloperExceptionPageMiddlewareImpl.Invoke(HttpContext context)    at Microsoft.AspNetCore.Mvc.ViewFeatures.ViewDataDictionary.EnsureCompatible(Object value)
   at lambda_method90(Closure, ViewDataDictionary)
   at Microsoft.AspNetCore.Mvc.Razor.RazorPagePropertyActivator.Activate(Object page, ViewContext context)
   at Microsoft.AspNetCore.Mvc.Razor.RazorView.RenderPageCoreAsync(IRazorPage page, ViewContext context)
   at Microsoft.AspNetCore.Mvc.Razor.RazorView.RenderPageAsync(IRazorPage page, ViewContext context, Boolean invokeViewStarts)
   at Microsoft.AspNetCore.Mvc.Razor.RazorView.RenderAsync(ViewContext context)
   at Microsoft.AspNetCore.Mvc.ViewFeatures.HtmlHelper.RenderPartialCoreAsync(String partialViewName, Object model, ViewDataDictionary viewData, TextWriter writer)
   at Microsoft.AspNetCore.Mvc.ViewFeatures.HtmlHelper.PartialAsync(String partialViewName, Object model, ViewDataDictionary viewData)
   at AspNetCoreGeneratedDocument.Pages_Home_Index.ExecuteAsync() in C:\Users\Wanwi\OneDrive\Desktop\TechVerse\TechVerse.Cms\Pages\Home\Index.cshtml:line 34
   at Microsoft.AspNetCore.Mvc.Razor.RazorView.RenderPageCoreAsync(IRazorPage page, ViewContext context)
   at Microsoft.AspNetCore.Mvc.Razor.RazorView.RenderPageAsync(IRazorPage page, ViewContext context, Boolean invokeViewStarts)
   at Microsoft.AspNetCore.Mvc.Razor.RazorView.RenderAsync(ViewContext context)
   at Microsoft.AspNetCore.Mvc.ViewFeatures.ViewExecutor.ExecuteAsync(ViewContext viewContext, String contentType, Nullable`1 statusCode)
   at Microsoft.AspNetCore.Mvc.ViewFeatures.ViewExecutor.ExecuteAsync(ViewContext viewContext, String contentType, Nullable`1 statusCode)
   at Microsoft.AspNetCore.Mvc.Infrastructure.ResourceInvoker.<InvokeNextResultFilterAsync>g__Awaited|30_0[TFilter,TFilterAsync](ResourceInvoker invoker, Task lastTask, State next, Scope scope, Object state, Boolean isCompleted)
   at Microsoft.AspNetCore.Mvc.Infrastructure.ResourceInvoker.Rethrow(ResultExecutedContextSealed context)
   at Microsoft.AspNetCore.Mvc.Infrastructure.ResourceInvoker.ResultNext[TFilter,TFilterAsync](State& next, Scope& scope, Object& state, Boolean& isCompleted)
   at Microsoft.AspNetCore.Mvc.Infrastructure.ResourceInvoker.<InvokeResultFilters>g__Awaited|28_0(ResourceInvoker invoker, Task lastTask, State next, Scope scope, Object state, Boolean isCompleted)
   at Microsoft.AspNetCore.Mvc.Infrastructure.ResourceInvoker.<InvokeNextResourceFilter>g__Awaited|25_0(ResourceInvoker invoker, Task lastTask, State next, Scope scope, Object state, Boolean isCompleted)
   at Microsoft.AspNetCore.Mvc.Infrastructure.ResourceInvoker.Rethrow(ResourceExecutedContextSealed context)
   at Microsoft.AspNetCore.Mvc.Infrastructure.ResourceInvoker.Next(State& next, Scope& scope, Object& state, Boolean& isCompleted)
   at Microsoft.AspNetCore.Mvc.Infrastructure.ResourceInvoker.<InvokeFilterPipelineAsync>g__Awaited|20_0(ResourceInvoker invoker, Task lastTask, State next, Scope scope, Object state, Boolean isCompleted)
   at Microsoft.AspNetCore.Mvc.Infrastructure.ResourceInvoker.<InvokeAsync>g__Awaited|17_0(ResourceInvoker invoker, Task task, IDisposable scope)
   at Microsoft.AspNetCore.Mvc.Infrastructure.ResourceInvoker.<InvokeAsync>g__Awaited|17_0(ResourceInvoker invoker, Task task, IDisposable scope)
   at Swashbuckle.AspNetCore.SwaggerUI.SwaggerUIMiddleware.Invoke(HttpContext httpContext)
   at Swashbuckle.AspNetCore.Swagger.SwaggerMiddleware.Invoke(HttpContext httpContext, ISwaggerProvider swaggerProvider)
   at SixLabors.ImageSharp.Web.Middleware.ImageSharpMiddleware.Invoke(HttpContext httpContext, Boolean retry)
   at OrchardCore.Media.Services.SecureMediaMiddleware.Invoke(HttpContext context, IAuthorizationService authorizationService, IAuthenticationService authenticationService)
   at Microsoft.AspNetCore.Authorization.AuthorizationMiddleware.Invoke(HttpContext context)
   at OrchardCore.Liquid.ScriptsMiddleware.Invoke(HttpContext httpContext)
   at Microsoft.AspNetCore.Authentication.AuthenticationMiddleware.Invoke(HttpContext context)
   at OrchardCore.Diagnostics.DiagnosticsStartupFilter.<>c__DisplayClass3_0.<<Configure>b__1>d.MoveNext()
--- End of stack trace from previous location ---
   at Microsoft.AspNetCore.Diagnostics.StatusCodePagesMiddleware.Invoke(HttpContext context)
   at OrchardCore.ContentPreview.PreviewStartupFilter.<>c.<<Configure>b__0_1>d.MoveNext()
--- End of stack trace from previous location ---
   at OrchardCore.Users.Services.ExternalAuthenticationsStartupFilter.<>c.<<Configure>b__0_1>d.MoveNext()
--- End of stack trace from previous location ---
   at OrchardCore.Modules.ModularTenantRouterMiddleware.Invoke(HttpContext httpContext)
   at OrchardCore.Modules.ModularTenantContainerMiddleware.<>c__DisplayClass4_0.<<Invoke>b__0>d.MoveNext()
--- End of stack trace from previous location ---
   at OrchardCore.Environment.Shell.Scope.ShellScope.UsingAsync(Func`2 execute, Boolean activateShell)
   at OrchardCore.Environment.Shell.Scope.ShellScope.UsingAsync(Func`2 execute, Boolean activateShell)
   at OrchardCore.Environment.Shell.Scope.ShellScope.UsingAsync(Func`2 execute, Boolean activateShell)
   at OrchardCore.Environment.Shell.Scope.ShellScope.UsingAsync(Func`2 execute, Boolean activateShell)
   at OrchardCore.Environment.Shell.Scope.ShellScope.UsingAsync(Func`2 execute, Boolean activateShell)
   at OrchardCore.Modules.ModularTenantContainerMiddleware.Invoke(HttpContext httpContext)
   at Microsoft.AspNetCore.Authentication.AuthenticationMiddleware.Invoke(HttpContext context)
   at Microsoft.AspNetCore.Diagnostics.DeveloperExceptionPageMiddlewareImpl.Invoke(HttpContext context)
2026-01-11 11:34:53.1025||||Microsoft.Hosting.Lifetime|INFO|Application started. Press Ctrl+C to shut down. 
2026-01-11 11:34:53.2026||||Microsoft.Hosting.Lifetime|INFO|Hosting environment: Development 
2026-01-11 11:34:53.2026||||Microsoft.Hosting.Lifetime|INFO|Content root path: C:\Users\Wanwi\OneDrive\Desktop\TechVerse\TechVerse.Cms 
2026-01-11 11:35:06.8531|Default|00-3758f0ac2a64cfb90bbf64c53ba9f451-b9bbcc303e5f19c1-00|1|Microsoft.AspNetCore.Diagnostics.DeveloperExceptionPageMiddleware|ERROR|An unhandled exception has occurred while executing the request. System.InvalidOperationException: The model item passed into the ViewDataDictionary is of type 'OrchardCore.ContentManagement.ContentItem', but this ViewDataDictionary instance requires a model item of type 'TechVerse.Cms.Pages.Widgets.Partials._ProductHighlightModel'.
   at Microsoft.AspNetCore.Mvc.ViewFeatures.ViewDataDictionary.EnsureCompatible(Object value)
   at lambda_method90(Closure, ViewDataDictionary)
   at Microsoft.AspNetCore.Mvc.Razor.RazorPagePropertyActivator.Activate(Object page, ViewContext context)
   at Microsoft.AspNetCore.Mvc.Razor.RazorView.RenderPageCoreAsync(IRazorPage page, ViewContext context)
   at Microsoft.AspNetCore.Mvc.Razor.RazorView.RenderPageAsync(IRazorPage page, ViewContext context, Boolean invokeViewStarts)
   at Microsoft.AspNetCore.Mvc.Razor.RazorView.RenderAsync(ViewContext context)
   at Microsoft.AspNetCore.Mvc.ViewFeatures.HtmlHelper.RenderPartialCoreAsync(String partialViewName, Object model, ViewDataDictionary viewData, TextWriter writer)
   at Microsoft.AspNetCore.Mvc.ViewFeatures.HtmlHelper.PartialAsync(String partialViewName, Object model, ViewDataDictionary viewData)
   at AspNetCoreGeneratedDocument.Pages_Home_Index.ExecuteAsync() in C:\Users\Wanwi\OneDrive\Desktop\TechVerse\TechVerse.Cms\Pages\Home\Index.cshtml:line 34
   at Microsoft.AspNetCore.Mvc.Razor.RazorView.RenderPageCoreAsync(IRazorPage page, ViewContext context)
   at Microsoft.AspNetCore.Mvc.Razor.RazorView.RenderPageAsync(IRazorPage page, ViewContext context, Boolean invokeViewStarts)
   at Microsoft.AspNetCore.Mvc.Razor.RazorView.RenderAsync(ViewContext context)
   at Microsoft.AspNetCore.Mvc.ViewFeatures.ViewExecutor.ExecuteAsync(ViewContext viewContext, String contentType, Nullable`1 statusCode)
   at Microsoft.AspNetCore.Mvc.ViewFeatures.ViewExecutor.ExecuteAsync(ViewContext viewContext, String contentType, Nullable`1 statusCode)
   at Microsoft.AspNetCore.Mvc.Infrastructure.ResourceInvoker.<InvokeNextResultFilterAsync>g__Awaited|30_0[TFilter,TFilterAsync](ResourceInvoker invoker, Task lastTask, State next, Scope scope, Object state, Boolean isCompleted)
   at Microsoft.AspNetCore.Mvc.Infrastructure.ResourceInvoker.Rethrow(ResultExecutedContextSealed context)
   at Microsoft.AspNetCore.Mvc.Infrastructure.ResourceInvoker.ResultNext[TFilter,TFilterAsync](State& next, Scope& scope, Object& state, Boolean& isCompleted)
   at Microsoft.AspNetCore.Mvc.Infrastructure.ResourceInvoker.<InvokeResultFilters>g__Awaited|28_0(ResourceInvoker invoker, Task lastTask, State next, Scope scope, Object state, Boolean isCompleted)
   at Microsoft.AspNetCore.Mvc.Infrastructure.ResourceInvoker.<InvokeNextResourceFilter>g__Awaited|25_0(ResourceInvoker invoker, Task lastTask, State next, Scope scope, Object state, Boolean isCompleted)
   at Microsoft.AspNetCore.Mvc.Infrastructure.ResourceInvoker.Rethrow(ResourceExecutedContextSealed context)
   at Microsoft.AspNetCore.Mvc.Infrastructure.ResourceInvoker.Next(State& next, Scope& scope, Object& state, Boolean& isCompleted)
   at Microsoft.AspNetCore.Mvc.Infrastructure.ResourceInvoker.<InvokeFilterPipelineAsync>g__Awaited|20_0(ResourceInvoker invoker, Task lastTask, State next, Scope scope, Object state, Boolean isCompleted)
   at Microsoft.AspNetCore.Mvc.Infrastructure.ResourceInvoker.<InvokeAsync>g__Awaited|17_0(ResourceInvoker invoker, Task task, IDisposable scope)
   at Microsoft.AspNetCore.Mvc.Infrastructure.ResourceInvoker.<InvokeAsync>g__Awaited|17_0(ResourceInvoker invoker, Task task, IDisposable scope)
   at Swashbuckle.AspNetCore.SwaggerUI.SwaggerUIMiddleware.Invoke(HttpContext httpContext)
   at Swashbuckle.AspNetCore.Swagger.SwaggerMiddleware.Invoke(HttpContext httpContext, ISwaggerProvider swaggerProvider)
   at SixLabors.ImageSharp.Web.Middleware.ImageSharpMiddleware.Invoke(HttpContext httpContext, Boolean retry)
   at OrchardCore.Media.Services.SecureMediaMiddleware.Invoke(HttpContext context, IAuthorizationService authorizationService, IAuthenticationService authenticationService)
   at Microsoft.AspNetCore.Authorization.AuthorizationMiddleware.Invoke(HttpContext context)
   at OrchardCore.Liquid.ScriptsMiddleware.Invoke(HttpContext httpContext)
   at Microsoft.AspNetCore.Authentication.AuthenticationMiddleware.Invoke(HttpContext context)
   at OrchardCore.Diagnostics.DiagnosticsStartupFilter.<>c__DisplayClass3_0.<<Configure>b__1>d.MoveNext()
--- End of stack trace from previous location ---
   at Microsoft.AspNetCore.Diagnostics.StatusCodePagesMiddleware.Invoke(HttpContext context)
   at OrchardCore.ContentPreview.PreviewStartupFilter.<>c.<<Configure>b__0_1>d.MoveNext()
--- End of stack trace from previous location ---
   at OrchardCore.Users.Services.ExternalAuthenticationsStartupFilter.<>c.<<Configure>b__0_1>d.MoveNext()
--- End of stack trace from previous location ---
   at OrchardCore.Modules.ModularTenantRouterMiddleware.Invoke(HttpContext httpContext)
   at OrchardCore.Modules.ModularTenantContainerMiddleware.<>c__DisplayClass4_0.<<Invoke>b__0>d.MoveNext()
--- End of stack trace from previous location ---
   at OrchardCore.Environment.Shell.Scope.ShellScope.UsingAsync(Func`2 execute, Boolean activateShell)
   at OrchardCore.Environment.Shell.Scope.ShellScope.UsingAsync(Func`2 execute, Boolean activateShell)
   at OrchardCore.Environment.Shell.Scope.ShellScope.UsingAsync(Func`2 execute, Boolean activateShell)
   at OrchardCore.Environment.Shell.Scope.ShellScope.UsingAsync(Func`2 execute, Boolean activateShell)
   at OrchardCore.Environment.Shell.Scope.ShellScope.UsingAsync(Func`2 execute, Boolean activateShell)
   at OrchardCore.Modules.ModularTenantContainerMiddleware.Invoke(HttpContext httpContext)
   at Microsoft.AspNetCore.Authentication.AuthenticationMiddleware.Invoke(HttpContext context)
   at Microsoft.AspNetCore.Diagnostics.DeveloperExceptionPageMiddlewareImpl.Invoke(HttpContext context)    at Microsoft.AspNetCore.Mvc.ViewFeatures.ViewDataDictionary.EnsureCompatible(Object value)
   at lambda_method90(Closure, ViewDataDictionary)
   at Microsoft.AspNetCore.Mvc.Razor.RazorPagePropertyActivator.Activate(Object page, ViewContext context)
   at Microsoft.AspNetCore.Mvc.Razor.RazorView.RenderPageCoreAsync(IRazorPage page, ViewContext context)
   at Microsoft.AspNetCore.Mvc.Razor.RazorView.RenderPageAsync(IRazorPage page, ViewContext context, Boolean invokeViewStarts)
   at Microsoft.AspNetCore.Mvc.Razor.RazorView.RenderAsync(ViewContext context)
   at Microsoft.AspNetCore.Mvc.ViewFeatures.HtmlHelper.RenderPartialCoreAsync(String partialViewName, Object model, ViewDataDictionary viewData, TextWriter writer)
   at Microsoft.AspNetCore.Mvc.ViewFeatures.HtmlHelper.PartialAsync(String partialViewName, Object model, ViewDataDictionary viewData)
   at AspNetCoreGeneratedDocument.Pages_Home_Index.ExecuteAsync() in C:\Users\Wanwi\OneDrive\Desktop\TechVerse\TechVerse.Cms\Pages\Home\Index.cshtml:line 34
   at Microsoft.AspNetCore.Mvc.Razor.RazorView.RenderPageCoreAsync(IRazorPage page, ViewContext context)
   at Microsoft.AspNetCore.Mvc.Razor.RazorView.RenderPageAsync(IRazorPage page, ViewContext context, Boolean invokeViewStarts)
   at Microsoft.AspNetCore.Mvc.Razor.RazorView.RenderAsync(ViewContext context)
   at Microsoft.AspNetCore.Mvc.ViewFeatures.ViewExecutor.ExecuteAsync(ViewContext viewContext, String contentType, Nullable`1 statusCode)
   at Microsoft.AspNetCore.Mvc.ViewFeatures.ViewExecutor.ExecuteAsync(ViewContext viewContext, String contentType, Nullable`1 statusCode)
   at Microsoft.AspNetCore.Mvc.Infrastructure.ResourceInvoker.<InvokeNextResultFilterAsync>g__Awaited|30_0[TFilter,TFilterAsync](ResourceInvoker invoker, Task lastTask, State next, Scope scope, Object state, Boolean isCompleted)
   at Microsoft.AspNetCore.Mvc.Infrastructure.ResourceInvoker.Rethrow(ResultExecutedContextSealed context)
   at Microsoft.AspNetCore.Mvc.Infrastructure.ResourceInvoker.ResultNext[TFilter,TFilterAsync](State& next, Scope& scope, Object& state, Boolean& isCompleted)
   at Microsoft.AspNetCore.Mvc.Infrastructure.ResourceInvoker.<InvokeResultFilters>g__Awaited|28_0(ResourceInvoker invoker, Task lastTask, State next, Scope scope, Object state, Boolean isCompleted)
   at Microsoft.AspNetCore.Mvc.Infrastructure.ResourceInvoker.<InvokeNextResourceFilter>g__Awaited|25_0(ResourceInvoker invoker, Task lastTask, State next, Scope scope, Object state, Boolean isCompleted)
   at Microsoft.AspNetCore.Mvc.Infrastructure.ResourceInvoker.Rethrow(ResourceExecutedContextSealed context)
   at Microsoft.AspNetCore.Mvc.Infrastructure.ResourceInvoker.Next(State& next, Scope& scope, Object& state, Boolean& isCompleted)
   at Microsoft.AspNetCore.Mvc.Infrastructure.ResourceInvoker.<InvokeFilterPipelineAsync>g__Awaited|20_0(ResourceInvoker invoker, Task lastTask, State next, Scope scope, Object state, Boolean isCompleted)
   at Microsoft.AspNetCore.Mvc.Infrastructure.ResourceInvoker.<InvokeAsync>g__Awaited|17_0(ResourceInvoker invoker, Task task, IDisposable scope)
   at Microsoft.AspNetCore.Mvc.Infrastructure.ResourceInvoker.<InvokeAsync>g__Awaited|17_0(ResourceInvoker invoker, Task task, IDisposable scope)
   at Swashbuckle.AspNetCore.SwaggerUI.SwaggerUIMiddleware.Invoke(HttpContext httpContext)
   at Swashbuckle.AspNetCore.Swagger.SwaggerMiddleware.Invoke(HttpContext httpContext, ISwaggerProvider swaggerProvider)
   at SixLabors.ImageSharp.Web.Middleware.ImageSharpMiddleware.Invoke(HttpContext httpContext, Boolean retry)
   at OrchardCore.Media.Services.SecureMediaMiddleware.Invoke(HttpContext context, IAuthorizationService authorizationService, IAuthenticationService authenticationService)
   at Microsoft.AspNetCore.Authorization.AuthorizationMiddleware.Invoke(HttpContext context)
   at OrchardCore.Liquid.ScriptsMiddleware.Invoke(HttpContext httpContext)
   at Microsoft.AspNetCore.Authentication.AuthenticationMiddleware.Invoke(HttpContext context)
   at OrchardCore.Diagnostics.DiagnosticsStartupFilter.<>c__DisplayClass3_0.<<Configure>b__1>d.MoveNext()
--- End of stack trace from previous location ---
   at Microsoft.AspNetCore.Diagnostics.StatusCodePagesMiddleware.Invoke(HttpContext context)
   at OrchardCore.ContentPreview.PreviewStartupFilter.<>c.<<Configure>b__0_1>d.MoveNext()
--- End of stack trace from previous location ---
   at OrchardCore.Users.Services.ExternalAuthenticationsStartupFilter.<>c.<<Configure>b__0_1>d.MoveNext()
--- End of stack trace from previous location ---
   at OrchardCore.Modules.ModularTenantRouterMiddleware.Invoke(HttpContext httpContext)
   at OrchardCore.Modules.ModularTenantContainerMiddleware.<>c__DisplayClass4_0.<<Invoke>b__0>d.MoveNext()
--- End of stack trace from previous location ---
   at OrchardCore.Environment.Shell.Scope.ShellScope.UsingAsync(Func`2 execute, Boolean activateShell)
   at OrchardCore.Environment.Shell.Scope.ShellScope.UsingAsync(Func`2 execute, Boolean activateShell)
   at OrchardCore.Environment.Shell.Scope.ShellScope.UsingAsync(Func`2 execute, Boolean activateShell)
   at OrchardCore.Environment.Shell.Scope.ShellScope.UsingAsync(Func`2 execute, Boolean activateShell)
   at OrchardCore.Environment.Shell.Scope.ShellScope.UsingAsync(Func`2 execute, Boolean activateShell)
   at OrchardCore.Modules.ModularTenantContainerMiddleware.Invoke(HttpContext httpContext)
   at Microsoft.AspNetCore.Authentication.AuthenticationMiddleware.Invoke(HttpContext context)
   at Microsoft.AspNetCore.Diagnostics.DeveloperExceptionPageMiddlewareImpl.Invoke(HttpContext context)
2026-01-11 11:38:28.8119|Default|00-f003e518f43256ab75f2b293b86e4c7b-d830f9f91721c2f7-00|1|Microsoft.AspNetCore.Diagnostics.DeveloperExceptionPageMiddleware|ERROR|An unhandled exception has occurred while executing the request. System.InvalidOperationException: The model item passed into the ViewDataDictionary is of type 'OrchardCore.ContentManagement.ContentItem', but this ViewDataDictionary instance requires a model item of type 'TechVerse.Cms.Pages.Widgets.Partials._ProductHighlightModel'.
   at Microsoft.AspNetCore.Mvc.ViewFeatures.ViewDataDictionary.EnsureCompatible(Object value)
   at lambda_method90(Closure, ViewDataDictionary)
   at Microsoft.AspNetCore.Mvc.Razor.RazorPagePropertyActivator.Activate(Object page, ViewContext context)
   at Microsoft.AspNetCore.Mvc.Razor.RazorView.RenderPageCoreAsync(IRazorPage page, ViewContext context)
   at Microsoft.AspNetCore.Mvc.Razor.RazorView.RenderPageAsync(IRazorPage page, ViewContext context, Boolean invokeViewStarts)
   at Microsoft.AspNetCore.Mvc.Razor.RazorView.RenderAsync(ViewContext context)
   at Microsoft.AspNetCore.Mvc.ViewFeatures.HtmlHelper.RenderPartialCoreAsync(String partialViewName, Object model, ViewDataDictionary viewData, TextWriter writer)
   at Microsoft.AspNetCore.Mvc.ViewFeatures.HtmlHelper.PartialAsync(String partialViewName, Object model, ViewDataDictionary viewData)
   at AspNetCoreGeneratedDocument.Pages_Home_Index.ExecuteAsync()
   at Microsoft.AspNetCore.Mvc.Razor.RazorView.RenderPageCoreAsync(IRazorPage page, ViewContext context)
   at Microsoft.AspNetCore.Mvc.Razor.RazorView.RenderPageAsync(IRazorPage page, ViewContext context, Boolean invokeViewStarts)
   at Microsoft.AspNetCore.Mvc.Razor.RazorView.RenderAsync(ViewContext context)
   at Microsoft.AspNetCore.Mvc.ViewFeatures.ViewExecutor.ExecuteAsync(ViewContext viewContext, String contentType, Nullable`1 statusCode)
   at Microsoft.AspNetCore.Mvc.ViewFeatures.ViewExecutor.ExecuteAsync(ViewContext viewContext, String contentType, Nullable`1 statusCode)
   at Microsoft.AspNetCore.Mvc.Infrastructure.ResourceInvoker.<InvokeNextResultFilterAsync>g__Awaited|30_0[TFilter,TFilterAsync](ResourceInvoker invoker, Task lastTask, State next, Scope scope, Object state, Boolean isCompleted)
   at Microsoft.AspNetCore.Mvc.Infrastructure.ResourceInvoker.Rethrow(ResultExecutedContextSealed context)
   at Microsoft.AspNetCore.Mvc.Infrastructure.ResourceInvoker.ResultNext[TFilter,TFilterAsync](State& next, Scope& scope, Object& state, Boolean& isCompleted)
   at Microsoft.AspNetCore.Mvc.Infrastructure.ResourceInvoker.<InvokeResultFilters>g__Awaited|28_0(ResourceInvoker invoker, Task lastTask, State next, Scope scope, Object state, Boolean isCompleted)
   at Microsoft.AspNetCore.Mvc.Infrastructure.ResourceInvoker.<InvokeNextResourceFilter>g__Awaited|25_0(ResourceInvoker invoker, Task lastTask, State next, Scope scope, Object state, Boolean isCompleted)
   at Microsoft.AspNetCore.Mvc.Infrastructure.ResourceInvoker.Rethrow(ResourceExecutedContextSealed context)
   at Microsoft.AspNetCore.Mvc.Infrastructure.ResourceInvoker.Next(State& next, Scope& scope, Object& state, Boolean& isCompleted)
   at Microsoft.AspNetCore.Mvc.Infrastructure.ResourceInvoker.<InvokeFilterPipelineAsync>g__Awaited|20_0(ResourceInvoker invoker, Task lastTask, State next, Scope scope, Object state, Boolean isCompleted)
   at Microsoft.AspNetCore.Mvc.Infrastructure.ResourceInvoker.<InvokeAsync>g__Awaited|17_0(ResourceInvoker invoker, Task task, IDisposable scope)
   at Microsoft.AspNetCore.Mvc.Infrastructure.ResourceInvoker.<InvokeAsync>g__Awaited|17_0(ResourceInvoker invoker, Task task, IDisposable scope)
   at Swashbuckle.AspNetCore.SwaggerUI.SwaggerUIMiddleware.Invoke(HttpContext httpContext)
   at Swashbuckle.AspNetCore.Swagger.SwaggerMiddleware.Invoke(HttpContext httpContext, ISwaggerProvider swaggerProvider)
   at SixLabors.ImageSharp.Web.Middleware.ImageSharpMiddleware.Invoke(HttpContext httpContext, Boolean retry)
   at OrchardCore.Media.Services.SecureMediaMiddleware.Invoke(HttpContext context, IAuthorizationService authorizationService, IAuthenticationService authenticationService)
   at Microsoft.AspNetCore.Authorization.AuthorizationMiddleware.Invoke(HttpContext context)
   at OrchardCore.Liquid.ScriptsMiddleware.Invoke(HttpContext httpContext)
   at Microsoft.AspNetCore.Authentication.AuthenticationMiddleware.Invoke(HttpContext context)
   at OrchardCore.Diagnostics.DiagnosticsStartupFilter.<>c__DisplayClass3_0.<<Configure>b__1>d.MoveNext()
--- End of stack trace from previous location ---
   at Microsoft.AspNetCore.Diagnostics.StatusCodePagesMiddleware.Invoke(HttpContext context)
   at OrchardCore.ContentPreview.PreviewStartupFilter.<>c.<<Configure>b__0_1>d.MoveNext()
--- End of stack trace from previous location ---
   at OrchardCore.Users.Services.ExternalAuthenticationsStartupFilter.<>c.<<Configure>b__0_1>d.MoveNext()
--- End of stack trace from previous location ---
   at OrchardCore.Modules.ModularTenantRouterMiddleware.Invoke(HttpContext httpContext)
   at OrchardCore.Modules.ModularTenantContainerMiddleware.<>c__DisplayClass4_0.<<Invoke>b__0>d.MoveNext()
--- End of stack trace from previous location ---
   at OrchardCore.Environment.Shell.Scope.ShellScope.UsingAsync(Func`2 execute, Boolean activateShell)
   at OrchardCore.Environment.Shell.Scope.ShellScope.UsingAsync(Func`2 execute, Boolean activateShell)
   at OrchardCore.Environment.Shell.Scope.ShellScope.UsingAsync(Func`2 execute, Boolean activateShell)
   at OrchardCore.Environment.Shell.Scope.ShellScope.UsingAsync(Func`2 execute, Boolean activateShell)
   at OrchardCore.Environment.Shell.Scope.ShellScope.UsingAsync(Func`2 execute, Boolean activateShell)
   at OrchardCore.Modules.ModularTenantContainerMiddleware.Invoke(HttpContext httpContext)
   at Microsoft.AspNetCore.Authentication.AuthenticationMiddleware.Invoke(HttpContext context)
   at Microsoft.AspNetCore.Diagnostics.DeveloperExceptionPageMiddlewareImpl.Invoke(HttpContext context)    at Microsoft.AspNetCore.Mvc.ViewFeatures.ViewDataDictionary.EnsureCompatible(Object value)
   at lambda_method90(Closure, ViewDataDictionary)
   at Microsoft.AspNetCore.Mvc.Razor.RazorPagePropertyActivator.Activate(Object page, ViewContext context)
   at Microsoft.AspNetCore.Mvc.Razor.RazorView.RenderPageCoreAsync(IRazorPage page, ViewContext context)
   at Microsoft.AspNetCore.Mvc.Razor.RazorView.RenderPageAsync(IRazorPage page, ViewContext context, Boolean invokeViewStarts)
   at Microsoft.AspNetCore.Mvc.Razor.RazorView.RenderAsync(ViewContext context)
   at Microsoft.AspNetCore.Mvc.ViewFeatures.HtmlHelper.RenderPartialCoreAsync(String partialViewName, Object model, ViewDataDictionary viewData, TextWriter writer)
   at Microsoft.AspNetCore.Mvc.ViewFeatures.HtmlHelper.PartialAsync(String partialViewName, Object model, ViewDataDictionary viewData)
   at AspNetCoreGeneratedDocument.Pages_Home_Index.ExecuteAsync()
   at Microsoft.AspNetCore.Mvc.Razor.RazorView.RenderPageCoreAsync(IRazorPage page, ViewContext context)
   at Microsoft.AspNetCore.Mvc.Razor.RazorView.RenderPageAsync(IRazorPage page, ViewContext context, Boolean invokeViewStarts)
   at Microsoft.AspNetCore.Mvc.Razor.RazorView.RenderAsync(ViewContext context)
   at Microsoft.AspNetCore.Mvc.ViewFeatures.ViewExecutor.ExecuteAsync(ViewContext viewContext, String contentType, Nullable`1 statusCode)
   at Microsoft.AspNetCore.Mvc.ViewFeatures.ViewExecutor.ExecuteAsync(ViewContext viewContext, String contentType, Nullable`1 statusCode)
   at Microsoft.AspNetCore.Mvc.Infrastructure.ResourceInvoker.<InvokeNextResultFilterAsync>g__Awaited|30_0[TFilter,TFilterAsync](ResourceInvoker invoker, Task lastTask, State next, Scope scope, Object state, Boolean isCompleted)
   at Microsoft.AspNetCore.Mvc.Infrastructure.ResourceInvoker.Rethrow(ResultExecutedContextSealed context)
   at Microsoft.AspNetCore.Mvc.Infrastructure.ResourceInvoker.ResultNext[TFilter,TFilterAsync](State& next, Scope& scope, Object& state, Boolean& isCompleted)
   at Microsoft.AspNetCore.Mvc.Infrastructure.ResourceInvoker.<InvokeResultFilters>g__Awaited|28_0(ResourceInvoker invoker, Task lastTask, State next, Scope scope, Object state, Boolean isCompleted)
   at Microsoft.AspNetCore.Mvc.Infrastructure.ResourceInvoker.<InvokeNextResourceFilter>g__Awaited|25_0(ResourceInvoker invoker, Task lastTask, State next, Scope scope, Object state, Boolean isCompleted)
   at Microsoft.AspNetCore.Mvc.Infrastructure.ResourceInvoker.Rethrow(ResourceExecutedContextSealed context)
   at Microsoft.AspNetCore.Mvc.Infrastructure.ResourceInvoker.Next(State& next, Scope& scope, Object& state, Boolean& isCompleted)
   at Microsoft.AspNetCore.Mvc.Infrastructure.ResourceInvoker.<InvokeFilterPipelineAsync>g__Awaited|20_0(ResourceInvoker invoker, Task lastTask, State next, Scope scope, Object state, Boolean isCompleted)
   at Microsoft.AspNetCore.Mvc.Infrastructure.ResourceInvoker.<InvokeAsync>g__Awaited|17_0(ResourceInvoker invoker, Task task, IDisposable scope)
   at Microsoft.AspNetCore.Mvc.Infrastructure.ResourceInvoker.<InvokeAsync>g__Awaited|17_0(ResourceInvoker invoker, Task task, IDisposable scope)
   at Swashbuckle.AspNetCore.SwaggerUI.SwaggerUIMiddleware.Invoke(HttpContext httpContext)
   at Swashbuckle.AspNetCore.Swagger.SwaggerMiddleware.Invoke(HttpContext httpContext, ISwaggerProvider swaggerProvider)
   at SixLabors.ImageSharp.Web.Middleware.ImageSharpMiddleware.Invoke(HttpContext httpContext, Boolean retry)
   at OrchardCore.Media.Services.SecureMediaMiddleware.Invoke(HttpContext context, IAuthorizationService authorizationService, IAuthenticationService authenticationService)
   at Microsoft.AspNetCore.Authorization.AuthorizationMiddleware.Invoke(HttpContext context)
   at OrchardCore.Liquid.ScriptsMiddleware.Invoke(HttpContext httpContext)
   at Microsoft.AspNetCore.Authentication.AuthenticationMiddleware.Invoke(HttpContext context)
   at OrchardCore.Diagnostics.DiagnosticsStartupFilter.<>c__DisplayClass3_0.<<Configure>b__1>d.MoveNext()
--- End of stack trace from previous location ---
   at Microsoft.AspNetCore.Diagnostics.StatusCodePagesMiddleware.Invoke(HttpContext context)
   at OrchardCore.ContentPreview.PreviewStartupFilter.<>c.<<Configure>b__0_1>d.MoveNext()
--- End of stack trace from previous location ---
   at OrchardCore.Users.Services.ExternalAuthenticationsStartupFilter.<>c.<<Configure>b__0_1>d.MoveNext()
--- End of stack trace from previous location ---
   at OrchardCore.Modules.ModularTenantRouterMiddleware.Invoke(HttpContext httpContext)
   at OrchardCore.Modules.ModularTenantContainerMiddleware.<>c__DisplayClass4_0.<<Invoke>b__0>d.MoveNext()
--- End of stack trace from previous location ---
   at OrchardCore.Environment.Shell.Scope.ShellScope.UsingAsync(Func`2 execute, Boolean activateShell)
   at OrchardCore.Environment.Shell.Scope.ShellScope.UsingAsync(Func`2 execute, Boolean activateShell)
   at OrchardCore.Environment.Shell.Scope.ShellScope.UsingAsync(Func`2 execute, Boolean activateShell)
   at OrchardCore.Environment.Shell.Scope.ShellScope.UsingAsync(Func`2 execute, Boolean activateShell)
   at OrchardCore.Environment.Shell.Scope.ShellScope.UsingAsync(Func`2 execute, Boolean activateShell)
   at OrchardCore.Modules.ModularTenantContainerMiddleware.Invoke(HttpContext httpContext)
   at Microsoft.AspNetCore.Authentication.AuthenticationMiddleware.Invoke(HttpContext context)
   at Microsoft.AspNetCore.Diagnostics.DeveloperExceptionPageMiddlewareImpl.Invoke(HttpContext context)
2026-01-11 11:38:36.8173|Default|00-6bb410b86f6812e4702f429464b9c3e0-800b0e24e15b7174-00|1|Microsoft.AspNetCore.Diagnostics.DeveloperExceptionPageMiddleware|ERROR|An unhandled exception has occurred while executing the request. System.InvalidOperationException: The model item passed into the ViewDataDictionary is of type 'OrchardCore.ContentManagement.ContentItem', but this ViewDataDictionary instance requires a model item of type 'TechVerse.Cms.Pages.Widgets.Partials._ProductHighlightModel'.
   at Microsoft.AspNetCore.Mvc.ViewFeatures.ViewDataDictionary.EnsureCompatible(Object value)
   at lambda_method127(Closure, ViewDataDictionary)
   at Microsoft.AspNetCore.Mvc.Razor.RazorPagePropertyActivator.Activate(Object page, ViewContext context)
   at Microsoft.AspNetCore.Mvc.Razor.RazorView.RenderPageCoreAsync(IRazorPage page, ViewContext context)
   at Microsoft.AspNetCore.Mvc.Razor.RazorView.RenderPageAsync(IRazorPage page, ViewContext context, Boolean invokeViewStarts)
   at Microsoft.AspNetCore.Mvc.Razor.RazorView.RenderAsync(ViewContext context)
   at Microsoft.AspNetCore.Mvc.ViewFeatures.HtmlHelper.RenderPartialCoreAsync(String partialViewName, Object model, ViewDataDictionary viewData, TextWriter writer)
   at Microsoft.AspNetCore.Mvc.ViewFeatures.HtmlHelper.PartialAsync(String partialViewName, Object model, ViewDataDictionary viewData)
   at AspNetCoreGeneratedDocument.Pages_Home_Index.ExecuteAsync()
   at Microsoft.AspNetCore.Mvc.Razor.RazorView.RenderPageCoreAsync(IRazorPage page, ViewContext context)
   at Microsoft.AspNetCore.Mvc.Razor.RazorView.RenderPageAsync(IRazorPage page, ViewContext context, Boolean invokeViewStarts)
   at Microsoft.AspNetCore.Mvc.Razor.RazorView.RenderAsync(ViewContext context)
   at Microsoft.AspNetCore.Mvc.ViewFeatures.ViewExecutor.ExecuteAsync(ViewContext viewContext, String contentType, Nullable`1 statusCode)
   at Microsoft.AspNetCore.Mvc.ViewFeatures.ViewExecutor.ExecuteAsync(ViewContext viewContext, String contentType, Nullable`1 statusCode)
   at Microsoft.AspNetCore.Mvc.Infrastructure.ResourceInvoker.<InvokeNextResultFilterAsync>g__Awaited|30_0[TFilter,TFilterAsync](ResourceInvoker invoker, Task lastTask, State next, Scope scope, Object state, Boolean isCompleted)
   at Microsoft.AspNetCore.Mvc.Infrastructure.ResourceInvoker.Rethrow(ResultExecutedContextSealed context)
   at Microsoft.AspNetCore.Mvc.Infrastructure.ResourceInvoker.ResultNext[TFilter,TFilterAsync](State& next, Scope& scope, Object& state, Boolean& isCompleted)
   at Microsoft.AspNetCore.Mvc.Infrastructure.ResourceInvoker.<InvokeResultFilters>g__Awaited|28_0(ResourceInvoker invoker, Task lastTask, State next, Scope scope, Object state, Boolean isCompleted)
   at Microsoft.AspNetCore.Mvc.Infrastructure.ResourceInvoker.<InvokeNextResourceFilter>g__Awaited|25_0(ResourceInvoker invoker, Task lastTask, State next, Scope scope, Object state, Boolean isCompleted)
   at Microsoft.AspNetCore.Mvc.Infrastructure.ResourceInvoker.Rethrow(ResourceExecutedContextSealed context)
   at Microsoft.AspNetCore.Mvc.Infrastructure.ResourceInvoker.Next(State& next, Scope& scope, Object& state, Boolean& isCompleted)
   at Microsoft.AspNetCore.Mvc.Infrastructure.ResourceInvoker.<InvokeFilterPipelineAsync>g__Awaited|20_0(ResourceInvoker invoker, Task lastTask, State next, Scope scope, Object state, Boolean isCompleted)
   at Microsoft.AspNetCore.Mvc.Infrastructure.ResourceInvoker.<InvokeAsync>g__Awaited|17_0(ResourceInvoker invoker, Task task, IDisposable scope)
   at Microsoft.AspNetCore.Mvc.Infrastructure.ResourceInvoker.<InvokeAsync>g__Awaited|17_0(ResourceInvoker invoker, Task task, IDisposable scope)
   at Swashbuckle.AspNetCore.SwaggerUI.SwaggerUIMiddleware.Invoke(HttpContext httpContext)
   at Swashbuckle.AspNetCore.Swagger.SwaggerMiddleware.Invoke(HttpContext httpContext, ISwaggerProvider swaggerProvider)
   at SixLabors.ImageSharp.Web.Middleware.ImageSharpMiddleware.Invoke(HttpContext httpContext, Boolean retry)
   at OrchardCore.Media.Services.SecureMediaMiddleware.Invoke(HttpContext context, IAuthorizationService authorizationService, IAuthenticationService authenticationService)
   at Microsoft.AspNetCore.Authorization.AuthorizationMiddleware.Invoke(HttpContext context)
   at OrchardCore.Liquid.ScriptsMiddleware.Invoke(HttpContext httpContext)
   at Microsoft.AspNetCore.Authentication.AuthenticationMiddleware.Invoke(HttpContext context)
   at OrchardCore.Diagnostics.DiagnosticsStartupFilter.<>c__DisplayClass3_0.<<Configure>b__1>d.MoveNext()
--- End of stack trace from previous location ---
   at Microsoft.AspNetCore.Diagnostics.StatusCodePagesMiddleware.Invoke(HttpContext context)
   at OrchardCore.ContentPreview.PreviewStartupFilter.<>c.<<Configure>b__0_1>d.MoveNext()
--- End of stack trace from previous location ---
   at OrchardCore.Users.Services.ExternalAuthenticationsStartupFilter.<>c.<<Configure>b__0_1>d.MoveNext()
--- End of stack trace from previous location ---
   at OrchardCore.Modules.ModularTenantRouterMiddleware.Invoke(HttpContext httpContext)
   at OrchardCore.Modules.ModularTenantContainerMiddleware.<>c__DisplayClass4_0.<<Invoke>b__0>d.MoveNext()
--- End of stack trace from previous location ---
   at OrchardCore.Environment.Shell.Scope.ShellScope.UsingAsync(Func`2 execute, Boolean activateShell)
   at OrchardCore.Environment.Shell.Scope.ShellScope.UsingAsync(Func`2 execute, Boolean activateShell)
   at OrchardCore.Environment.Shell.Scope.ShellScope.UsingAsync(Func`2 execute, Boolean activateShell)
   at OrchardCore.Environment.Shell.Scope.ShellScope.UsingAsync(Func`2 execute, Boolean activateShell)
   at OrchardCore.Environment.Shell.Scope.ShellScope.UsingAsync(Func`2 execute, Boolean activateShell)
   at OrchardCore.Modules.ModularTenantContainerMiddleware.Invoke(HttpContext httpContext)
   at Microsoft.AspNetCore.Authentication.AuthenticationMiddleware.Invoke(HttpContext context)
   at Microsoft.AspNetCore.Diagnostics.DeveloperExceptionPageMiddlewareImpl.Invoke(HttpContext context)    at Microsoft.AspNetCore.Mvc.ViewFeatures.ViewDataDictionary.EnsureCompatible(Object value)
   at lambda_method127(Closure, ViewDataDictionary)
   at Microsoft.AspNetCore.Mvc.Razor.RazorPagePropertyActivator.Activate(Object page, ViewContext context)
   at Microsoft.AspNetCore.Mvc.Razor.RazorView.RenderPageCoreAsync(IRazorPage page, ViewContext context)
   at Microsoft.AspNetCore.Mvc.Razor.RazorView.RenderPageAsync(IRazorPage page, ViewContext context, Boolean invokeViewStarts)
   at Microsoft.AspNetCore.Mvc.Razor.RazorView.RenderAsync(ViewContext context)
   at Microsoft.AspNetCore.Mvc.ViewFeatures.HtmlHelper.RenderPartialCoreAsync(String partialViewName, Object model, ViewDataDictionary viewData, TextWriter writer)
   at Microsoft.AspNetCore.Mvc.ViewFeatures.HtmlHelper.PartialAsync(String partialViewName, Object model, ViewDataDictionary viewData)
   at AspNetCoreGeneratedDocument.Pages_Home_Index.ExecuteAsync()
   at Microsoft.AspNetCore.Mvc.Razor.RazorView.RenderPageCoreAsync(IRazorPage page, ViewContext context)
   at Microsoft.AspNetCore.Mvc.Razor.RazorView.RenderPageAsync(IRazorPage page, ViewContext context, Boolean invokeViewStarts)
   at Microsoft.AspNetCore.Mvc.Razor.RazorView.RenderAsync(ViewContext context)
   at Microsoft.AspNetCore.Mvc.ViewFeatures.ViewExecutor.ExecuteAsync(ViewContext viewContext, String contentType, Nullable`1 statusCode)
   at Microsoft.AspNetCore.Mvc.ViewFeatures.ViewExecutor.ExecuteAsync(ViewContext viewContext, String contentType, Nullable`1 statusCode)
   at Microsoft.AspNetCore.Mvc.Infrastructure.ResourceInvoker.<InvokeNextResultFilterAsync>g__Awaited|30_0[TFilter,TFilterAsync](ResourceInvoker invoker, Task lastTask, State next, Scope scope, Object state, Boolean isCompleted)
   at Microsoft.AspNetCore.Mvc.Infrastructure.ResourceInvoker.Rethrow(ResultExecutedContextSealed context)
   at Microsoft.AspNetCore.Mvc.Infrastructure.ResourceInvoker.ResultNext[TFilter,TFilterAsync](State& next, Scope& scope, Object& state, Boolean& isCompleted)
   at Microsoft.AspNetCore.Mvc.Infrastructure.ResourceInvoker.<InvokeResultFilters>g__Awaited|28_0(ResourceInvoker invoker, Task lastTask, State next, Scope scope, Object state, Boolean isCompleted)
   at Microsoft.AspNetCore.Mvc.Infrastructure.ResourceInvoker.<InvokeNextResourceFilter>g__Awaited|25_0(ResourceInvoker invoker, Task lastTask, State next, Scope scope, Object state, Boolean isCompleted)
   at Microsoft.AspNetCore.Mvc.Infrastructure.ResourceInvoker.Rethrow(ResourceExecutedContextSealed context)
   at Microsoft.AspNetCore.Mvc.Infrastructure.ResourceInvoker.Next(State& next, Scope& scope, Object& state, Boolean& isCompleted)
   at Microsoft.AspNetCore.Mvc.Infrastructure.ResourceInvoker.<InvokeFilterPipelineAsync>g__Awaited|20_0(ResourceInvoker invoker, Task lastTask, State next, Scope scope, Object state, Boolean isCompleted)
   at Microsoft.AspNetCore.Mvc.Infrastructure.ResourceInvoker.<InvokeAsync>g__Awaited|17_0(ResourceInvoker invoker, Task task, IDisposable scope)
   at Microsoft.AspNetCore.Mvc.Infrastructure.ResourceInvoker.<InvokeAsync>g__Awaited|17_0(ResourceInvoker invoker, Task task, IDisposable scope)
   at Swashbuckle.AspNetCore.SwaggerUI.SwaggerUIMiddleware.Invoke(HttpContext httpContext)
   at Swashbuckle.AspNetCore.Swagger.SwaggerMiddleware.Invoke(HttpContext httpContext, ISwaggerProvider swaggerProvider)
   at SixLabors.ImageSharp.Web.Middleware.ImageSharpMiddleware.Invoke(HttpContext httpContext, Boolean retry)
   at OrchardCore.Media.Services.SecureMediaMiddleware.Invoke(HttpContext context, IAuthorizationService authorizationService, IAuthenticationService authenticationService)
   at Microsoft.AspNetCore.Authorization.AuthorizationMiddleware.Invoke(HttpContext context)
   at OrchardCore.Liquid.ScriptsMiddleware.Invoke(HttpContext httpContext)
   at Microsoft.AspNetCore.Authentication.AuthenticationMiddleware.Invoke(HttpContext context)
   at OrchardCore.Diagnostics.DiagnosticsStartupFilter.<>c__DisplayClass3_0.<<Configure>b__1>d.MoveNext()
--- End of stack trace from previous location ---
   at Microsoft.AspNetCore.Diagnostics.StatusCodePagesMiddleware.Invoke(HttpContext context)
   at OrchardCore.ContentPreview.PreviewStartupFilter.<>c.<<Configure>b__0_1>d.MoveNext()
--- End of stack trace from previous location ---
   at OrchardCore.Users.Services.ExternalAuthenticationsStartupFilter.<>c.<<Configure>b__0_1>d.MoveNext()
--- End of stack trace from previous location ---
   at OrchardCore.Modules.ModularTenantRouterMiddleware.Invoke(HttpContext httpContext)
   at OrchardCore.Modules.ModularTenantContainerMiddleware.<>c__DisplayClass4_0.<<Invoke>b__0>d.MoveNext()
--- End of stack trace from previous location ---
   at OrchardCore.Environment.Shell.Scope.ShellScope.UsingAsync(Func`2 execute, Boolean activateShell)
   at OrchardCore.Environment.Shell.Scope.ShellScope.UsingAsync(Func`2 execute, Boolean activateShell)
   at OrchardCore.Environment.Shell.Scope.ShellScope.UsingAsync(Func`2 execute, Boolean activateShell)
   at OrchardCore.Environment.Shell.Scope.ShellScope.UsingAsync(Func`2 execute, Boolean activateShell)
   at OrchardCore.Environment.Shell.Scope.ShellScope.UsingAsync(Func`2 execute, Boolean activateShell)
   at OrchardCore.Modules.ModularTenantContainerMiddleware.Invoke(HttpContext httpContext)
   at Microsoft.AspNetCore.Authentication.AuthenticationMiddleware.Invoke(HttpContext context)
   at Microsoft.AspNetCore.Diagnostics.DeveloperExceptionPageMiddlewareImpl.Invoke(HttpContext context)
2026-01-11 11:39:43.9853|Default|00-330199eedba82ec8067270c951c955fd-92c242eda95d4437-00|1|Microsoft.AspNetCore.Diagnostics.DeveloperExceptionPageMiddleware|ERROR|An unhandled exception has occurred while executing the request. System.InvalidOperationException: The model item passed into the ViewDataDictionary is of type 'OrchardCore.ContentManagement.ContentItem', but this ViewDataDictionary instance requires a model item of type 'TechVerse.Cms.Pages.Widgets.Partials._ProductHighlightModel'.
   at Microsoft.AspNetCore.Mvc.ViewFeatures.ViewDataDictionary.EnsureCompatible(Object value)
   at lambda_method127(Closure, ViewDataDictionary)
   at Microsoft.AspNetCore.Mvc.Razor.RazorPagePropertyActivator.Activate(Object page, ViewContext context)
   at Microsoft.AspNetCore.Mvc.Razor.RazorView.RenderPageCoreAsync(IRazorPage page, ViewContext context)
   at Microsoft.AspNetCore.Mvc.Razor.RazorView.RenderPageAsync(IRazorPage page, ViewContext context, Boolean invokeViewStarts)
   at Microsoft.AspNetCore.Mvc.Razor.RazorView.RenderAsync(ViewContext context)
   at Microsoft.AspNetCore.Mvc.ViewFeatures.HtmlHelper.RenderPartialCoreAsync(String partialViewName, Object model, ViewDataDictionary viewData, TextWriter writer)
   at Microsoft.AspNetCore.Mvc.ViewFeatures.HtmlHelper.PartialAsync(String partialViewName, Object model, ViewDataDictionary viewData)
   at AspNetCoreGeneratedDocument.Pages_Home_Index.ExecuteAsync()
   at Microsoft.AspNetCore.Mvc.Razor.RazorView.RenderPageCoreAsync(IRazorPage page, ViewContext context)
   at Microsoft.AspNetCore.Mvc.Razor.RazorView.RenderPageAsync(IRazorPage page, ViewContext context, Boolean invokeViewStarts)
   at Microsoft.AspNetCore.Mvc.Razor.RazorView.RenderAsync(ViewContext context)
   at Microsoft.AspNetCore.Mvc.ViewFeatures.ViewExecutor.ExecuteAsync(ViewContext viewContext, String contentType, Nullable`1 statusCode)
   at Microsoft.AspNetCore.Mvc.ViewFeatures.ViewExecutor.ExecuteAsync(ViewContext viewContext, String contentType, Nullable`1 statusCode)
   at Microsoft.AspNetCore.Mvc.Infrastructure.ResourceInvoker.<InvokeNextResultFilterAsync>g__Awaited|30_0[TFilter,TFilterAsync](ResourceInvoker invoker, Task lastTask, State next, Scope scope, Object state, Boolean isCompleted)
   at Microsoft.AspNetCore.Mvc.Infrastructure.ResourceInvoker.Rethrow(ResultExecutedContextSealed context)
   at Microsoft.AspNetCore.Mvc.Infrastructure.ResourceInvoker.ResultNext[TFilter,TFilterAsync](State& next, Scope& scope, Object& state, Boolean& isCompleted)
   at Microsoft.AspNetCore.Mvc.Infrastructure.ResourceInvoker.<InvokeResultFilters>g__Awaited|28_0(ResourceInvoker invoker, Task lastTask, State next, Scope scope, Object state, Boolean isCompleted)
   at Microsoft.AspNetCore.Mvc.Infrastructure.ResourceInvoker.<InvokeNextResourceFilter>g__Awaited|25_0(ResourceInvoker invoker, Task lastTask, State next, Scope scope, Object state, Boolean isCompleted)
   at Microsoft.AspNetCore.Mvc.Infrastructure.ResourceInvoker.Rethrow(ResourceExecutedContextSealed context)
   at Microsoft.AspNetCore.Mvc.Infrastructure.ResourceInvoker.Next(State& next, Scope& scope, Object& state, Boolean& isCompleted)
   at Microsoft.AspNetCore.Mvc.Infrastructure.ResourceInvoker.<InvokeFilterPipelineAsync>g__Awaited|20_0(ResourceInvoker invoker, Task lastTask, State next, Scope scope, Object state, Boolean isCompleted)
   at Microsoft.AspNetCore.Mvc.Infrastructure.ResourceInvoker.<InvokeAsync>g__Awaited|17_0(ResourceInvoker invoker, Task task, IDisposable scope)
   at Microsoft.AspNetCore.Mvc.Infrastructure.ResourceInvoker.<InvokeAsync>g__Awaited|17_0(ResourceInvoker invoker, Task task, IDisposable scope)
   at Swashbuckle.AspNetCore.SwaggerUI.SwaggerUIMiddleware.Invoke(HttpContext httpContext)
   at Swashbuckle.AspNetCore.Swagger.SwaggerMiddleware.Invoke(HttpContext httpContext, ISwaggerProvider swaggerProvider)
   at SixLabors.ImageSharp.Web.Middleware.ImageSharpMiddleware.Invoke(HttpContext httpContext, Boolean retry)
   at OrchardCore.Media.Services.SecureMediaMiddleware.Invoke(HttpContext context, IAuthorizationService authorizationService, IAuthenticationService authenticationService)
   at Microsoft.AspNetCore.Authorization.AuthorizationMiddleware.Invoke(HttpContext context)
   at OrchardCore.Liquid.ScriptsMiddleware.Invoke(HttpContext httpContext)
   at Microsoft.AspNetCore.Authentication.AuthenticationMiddleware.Invoke(HttpContext context)
   at OrchardCore.Diagnostics.DiagnosticsStartupFilter.<>c__DisplayClass3_0.<<Configure>b__1>d.MoveNext()
--- End of stack trace from previous location ---
   at Microsoft.AspNetCore.Diagnostics.StatusCodePagesMiddleware.Invoke(HttpContext context)
   at OrchardCore.ContentPreview.PreviewStartupFilter.<>c.<<Configure>b__0_1>d.MoveNext()
--- End of stack trace from previous location ---
   at OrchardCore.Users.Services.ExternalAuthenticationsStartupFilter.<>c.<<Configure>b__0_1>d.MoveNext()
--- End of stack trace from previous location ---
   at OrchardCore.Modules.ModularTenantRouterMiddleware.Invoke(HttpContext httpContext)
   at OrchardCore.Modules.ModularTenantContainerMiddleware.<>c__DisplayClass4_0.<<Invoke>b__0>d.MoveNext()
--- End of stack trace from previous location ---
   at OrchardCore.Environment.Shell.Scope.ShellScope.UsingAsync(Func`2 execute, Boolean activateShell)
   at OrchardCore.Environment.Shell.Scope.ShellScope.UsingAsync(Func`2 execute, Boolean activateShell)
   at OrchardCore.Environment.Shell.Scope.ShellScope.UsingAsync(Func`2 execute, Boolean activateShell)
   at OrchardCore.Environment.Shell.Scope.ShellScope.UsingAsync(Func`2 execute, Boolean activateShell)
   at OrchardCore.Environment.Shell.Scope.ShellScope.UsingAsync(Func`2 execute, Boolean activateShell)
   at OrchardCore.Modules.ModularTenantContainerMiddleware.Invoke(HttpContext httpContext)
   at Microsoft.AspNetCore.Authentication.AuthenticationMiddleware.Invoke(HttpContext context)
   at Microsoft.AspNetCore.Diagnostics.DeveloperExceptionPageMiddlewareImpl.Invoke(HttpContext context)    at Microsoft.AspNetCore.Mvc.ViewFeatures.ViewDataDictionary.EnsureCompatible(Object value)
   at lambda_method127(Closure, ViewDataDictionary)
   at Microsoft.AspNetCore.Mvc.Razor.RazorPagePropertyActivator.Activate(Object page, ViewContext context)
   at Microsoft.AspNetCore.Mvc.Razor.RazorView.RenderPageCoreAsync(IRazorPage page, ViewContext context)
   at Microsoft.AspNetCore.Mvc.Razor.RazorView.RenderPageAsync(IRazorPage page, ViewContext context, Boolean invokeViewStarts)
   at Microsoft.AspNetCore.Mvc.Razor.RazorView.RenderAsync(ViewContext context)
   at Microsoft.AspNetCore.Mvc.ViewFeatures.HtmlHelper.RenderPartialCoreAsync(String partialViewName, Object model, ViewDataDictionary viewData, TextWriter writer)
   at Microsoft.AspNetCore.Mvc.ViewFeatures.HtmlHelper.PartialAsync(String partialViewName, Object model, ViewDataDictionary viewData)
   at AspNetCoreGeneratedDocument.Pages_Home_Index.ExecuteAsync()
   at Microsoft.AspNetCore.Mvc.Razor.RazorView.RenderPageCoreAsync(IRazorPage page, ViewContext context)
   at Microsoft.AspNetCore.Mvc.Razor.RazorView.RenderPageAsync(IRazorPage page, ViewContext context, Boolean invokeViewStarts)
   at Microsoft.AspNetCore.Mvc.Razor.RazorView.RenderAsync(ViewContext context)
   at Microsoft.AspNetCore.Mvc.ViewFeatures.ViewExecutor.ExecuteAsync(ViewContext viewContext, String contentType, Nullable`1 statusCode)
   at Microsoft.AspNetCore.Mvc.ViewFeatures.ViewExecutor.ExecuteAsync(ViewContext viewContext, String contentType, Nullable`1 statusCode)
   at Microsoft.AspNetCore.Mvc.Infrastructure.ResourceInvoker.<InvokeNextResultFilterAsync>g__Awaited|30_0[TFilter,TFilterAsync](ResourceInvoker invoker, Task lastTask, State next, Scope scope, Object state, Boolean isCompleted)
   at Microsoft.AspNetCore.Mvc.Infrastructure.ResourceInvoker.Rethrow(ResultExecutedContextSealed context)
   at Microsoft.AspNetCore.Mvc.Infrastructure.ResourceInvoker.ResultNext[TFilter,TFilterAsync](State& next, Scope& scope, Object& state, Boolean& isCompleted)
   at Microsoft.AspNetCore.Mvc.Infrastructure.ResourceInvoker.<InvokeResultFilters>g__Awaited|28_0(ResourceInvoker invoker, Task lastTask, State next, Scope scope, Object state, Boolean isCompleted)
   at Microsoft.AspNetCore.Mvc.Infrastructure.ResourceInvoker.<InvokeNextResourceFilter>g__Awaited|25_0(ResourceInvoker invoker, Task lastTask, State next, Scope scope, Object state, Boolean isCompleted)
   at Microsoft.AspNetCore.Mvc.Infrastructure.ResourceInvoker.Rethrow(ResourceExecutedContextSealed context)
   at Microsoft.AspNetCore.Mvc.Infrastructure.ResourceInvoker.Next(State& next, Scope& scope, Object& state, Boolean& isCompleted)
   at Microsoft.AspNetCore.Mvc.Infrastructure.ResourceInvoker.<InvokeFilterPipelineAsync>g__Awaited|20_0(ResourceInvoker invoker, Task lastTask, State next, Scope scope, Object state, Boolean isCompleted)
   at Microsoft.AspNetCore.Mvc.Infrastructure.ResourceInvoker.<InvokeAsync>g__Awaited|17_0(ResourceInvoker invoker, Task task, IDisposable scope)
   at Microsoft.AspNetCore.Mvc.Infrastructure.ResourceInvoker.<InvokeAsync>g__Awaited|17_0(ResourceInvoker invoker, Task task, IDisposable scope)
   at Swashbuckle.AspNetCore.SwaggerUI.SwaggerUIMiddleware.Invoke(HttpContext httpContext)
   at Swashbuckle.AspNetCore.Swagger.SwaggerMiddleware.Invoke(HttpContext httpContext, ISwaggerProvider swaggerProvider)
   at SixLabors.ImageSharp.Web.Middleware.ImageSharpMiddleware.Invoke(HttpContext httpContext, Boolean retry)
   at OrchardCore.Media.Services.SecureMediaMiddleware.Invoke(HttpContext context, IAuthorizationService authorizationService, IAuthenticationService authenticationService)
   at Microsoft.AspNetCore.Authorization.AuthorizationMiddleware.Invoke(HttpContext context)
   at OrchardCore.Liquid.ScriptsMiddleware.Invoke(HttpContext httpContext)
   at Microsoft.AspNetCore.Authentication.AuthenticationMiddleware.Invoke(HttpContext context)
   at OrchardCore.Diagnostics.DiagnosticsStartupFilter.<>c__DisplayClass3_0.<<Configure>b__1>d.MoveNext()
--- End of stack trace from previous location ---
   at Microsoft.AspNetCore.Diagnostics.StatusCodePagesMiddleware.Invoke(HttpContext context)
   at OrchardCore.ContentPreview.PreviewStartupFilter.<>c.<<Configure>b__0_1>d.MoveNext()
--- End of stack trace from previous location ---
   at OrchardCore.Users.Services.ExternalAuthenticationsStartupFilter.<>c.<<Configure>b__0_1>d.MoveNext()
--- End of stack trace from previous location ---
   at OrchardCore.Modules.ModularTenantRouterMiddleware.Invoke(HttpContext httpContext)
   at OrchardCore.Modules.ModularTenantContainerMiddleware.<>c__DisplayClass4_0.<<Invoke>b__0>d.MoveNext()
--- End of stack trace from previous location ---
   at OrchardCore.Environment.Shell.Scope.ShellScope.UsingAsync(Func`2 execute, Boolean activateShell)
   at OrchardCore.Environment.Shell.Scope.ShellScope.UsingAsync(Func`2 execute, Boolean activateShell)
   at OrchardCore.Environment.Shell.Scope.ShellScope.UsingAsync(Func`2 execute, Boolean activateShell)
   at OrchardCore.Environment.Shell.Scope.ShellScope.UsingAsync(Func`2 execute, Boolean activateShell)
   at OrchardCore.Environment.Shell.Scope.ShellScope.UsingAsync(Func`2 execute, Boolean activateShell)
   at OrchardCore.Modules.ModularTenantContainerMiddleware.Invoke(HttpContext httpContext)
   at Microsoft.AspNetCore.Authentication.AuthenticationMiddleware.Invoke(HttpContext context)
   at Microsoft.AspNetCore.Diagnostics.DeveloperExceptionPageMiddlewareImpl.Invoke(HttpContext context)
2026-01-11 11:39:46.6955|Default|00-c8d393299ad8ee66423cdd48e748febc-0f2c1576555f48ed-00|1|Microsoft.AspNetCore.Diagnostics.DeveloperExceptionPageMiddleware|ERROR|An unhandled exception has occurred while executing the request. NLog message: Exception in NLog.LayoutRenderers.ExceptionLayoutRenderer.AppendToString(): System.TypeLoadException. 
2026-01-11 11:39:46.7962|Default|00-c8d393299ad8ee66423cdd48e748febc-0f2c1576555f48ed-00|2|Microsoft.AspNetCore.Server.IIS.Core.IISHttpServer|ERROR|Connection ID "18014398531762127052", Request ID "400000cd-0005-fa00-b63f-84710c7967bb": An unhandled exception was thrown by the application. System.AggregateException: An error occurred while writing to logger(s). (Could not resolve type 'AspNetCoreGeneratedDocument.Pages_Home_Index' in assembly 'TechVerse.Cms, Version=1.0.0.0, Culture=neutral, PublicKeyToken=null'.) (Could not resolve type 'AspNetCoreGeneratedDocument.Pages_Home_Index' in assembly 'TechVerse.Cms, Version=1.0.0.0, Culture=neutral, PublicKeyToken=null'.) (Could not resolve type 'AspNetCoreGeneratedDocument.Pages_Home_Index' in assembly 'TechVerse.Cms, Version=1.0.0.0, Culture=neutral, PublicKeyToken=null'.)
 ---> System.TypeLoadException: Could not resolve type 'AspNetCoreGeneratedDocument.Pages_Home_Index' in assembly 'TechVerse.Cms, Version=1.0.0.0, Culture=neutral, PublicKeyToken=null'.
   at System.Reflection.TypeNameParser.GetTypeFromDefaultAssemblies(String typeName, ReadOnlySpan`1 nestedTypeNames)
   at System.Reflection.TypeNameParser.GetType(String typeName, ReadOnlySpan`1 nestedTypeNames, String assemblyNameIfAny)
   at System.Reflection.TypeNameParser.NestedNamespaceTypeName.ResolveType(TypeNameParser& parser, String containingAssemblyIfAny)
   at System.Reflection.TypeNameParser.GetTypeHelper(Char* pTypeName, RuntimeAssembly requestingAssembly, Boolean throwOnError, Boolean requireAssemblyQualifiedName)
   at System.Reflection.CustomAttribute._CreateCaObject(RuntimeModule pModule, RuntimeType type, IRuntimeMethodInfo pCtor, Byte** ppBlob, Byte* pEndBlob, Int32* pcNamedArgs)
   at System.Reflection.CustomAttribute.AddCustomAttributes(ListBuilder`1& attributes, RuntimeModule decoratedModule, Int32 decoratedMetadataToken, RuntimeType attributeFilterType, Boolean mustBeInheritable, ListBuilder`1 derivedAttributes)
   at System.Reflection.CustomAttribute.GetCustomAttributes(RuntimeModule decoratedModule, Int32 decoratedMetadataToken, Int32 pcaCount, RuntimeType attributeFilterType)
   at System.Reflection.CustomAttribute.GetCustomAttributes(RuntimeMethodInfo method, RuntimeType caType, Boolean inherit)
   at System.Attribute.GetCustomAttributes(MemberInfo element, Type attributeType, Boolean inherit)
   at System.Diagnostics.StackTrace.TryResolveStateMachineMethod(MethodBase& method, Type& declaringType)
   at System.Diagnostics.StackTrace.ToString(TraceFormat traceFormat, StringBuilder sb)
   at System.Diagnostics.StackTrace.ToString(TraceFormat traceFormat)
   at System.Exception.get_StackTrace()
   at System.Exception.ToString()
   at Microsoft.Extensions.Logging.Console.SimpleConsoleFormatter.CreateDefaultLogMessage[TState](TextWriter textWriter, LogEntry`1& logEntry, String message, IExternalScopeProvider scopeProvider)
   at Microsoft.Extensions.Logging.Console.SimpleConsoleFormatter.Write[TState](LogEntry`1& logEntry, IExternalScopeProvider scopeProvider, TextWriter textWriter)
   at Microsoft.Extensions.Logging.Console.ConsoleLogger.Log[TState](LogLevel logLevel, EventId eventId, TState state, Exception exception, Func`3 formatter)
   at Microsoft.Extensions.Logging.Logger.<Log>g__LoggerLog|14_0[TState](LogLevel logLevel, EventId eventId, ILogger logger, Exception exception, Func`3 formatter, List`1& exceptions, TState& state)
   --- End of inner exception stack trace ---
 ---> (Inner Exception #1) System.TypeLoadException: Could not resolve type 'AspNetCoreGeneratedDocument.Pages_Home_Index' in assembly 'TechVerse.Cms, Version=1.0.0.0, Culture=neutral, PublicKeyToken=null'.
   at System.Reflection.TypeNameParser.GetTypeFromDefaultAssemblies(String typeName, ReadOnlySpan`1 nestedTypeNames)
   at System.Reflection.TypeNameParser.GetType(String typeName, ReadOnlySpan`1 nestedTypeNames, String assemblyNameIfAny)
   at System.Reflection.TypeNameParser.NestedNamespaceTypeName.ResolveType(TypeNameParser& parser, String containingAssemblyIfAny)
   at System.Reflection.TypeNameParser.GetTypeHelper(Char* pTypeName, RuntimeAssembly requestingAssembly, Boolean throwOnError, Boolean requireAssemblyQualifiedName)
   at System.Reflection.CustomAttribute._CreateCaObject(RuntimeModule pModule, RuntimeType type, IRuntimeMethodInfo pCtor, Byte** ppBlob, Byte* pEndBlob, Int32* pcNamedArgs)
   at System.Reflection.CustomAttribute.AddCustomAttributes(ListBuilder`1& attributes, RuntimeModule decoratedModule, Int32 decoratedMetadataToken, RuntimeType attributeFilterType, Boolean mustBeInheritable, ListBuilder`1 derivedAttributes)
   at System.Reflection.CustomAttribute.GetCustomAttributes(RuntimeModule decoratedModule, Int32 decoratedMetadataToken, Int32 pcaCount, RuntimeType attributeFilterType)
   at System.Reflection.CustomAttribute.GetCustomAttributes(RuntimeMethodInfo method, RuntimeType caType, Boolean inherit)
   at System.Attribute.GetCustomAttributes(MemberInfo element, Type attributeType, Boolean inherit)
   at System.Diagnostics.StackTrace.TryResolveStateMachineMethod(MethodBase& method, Type& declaringType)
   at System.Diagnostics.StackTrace.ToString(TraceFormat traceFormat, StringBuilder sb)
   at System.Diagnostics.StackTrace.ToString(TraceFormat traceFormat)
   at System.Exception.get_StackTrace()
   at System.Exception.ToString()
   at Microsoft.Extensions.Logging.Debug.DebugLogger.Log[TState](LogLevel logLevel, EventId eventId, TState state, Exception exception, Func`3 formatter)
   at Microsoft.Extensions.Logging.Logger.<Log>g__LoggerLog|14_0[TState](LogLevel logLevel, EventId eventId, ILogger logger, Exception exception, Func`3 formatter, List`1& exceptions, TState& state)<---

 ---> (Inner Exception #2) System.TypeLoadException: Could not resolve type 'AspNetCoreGeneratedDocument.Pages_Home_Index' in assembly 'TechVerse.Cms, Version=1.0.0.0, Culture=neutral, PublicKeyToken=null'.
   at System.Reflection.TypeNameParser.GetTypeFromDefaultAssemblies(String typeName, ReadOnlySpan`1 nestedTypeNames)
   at System.Reflection.TypeNameParser.GetType(String typeName, ReadOnlySpan`1 nestedTypeNames, String assemblyNameIfAny)
   at System.Reflection.TypeNameParser.NestedNamespaceTypeName.ResolveType(TypeNameParser& parser, String containingAssemblyIfAny)
   at System.Reflection.TypeNameParser.GetTypeHelper(Char* pTypeName, RuntimeAssembly requestingAssembly, Boolean throwOnError, Boolean requireAssemblyQualifiedName)
   at System.Reflection.CustomAttribute._CreateCaObject(RuntimeModule pModule, RuntimeType type, IRuntimeMethodInfo pCtor, Byte** ppBlob, Byte* pEndBlob, Int32* pcNamedArgs)
   at System.Reflection.CustomAttribute.AddCustomAttributes(ListBuilder`1& attributes, RuntimeModule decoratedModule, Int32 decoratedMetadataToken, RuntimeType attributeFilterType, Boolean mustBeInheritable, ListBuilder`1 derivedAttributes)
   at System.Reflection.CustomAttribute.GetCustomAttributes(RuntimeModule decoratedModule, Int32 decoratedMetadataToken, Int32 pcaCount, RuntimeType attributeFilterType)
   at System.Reflection.CustomAttribute.GetCustomAttributes(RuntimeMethodInfo method, RuntimeType caType, Boolean inherit)
   at System.Attribute.GetCustomAttributes(MemberInfo element, Type attributeType, Boolean inherit)
   at System.Diagnostics.StackTrace.TryResolveStateMachineMethod(MethodBase& method, Type& declaringType)
   at System.Diagnostics.StackTrace.ToString(TraceFormat traceFormat, StringBuilder sb)
   at System.Diagnostics.StackTrace.ToString(TraceFormat traceFormat)
   at System.Exception.get_StackTrace()
   at System.Exception.ToString()
   at System.Text.StringBuilder.Append(Object value)
   at Microsoft.Extensions.Logging.EventLog.EventLogLogger.Log[TState](LogLevel logLevel, EventId eventId, TState state, Exception exception, Func`3 formatter)
   at Microsoft.Extensions.Logging.Logger.<Log>g__LoggerLog|14_0[TState](LogLevel logLevel, EventId eventId, ILogger logger, Exception exception, Func`3 formatter, List`1& exceptions, TState& state)<---

2026-01-11 11:40:11.2186||||Microsoft.Hosting.Lifetime|INFO|Application started. Press Ctrl+C to shut down. 
2026-01-11 11:40:11.2605||||Microsoft.Hosting.Lifetime|INFO|Hosting environment: Development 
2026-01-11 11:40:11.2657||||Microsoft.Hosting.Lifetime|INFO|Content root path: C:\Users\Wanwi\OneDrive\Desktop\TechVerse\TechVerse.Cms 
2026-01-11 11:40:20.1728|Default|00-c18e07d1cdb29b8cc230c2dba9b9566d-8252b3eb0c139870-00|1|Microsoft.AspNetCore.Diagnostics.DeveloperExceptionPageMiddleware|ERROR|An unhandled exception has occurred while executing the request. System.InvalidOperationException: The model item passed into the ViewDataDictionary is of type 'OrchardCore.ContentManagement.ContentItem', but this ViewDataDictionary instance requires a model item of type 'TechVerse.Cms.Pages.Widgets.Partials._ProductHighlightModel'.
   at Microsoft.AspNetCore.Mvc.ViewFeatures.ViewDataDictionary.EnsureCompatible(Object value)
   at lambda_method90(Closure, ViewDataDictionary)
   at Microsoft.AspNetCore.Mvc.Razor.RazorPagePropertyActivator.Activate(Object page, ViewContext context)
   at Microsoft.AspNetCore.Mvc.Razor.RazorView.RenderPageCoreAsync(IRazorPage page, ViewContext context)
   at Microsoft.AspNetCore.Mvc.Razor.RazorView.RenderPageAsync(IRazorPage page, ViewContext context, Boolean invokeViewStarts)
   at Microsoft.AspNetCore.Mvc.Razor.RazorView.RenderAsync(ViewContext context)
   at Microsoft.AspNetCore.Mvc.ViewFeatures.HtmlHelper.RenderPartialCoreAsync(String partialViewName, Object model, ViewDataDictionary viewData, TextWriter writer)
   at Microsoft.AspNetCore.Mvc.ViewFeatures.HtmlHelper.PartialAsync(String partialViewName, Object model, ViewDataDictionary viewData)
   at AspNetCoreGeneratedDocument.Pages_Home_Index.ExecuteAsync() in C:\Users\Wanwi\OneDrive\Desktop\TechVerse\TechVerse.Cms\Pages\Home\Index.cshtml:line 34
   at Microsoft.AspNetCore.Mvc.Razor.RazorView.RenderPageCoreAsync(IRazorPage page, ViewContext context)
   at Microsoft.AspNetCore.Mvc.Razor.RazorView.RenderPageAsync(IRazorPage page, ViewContext context, Boolean invokeViewStarts)
   at Microsoft.AspNetCore.Mvc.Razor.RazorView.RenderAsync(ViewContext context)
   at Microsoft.AspNetCore.Mvc.ViewFeatures.ViewExecutor.ExecuteAsync(ViewContext viewContext, String contentType, Nullable`1 statusCode)
   at Microsoft.AspNetCore.Mvc.ViewFeatures.ViewExecutor.ExecuteAsync(ViewContext viewContext, String contentType, Nullable`1 statusCode)
   at Microsoft.AspNetCore.Mvc.Infrastructure.ResourceInvoker.<InvokeNextResultFilterAsync>g__Awaited|30_0[TFilter,TFilterAsync](ResourceInvoker invoker, Task lastTask, State next, Scope scope, Object state, Boolean isCompleted)
   at Microsoft.AspNetCore.Mvc.Infrastructure.ResourceInvoker.Rethrow(ResultExecutedContextSealed context)
   at Microsoft.AspNetCore.Mvc.Infrastructure.ResourceInvoker.ResultNext[TFilter,TFilterAsync](State& next, Scope& scope, Object& state, Boolean& isCompleted)
   at Microsoft.AspNetCore.Mvc.Infrastructure.ResourceInvoker.<InvokeResultFilters>g__Awaited|28_0(ResourceInvoker invoker, Task lastTask, State next, Scope scope, Object state, Boolean isCompleted)
   at Microsoft.AspNetCore.Mvc.Infrastructure.ResourceInvoker.<InvokeNextResourceFilter>g__Awaited|25_0(ResourceInvoker invoker, Task lastTask, State next, Scope scope, Object state, Boolean isCompleted)
   at Microsoft.AspNetCore.Mvc.Infrastructure.ResourceInvoker.Rethrow(ResourceExecutedContextSealed context)
   at Microsoft.AspNetCore.Mvc.Infrastructure.ResourceInvoker.Next(State& next, Scope& scope, Object& state, Boolean& isCompleted)
   at Microsoft.AspNetCore.Mvc.Infrastructure.ResourceInvoker.<InvokeFilterPipelineAsync>g__Awaited|20_0(ResourceInvoker invoker, Task lastTask, State next, Scope scope, Object state, Boolean isCompleted)
   at Microsoft.AspNetCore.Mvc.Infrastructure.ResourceInvoker.<InvokeAsync>g__Awaited|17_0(ResourceInvoker invoker, Task task, IDisposable scope)
   at Microsoft.AspNetCore.Mvc.Infrastructure.ResourceInvoker.<InvokeAsync>g__Awaited|17_0(ResourceInvoker invoker, Task task, IDisposable scope)
   at Swashbuckle.AspNetCore.SwaggerUI.SwaggerUIMiddleware.Invoke(HttpContext httpContext)
   at Swashbuckle.AspNetCore.Swagger.SwaggerMiddleware.Invoke(HttpContext httpContext, ISwaggerProvider swaggerProvider)
   at SixLabors.ImageSharp.Web.Middleware.ImageSharpMiddleware.Invoke(HttpContext httpContext, Boolean retry)
   at OrchardCore.Media.Services.SecureMediaMiddleware.Invoke(HttpContext context, IAuthorizationService authorizationService, IAuthenticationService authenticationService)
   at Microsoft.AspNetCore.Authorization.AuthorizationMiddleware.Invoke(HttpContext context)
   at OrchardCore.Liquid.ScriptsMiddleware.Invoke(HttpContext httpContext)
   at Microsoft.AspNetCore.Authentication.AuthenticationMiddleware.Invoke(HttpContext context)
   at OrchardCore.Diagnostics.DiagnosticsStartupFilter.<>c__DisplayClass3_0.<<Configure>b__1>d.MoveNext()
--- End of stack trace from previous location ---
   at Microsoft.AspNetCore.Diagnostics.StatusCodePagesMiddleware.Invoke(HttpContext context)
   at OrchardCore.ContentPreview.PreviewStartupFilter.<>c.<<Configure>b__0_1>d.MoveNext()
--- End of stack trace from previous location ---
   at OrchardCore.Users.Services.ExternalAuthenticationsStartupFilter.<>c.<<Configure>b__0_1>d.MoveNext()
--- End of stack trace from previous location ---
   at OrchardCore.Modules.ModularTenantRouterMiddleware.Invoke(HttpContext httpContext)
   at OrchardCore.Modules.ModularTenantContainerMiddleware.<>c__DisplayClass4_0.<<Invoke>b__0>d.MoveNext()
--- End of stack trace from previous location ---
   at OrchardCore.Environment.Shell.Scope.ShellScope.UsingAsync(Func`2 execute, Boolean activateShell)
   at OrchardCore.Environment.Shell.Scope.ShellScope.UsingAsync(Func`2 execute, Boolean activateShell)
   at OrchardCore.Environment.Shell.Scope.ShellScope.UsingAsync(Func`2 execute, Boolean activateShell)
   at OrchardCore.Environment.Shell.Scope.ShellScope.UsingAsync(Func`2 execute, Boolean activateShell)
   at OrchardCore.Environment.Shell.Scope.ShellScope.UsingAsync(Func`2 execute, Boolean activateShell)
   at OrchardCore.Modules.ModularTenantContainerMiddleware.Invoke(HttpContext httpContext)
   at Microsoft.AspNetCore.Authentication.AuthenticationMiddleware.Invoke(HttpContext context)
   at Microsoft.AspNetCore.Diagnostics.DeveloperExceptionPageMiddlewareImpl.Invoke(HttpContext context)    at Microsoft.AspNetCore.Mvc.ViewFeatures.ViewDataDictionary.EnsureCompatible(Object value)
   at lambda_method90(Closure, ViewDataDictionary)
   at Microsoft.AspNetCore.Mvc.Razor.RazorPagePropertyActivator.Activate(Object page, ViewContext context)
   at Microsoft.AspNetCore.Mvc.Razor.RazorView.RenderPageCoreAsync(IRazorPage page, ViewContext context)
   at Microsoft.AspNetCore.Mvc.Razor.RazorView.RenderPageAsync(IRazorPage page, ViewContext context, Boolean invokeViewStarts)
   at Microsoft.AspNetCore.Mvc.Razor.RazorView.RenderAsync(ViewContext context)
   at Microsoft.AspNetCore.Mvc.ViewFeatures.HtmlHelper.RenderPartialCoreAsync(String partialViewName, Object model, ViewDataDictionary viewData, TextWriter writer)
   at Microsoft.AspNetCore.Mvc.ViewFeatures.HtmlHelper.PartialAsync(String partialViewName, Object model, ViewDataDictionary viewData)
   at AspNetCoreGeneratedDocument.Pages_Home_Index.ExecuteAsync() in C:\Users\Wanwi\OneDrive\Desktop\TechVerse\TechVerse.Cms\Pages\Home\Index.cshtml:line 34
   at Microsoft.AspNetCore.Mvc.Razor.RazorView.RenderPageCoreAsync(IRazorPage page, ViewContext context)
   at Microsoft.AspNetCore.Mvc.Razor.RazorView.RenderPageAsync(IRazorPage page, ViewContext context, Boolean invokeViewStarts)
   at Microsoft.AspNetCore.Mvc.Razor.RazorView.RenderAsync(ViewContext context)
   at Microsoft.AspNetCore.Mvc.ViewFeatures.ViewExecutor.ExecuteAsync(ViewContext viewContext, String contentType, Nullable`1 statusCode)
   at Microsoft.AspNetCore.Mvc.ViewFeatures.ViewExecutor.ExecuteAsync(ViewContext viewContext, String contentType, Nullable`1 statusCode)
   at Microsoft.AspNetCore.Mvc.Infrastructure.ResourceInvoker.<InvokeNextResultFilterAsync>g__Awaited|30_0[TFilter,TFilterAsync](ResourceInvoker invoker, Task lastTask, State next, Scope scope, Object state, Boolean isCompleted)
   at Microsoft.AspNetCore.Mvc.Infrastructure.ResourceInvoker.Rethrow(ResultExecutedContextSealed context)
   at Microsoft.AspNetCore.Mvc.Infrastructure.ResourceInvoker.ResultNext[TFilter,TFilterAsync](State& next, Scope& scope, Object& state, Boolean& isCompleted)
   at Microsoft.AspNetCore.Mvc.Infrastructure.ResourceInvoker.<InvokeResultFilters>g__Awaited|28_0(ResourceInvoker invoker, Task lastTask, State next, Scope scope, Object state, Boolean isCompleted)
   at Microsoft.AspNetCore.Mvc.Infrastructure.ResourceInvoker.<InvokeNextResourceFilter>g__Awaited|25_0(ResourceInvoker invoker, Task lastTask, State next, Scope scope, Object state, Boolean isCompleted)
   at Microsoft.AspNetCore.Mvc.Infrastructure.ResourceInvoker.Rethrow(ResourceExecutedContextSealed context)
   at Microsoft.AspNetCore.Mvc.Infrastructure.ResourceInvoker.Next(State& next, Scope& scope, Object& state, Boolean& isCompleted)
   at Microsoft.AspNetCore.Mvc.Infrastructure.ResourceInvoker.<InvokeFilterPipelineAsync>g__Awaited|20_0(ResourceInvoker invoker, Task lastTask, State next, Scope scope, Object state, Boolean isCompleted)
   at Microsoft.AspNetCore.Mvc.Infrastructure.ResourceInvoker.<InvokeAsync>g__Awaited|17_0(ResourceInvoker invoker, Task task, IDisposable scope)
   at Microsoft.AspNetCore.Mvc.Infrastructure.ResourceInvoker.<InvokeAsync>g__Awaited|17_0(ResourceInvoker invoker, Task task, IDisposable scope)
   at Swashbuckle.AspNetCore.SwaggerUI.SwaggerUIMiddleware.Invoke(HttpContext httpContext)
   at Swashbuckle.AspNetCore.Swagger.SwaggerMiddleware.Invoke(HttpContext httpContext, ISwaggerProvider swaggerProvider)
   at SixLabors.ImageSharp.Web.Middleware.ImageSharpMiddleware.Invoke(HttpContext httpContext, Boolean retry)
   at OrchardCore.Media.Services.SecureMediaMiddleware.Invoke(HttpContext context, IAuthorizationService authorizationService, IAuthenticationService authenticationService)
   at Microsoft.AspNetCore.Authorization.AuthorizationMiddleware.Invoke(HttpContext context)
   at OrchardCore.Liquid.ScriptsMiddleware.Invoke(HttpContext httpContext)
   at Microsoft.AspNetCore.Authentication.AuthenticationMiddleware.Invoke(HttpContext context)
   at OrchardCore.Diagnostics.DiagnosticsStartupFilter.<>c__DisplayClass3_0.<<Configure>b__1>d.MoveNext()
--- End of stack trace from previous location ---
   at Microsoft.AspNetCore.Diagnostics.StatusCodePagesMiddleware.Invoke(HttpContext context)
   at OrchardCore.ContentPreview.PreviewStartupFilter.<>c.<<Configure>b__0_1>d.MoveNext()
--- End of stack trace from previous location ---
   at OrchardCore.Users.Services.ExternalAuthenticationsStartupFilter.<>c.<<Configure>b__0_1>d.MoveNext()
--- End of stack trace from previous location ---
   at OrchardCore.Modules.ModularTenantRouterMiddleware.Invoke(HttpContext httpContext)
   at OrchardCore.Modules.ModularTenantContainerMiddleware.<>c__DisplayClass4_0.<<Invoke>b__0>d.MoveNext()
--- End of stack trace from previous location ---
   at OrchardCore.Environment.Shell.Scope.ShellScope.UsingAsync(Func`2 execute, Boolean activateShell)
   at OrchardCore.Environment.Shell.Scope.ShellScope.UsingAsync(Func`2 execute, Boolean activateShell)
   at OrchardCore.Environment.Shell.Scope.ShellScope.UsingAsync(Func`2 execute, Boolean activateShell)
   at OrchardCore.Environment.Shell.Scope.ShellScope.UsingAsync(Func`2 execute, Boolean activateShell)
   at OrchardCore.Environment.Shell.Scope.ShellScope.UsingAsync(Func`2 execute, Boolean activateShell)
   at OrchardCore.Modules.ModularTenantContainerMiddleware.Invoke(HttpContext httpContext)
   at Microsoft.AspNetCore.Authentication.AuthenticationMiddleware.Invoke(HttpContext context)
   at Microsoft.AspNetCore.Diagnostics.DeveloperExceptionPageMiddlewareImpl.Invoke(HttpContext context)
2026-01-11 11:42:44.0900|Default|00-bb89e1425b95cd7c3bff02a166b07fc1-90a5b1e19e0cf189-00|1|Microsoft.AspNetCore.Diagnostics.DeveloperExceptionPageMiddleware|ERROR|An unhandled exception has occurred while executing the request. System.InvalidOperationException: The model item passed into the ViewDataDictionary is of type 'OrchardCore.ContentManagement.ContentItem', but this ViewDataDictionary instance requires a model item of type 'TechVerse.Cms.Pages.Widgets.Partials._ProductHighlightModel'.
   at Microsoft.AspNetCore.Mvc.ViewFeatures.ViewDataDictionary.EnsureCompatible(Object value)
   at lambda_method90(Closure, ViewDataDictionary)
   at Microsoft.AspNetCore.Mvc.Razor.RazorPagePropertyActivator.Activate(Object page, ViewContext context)
   at Microsoft.AspNetCore.Mvc.Razor.RazorView.RenderPageCoreAsync(IRazorPage page, ViewContext context)
   at Microsoft.AspNetCore.Mvc.Razor.RazorView.RenderPageAsync(IRazorPage page, ViewContext context, Boolean invokeViewStarts)
   at Microsoft.AspNetCore.Mvc.Razor.RazorView.RenderAsync(ViewContext context)
   at Microsoft.AspNetCore.Mvc.ViewFeatures.HtmlHelper.RenderPartialCoreAsync(String partialViewName, Object model, ViewDataDictionary viewData, TextWriter writer)
   at Microsoft.AspNetCore.Mvc.ViewFeatures.HtmlHelper.PartialAsync(String partialViewName, Object model, ViewDataDictionary viewData)
   at AspNetCoreGeneratedDocument.Pages_Home_Index.ExecuteAsync()
   at Microsoft.AspNetCore.Mvc.Razor.RazorView.RenderPageCoreAsync(IRazorPage page, ViewContext context)
   at Microsoft.AspNetCore.Mvc.Razor.RazorView.RenderPageAsync(IRazorPage page, ViewContext context, Boolean invokeViewStarts)
   at Microsoft.AspNetCore.Mvc.Razor.RazorView.RenderAsync(ViewContext context)
   at Microsoft.AspNetCore.Mvc.ViewFeatures.ViewExecutor.ExecuteAsync(ViewContext viewContext, String contentType, Nullable`1 statusCode)
   at Microsoft.AspNetCore.Mvc.ViewFeatures.ViewExecutor.ExecuteAsync(ViewContext viewContext, String contentType, Nullable`1 statusCode)
   at Microsoft.AspNetCore.Mvc.Infrastructure.ResourceInvoker.<InvokeNextResultFilterAsync>g__Awaited|30_0[TFilter,TFilterAsync](ResourceInvoker invoker, Task lastTask, State next, Scope scope, Object state, Boolean isCompleted)
   at Microsoft.AspNetCore.Mvc.Infrastructure.ResourceInvoker.Rethrow(ResultExecutedContextSealed context)
   at Microsoft.AspNetCore.Mvc.Infrastructure.ResourceInvoker.ResultNext[TFilter,TFilterAsync](State& next, Scope& scope, Object& state, Boolean& isCompleted)
   at Microsoft.AspNetCore.Mvc.Infrastructure.ResourceInvoker.<InvokeResultFilters>g__Awaited|28_0(ResourceInvoker invoker, Task lastTask, State next, Scope scope, Object state, Boolean isCompleted)
   at Microsoft.AspNetCore.Mvc.Infrastructure.ResourceInvoker.<InvokeNextResourceFilter>g__Awaited|25_0(ResourceInvoker invoker, Task lastTask, State next, Scope scope, Object state, Boolean isCompleted)
   at Microsoft.AspNetCore.Mvc.Infrastructure.ResourceInvoker.Rethrow(ResourceExecutedContextSealed context)
   at Microsoft.AspNetCore.Mvc.Infrastructure.ResourceInvoker.Next(State& next, Scope& scope, Object& state, Boolean& isCompleted)
   at Microsoft.AspNetCore.Mvc.Infrastructure.ResourceInvoker.<InvokeFilterPipelineAsync>g__Awaited|20_0(ResourceInvoker invoker, Task lastTask, State next, Scope scope, Object state, Boolean isCompleted)
   at Microsoft.AspNetCore.Mvc.Infrastructure.ResourceInvoker.<InvokeAsync>g__Awaited|17_0(ResourceInvoker invoker, Task task, IDisposable scope)
   at Microsoft.AspNetCore.Mvc.Infrastructure.ResourceInvoker.<InvokeAsync>g__Awaited|17_0(ResourceInvoker invoker, Task task, IDisposable scope)
   at Swashbuckle.AspNetCore.SwaggerUI.SwaggerUIMiddleware.Invoke(HttpContext httpContext)
   at Swashbuckle.AspNetCore.Swagger.SwaggerMiddleware.Invoke(HttpContext httpContext, ISwaggerProvider swaggerProvider)
   at SixLabors.ImageSharp.Web.Middleware.ImageSharpMiddleware.Invoke(HttpContext httpContext, Boolean retry)
   at OrchardCore.Media.Services.SecureMediaMiddleware.Invoke(HttpContext context, IAuthorizationService authorizationService, IAuthenticationService authenticationService)
   at Microsoft.AspNetCore.Authorization.AuthorizationMiddleware.Invoke(HttpContext context)
   at OrchardCore.Liquid.ScriptsMiddleware.Invoke(HttpContext httpContext)
   at Microsoft.AspNetCore.Authentication.AuthenticationMiddleware.Invoke(HttpContext context)
   at OrchardCore.Diagnostics.DiagnosticsStartupFilter.<>c__DisplayClass3_0.<<Configure>b__1>d.MoveNext()
--- End of stack trace from previous location ---
   at Microsoft.AspNetCore.Diagnostics.StatusCodePagesMiddleware.Invoke(HttpContext context)
   at OrchardCore.ContentPreview.PreviewStartupFilter.<>c.<<Configure>b__0_1>d.MoveNext()
--- End of stack trace from previous location ---
   at OrchardCore.Users.Services.ExternalAuthenticationsStartupFilter.<>c.<<Configure>b__0_1>d.MoveNext()
--- End of stack trace from previous location ---
   at OrchardCore.Modules.ModularTenantRouterMiddleware.Invoke(HttpContext httpContext)
   at OrchardCore.Modules.ModularTenantContainerMiddleware.<>c__DisplayClass4_0.<<Invoke>b__0>d.MoveNext()
--- End of stack trace from previous location ---
   at OrchardCore.Environment.Shell.Scope.ShellScope.UsingAsync(Func`2 execute, Boolean activateShell)
   at OrchardCore.Environment.Shell.Scope.ShellScope.UsingAsync(Func`2 execute, Boolean activateShell)
   at OrchardCore.Environment.Shell.Scope.ShellScope.UsingAsync(Func`2 execute, Boolean activateShell)
   at OrchardCore.Environment.Shell.Scope.ShellScope.UsingAsync(Func`2 execute, Boolean activateShell)
   at OrchardCore.Environment.Shell.Scope.ShellScope.UsingAsync(Func`2 execute, Boolean activateShell)
   at OrchardCore.Modules.ModularTenantContainerMiddleware.Invoke(HttpContext httpContext)
   at Microsoft.AspNetCore.Authentication.AuthenticationMiddleware.Invoke(HttpContext context)
   at Microsoft.AspNetCore.Diagnostics.DeveloperExceptionPageMiddlewareImpl.Invoke(HttpContext context)    at Microsoft.AspNetCore.Mvc.ViewFeatures.ViewDataDictionary.EnsureCompatible(Object value)
   at lambda_method90(Closure, ViewDataDictionary)
   at Microsoft.AspNetCore.Mvc.Razor.RazorPagePropertyActivator.Activate(Object page, ViewContext context)
   at Microsoft.AspNetCore.Mvc.Razor.RazorView.RenderPageCoreAsync(IRazorPage page, ViewContext context)
   at Microsoft.AspNetCore.Mvc.Razor.RazorView.RenderPageAsync(IRazorPage page, ViewContext context, Boolean invokeViewStarts)
   at Microsoft.AspNetCore.Mvc.Razor.RazorView.RenderAsync(ViewContext context)
   at Microsoft.AspNetCore.Mvc.ViewFeatures.HtmlHelper.RenderPartialCoreAsync(String partialViewName, Object model, ViewDataDictionary viewData, TextWriter writer)
   at Microsoft.AspNetCore.Mvc.ViewFeatures.HtmlHelper.PartialAsync(String partialViewName, Object model, ViewDataDictionary viewData)
   at AspNetCoreGeneratedDocument.Pages_Home_Index.ExecuteAsync()
   at Microsoft.AspNetCore.Mvc.Razor.RazorView.RenderPageCoreAsync(IRazorPage page, ViewContext context)
   at Microsoft.AspNetCore.Mvc.Razor.RazorView.RenderPageAsync(IRazorPage page, ViewContext context, Boolean invokeViewStarts)
   at Microsoft.AspNetCore.Mvc.Razor.RazorView.RenderAsync(ViewContext context)
   at Microsoft.AspNetCore.Mvc.ViewFeatures.ViewExecutor.ExecuteAsync(ViewContext viewContext, String contentType, Nullable`1 statusCode)
   at Microsoft.AspNetCore.Mvc.ViewFeatures.ViewExecutor.ExecuteAsync(ViewContext viewContext, String contentType, Nullable`1 statusCode)
   at Microsoft.AspNetCore.Mvc.Infrastructure.ResourceInvoker.<InvokeNextResultFilterAsync>g__Awaited|30_0[TFilter,TFilterAsync](ResourceInvoker invoker, Task lastTask, State next, Scope scope, Object state, Boolean isCompleted)
   at Microsoft.AspNetCore.Mvc.Infrastructure.ResourceInvoker.Rethrow(ResultExecutedContextSealed context)
   at Microsoft.AspNetCore.Mvc.Infrastructure.ResourceInvoker.ResultNext[TFilter,TFilterAsync](State& next, Scope& scope, Object& state, Boolean& isCompleted)
   at Microsoft.AspNetCore.Mvc.Infrastructure.ResourceInvoker.<InvokeResultFilters>g__Awaited|28_0(ResourceInvoker invoker, Task lastTask, State next, Scope scope, Object state, Boolean isCompleted)
   at Microsoft.AspNetCore.Mvc.Infrastructure.ResourceInvoker.<InvokeNextResourceFilter>g__Awaited|25_0(ResourceInvoker invoker, Task lastTask, State next, Scope scope, Object state, Boolean isCompleted)
   at Microsoft.AspNetCore.Mvc.Infrastructure.ResourceInvoker.Rethrow(ResourceExecutedContextSealed context)
   at Microsoft.AspNetCore.Mvc.Infrastructure.ResourceInvoker.Next(State& next, Scope& scope, Object& state, Boolean& isCompleted)
   at Microsoft.AspNetCore.Mvc.Infrastructure.ResourceInvoker.<InvokeFilterPipelineAsync>g__Awaited|20_0(ResourceInvoker invoker, Task lastTask, State next, Scope scope, Object state, Boolean isCompleted)
   at Microsoft.AspNetCore.Mvc.Infrastructure.ResourceInvoker.<InvokeAsync>g__Awaited|17_0(ResourceInvoker invoker, Task task, IDisposable scope)
   at Microsoft.AspNetCore.Mvc.Infrastructure.ResourceInvoker.<InvokeAsync>g__Awaited|17_0(ResourceInvoker invoker, Task task, IDisposable scope)
   at Swashbuckle.AspNetCore.SwaggerUI.SwaggerUIMiddleware.Invoke(HttpContext httpContext)
   at Swashbuckle.AspNetCore.Swagger.SwaggerMiddleware.Invoke(HttpContext httpContext, ISwaggerProvider swaggerProvider)
   at SixLabors.ImageSharp.Web.Middleware.ImageSharpMiddleware.Invoke(HttpContext httpContext, Boolean retry)
   at OrchardCore.Media.Services.SecureMediaMiddleware.Invoke(HttpContext context, IAuthorizationService authorizationService, IAuthenticationService authenticationService)
   at Microsoft.AspNetCore.Authorization.AuthorizationMiddleware.Invoke(HttpContext context)
   at OrchardCore.Liquid.ScriptsMiddleware.Invoke(HttpContext httpContext)
   at Microsoft.AspNetCore.Authentication.AuthenticationMiddleware.Invoke(HttpContext context)
   at OrchardCore.Diagnostics.DiagnosticsStartupFilter.<>c__DisplayClass3_0.<<Configure>b__1>d.MoveNext()
--- End of stack trace from previous location ---
   at Microsoft.AspNetCore.Diagnostics.StatusCodePagesMiddleware.Invoke(HttpContext context)
   at OrchardCore.ContentPreview.PreviewStartupFilter.<>c.<<Configure>b__0_1>d.MoveNext()
--- End of stack trace from previous location ---
   at OrchardCore.Users.Services.ExternalAuthenticationsStartupFilter.<>c.<<Configure>b__0_1>d.MoveNext()
--- End of stack trace from previous location ---
   at OrchardCore.Modules.ModularTenantRouterMiddleware.Invoke(HttpContext httpContext)
   at OrchardCore.Modules.ModularTenantContainerMiddleware.<>c__DisplayClass4_0.<<Invoke>b__0>d.MoveNext()
--- End of stack trace from previous location ---
   at OrchardCore.Environment.Shell.Scope.ShellScope.UsingAsync(Func`2 execute, Boolean activateShell)
   at OrchardCore.Environment.Shell.Scope.ShellScope.UsingAsync(Func`2 execute, Boolean activateShell)
   at OrchardCore.Environment.Shell.Scope.ShellScope.UsingAsync(Func`2 execute, Boolean activateShell)
   at OrchardCore.Environment.Shell.Scope.ShellScope.UsingAsync(Func`2 execute, Boolean activateShell)
   at OrchardCore.Environment.Shell.Scope.ShellScope.UsingAsync(Func`2 execute, Boolean activateShell)
   at OrchardCore.Modules.ModularTenantContainerMiddleware.Invoke(HttpContext httpContext)
   at Microsoft.AspNetCore.Authentication.AuthenticationMiddleware.Invoke(HttpContext context)
   at Microsoft.AspNetCore.Diagnostics.DeveloperExceptionPageMiddlewareImpl.Invoke(HttpContext context)
2026-01-11 11:42:45.3264|Default|00-2eedc701f5df102e59349208e33785c0-6f7eeeb4ac23c513-00|1|Microsoft.AspNetCore.Diagnostics.DeveloperExceptionPageMiddleware|ERROR|An unhandled exception has occurred while executing the request. System.InvalidOperationException: The model item passed into the ViewDataDictionary is of type 'OrchardCore.ContentManagement.ContentItem', but this ViewDataDictionary instance requires a model item of type 'TechVerse.Cms.Pages.Widgets.Partials._ProductHighlightModel'.
   at Microsoft.AspNetCore.Mvc.ViewFeatures.ViewDataDictionary.EnsureCompatible(Object value)
   at lambda_method90(Closure, ViewDataDictionary)
   at Microsoft.AspNetCore.Mvc.Razor.RazorPagePropertyActivator.Activate(Object page, ViewContext context)
   at Microsoft.AspNetCore.Mvc.Razor.RazorView.RenderPageCoreAsync(IRazorPage page, ViewContext context)
   at Microsoft.AspNetCore.Mvc.Razor.RazorView.RenderPageAsync(IRazorPage page, ViewContext context, Boolean invokeViewStarts)
   at Microsoft.AspNetCore.Mvc.Razor.RazorView.RenderAsync(ViewContext context)
   at Microsoft.AspNetCore.Mvc.ViewFeatures.HtmlHelper.RenderPartialCoreAsync(String partialViewName, Object model, ViewDataDictionary viewData, TextWriter writer)
   at Microsoft.AspNetCore.Mvc.ViewFeatures.HtmlHelper.PartialAsync(String partialViewName, Object model, ViewDataDictionary viewData)
   at AspNetCoreGeneratedDocument.Pages_Home_Index.ExecuteAsync()
   at Microsoft.AspNetCore.Mvc.Razor.RazorView.RenderPageCoreAsync(IRazorPage page, ViewContext context)
   at Microsoft.AspNetCore.Mvc.Razor.RazorView.RenderPageAsync(IRazorPage page, ViewContext context, Boolean invokeViewStarts)
   at Microsoft.AspNetCore.Mvc.Razor.RazorView.RenderAsync(ViewContext context)
   at Microsoft.AspNetCore.Mvc.ViewFeatures.ViewExecutor.ExecuteAsync(ViewContext viewContext, String contentType, Nullable`1 statusCode)
   at Microsoft.AspNetCore.Mvc.ViewFeatures.ViewExecutor.ExecuteAsync(ViewContext viewContext, String contentType, Nullable`1 statusCode)
   at Microsoft.AspNetCore.Mvc.Infrastructure.ResourceInvoker.<InvokeNextResultFilterAsync>g__Awaited|30_0[TFilter,TFilterAsync](ResourceInvoker invoker, Task lastTask, State next, Scope scope, Object state, Boolean isCompleted)
   at Microsoft.AspNetCore.Mvc.Infrastructure.ResourceInvoker.Rethrow(ResultExecutedContextSealed context)
   at Microsoft.AspNetCore.Mvc.Infrastructure.ResourceInvoker.ResultNext[TFilter,TFilterAsync](State& next, Scope& scope, Object& state, Boolean& isCompleted)
   at Microsoft.AspNetCore.Mvc.Infrastructure.ResourceInvoker.<InvokeResultFilters>g__Awaited|28_0(ResourceInvoker invoker, Task lastTask, State next, Scope scope, Object state, Boolean isCompleted)
   at Microsoft.AspNetCore.Mvc.Infrastructure.ResourceInvoker.<InvokeNextResourceFilter>g__Awaited|25_0(ResourceInvoker invoker, Task lastTask, State next, Scope scope, Object state, Boolean isCompleted)
   at Microsoft.AspNetCore.Mvc.Infrastructure.ResourceInvoker.Rethrow(ResourceExecutedContextSealed context)
   at Microsoft.AspNetCore.Mvc.Infrastructure.ResourceInvoker.Next(State& next, Scope& scope, Object& state, Boolean& isCompleted)
   at Microsoft.AspNetCore.Mvc.Infrastructure.ResourceInvoker.<InvokeFilterPipelineAsync>g__Awaited|20_0(ResourceInvoker invoker, Task lastTask, State next, Scope scope, Object state, Boolean isCompleted)
   at Microsoft.AspNetCore.Mvc.Infrastructure.ResourceInvoker.<InvokeAsync>g__Awaited|17_0(ResourceInvoker invoker, Task task, IDisposable scope)
   at Microsoft.AspNetCore.Mvc.Infrastructure.ResourceInvoker.<InvokeAsync>g__Awaited|17_0(ResourceInvoker invoker, Task task, IDisposable scope)
   at Swashbuckle.AspNetCore.SwaggerUI.SwaggerUIMiddleware.Invoke(HttpContext httpContext)
   at Swashbuckle.AspNetCore.Swagger.SwaggerMiddleware.Invoke(HttpContext httpContext, ISwaggerProvider swaggerProvider)
   at SixLabors.ImageSharp.Web.Middleware.ImageSharpMiddleware.Invoke(HttpContext httpContext, Boolean retry)
   at OrchardCore.Media.Services.SecureMediaMiddleware.Invoke(HttpContext context, IAuthorizationService authorizationService, IAuthenticationService authenticationService)
   at Microsoft.AspNetCore.Authorization.AuthorizationMiddleware.Invoke(HttpContext context)
   at OrchardCore.Liquid.ScriptsMiddleware.Invoke(HttpContext httpContext)
   at Microsoft.AspNetCore.Authentication.AuthenticationMiddleware.Invoke(HttpContext context)
   at OrchardCore.Diagnostics.DiagnosticsStartupFilter.<>c__DisplayClass3_0.<<Configure>b__1>d.MoveNext()
--- End of stack trace from previous location ---
   at Microsoft.AspNetCore.Diagnostics.StatusCodePagesMiddleware.Invoke(HttpContext context)
   at OrchardCore.ContentPreview.PreviewStartupFilter.<>c.<<Configure>b__0_1>d.MoveNext()
--- End of stack trace from previous location ---
   at OrchardCore.Users.Services.ExternalAuthenticationsStartupFilter.<>c.<<Configure>b__0_1>d.MoveNext()
--- End of stack trace from previous location ---
   at OrchardCore.Modules.ModularTenantRouterMiddleware.Invoke(HttpContext httpContext)
   at OrchardCore.Modules.ModularTenantContainerMiddleware.<>c__DisplayClass4_0.<<Invoke>b__0>d.MoveNext()
--- End of stack trace from previous location ---
   at OrchardCore.Environment.Shell.Scope.ShellScope.UsingAsync(Func`2 execute, Boolean activateShell)
   at OrchardCore.Environment.Shell.Scope.ShellScope.UsingAsync(Func`2 execute, Boolean activateShell)
   at OrchardCore.Environment.Shell.Scope.ShellScope.UsingAsync(Func`2 execute, Boolean activateShell)
   at OrchardCore.Environment.Shell.Scope.ShellScope.UsingAsync(Func`2 execute, Boolean activateShell)
   at OrchardCore.Environment.Shell.Scope.ShellScope.UsingAsync(Func`2 execute, Boolean activateShell)
   at OrchardCore.Modules.ModularTenantContainerMiddleware.Invoke(HttpContext httpContext)
   at Microsoft.AspNetCore.Authentication.AuthenticationMiddleware.Invoke(HttpContext context)
   at Microsoft.AspNetCore.Diagnostics.DeveloperExceptionPageMiddlewareImpl.Invoke(HttpContext context)    at Microsoft.AspNetCore.Mvc.ViewFeatures.ViewDataDictionary.EnsureCompatible(Object value)
   at lambda_method90(Closure, ViewDataDictionary)
   at Microsoft.AspNetCore.Mvc.Razor.RazorPagePropertyActivator.Activate(Object page, ViewContext context)
   at Microsoft.AspNetCore.Mvc.Razor.RazorView.RenderPageCoreAsync(IRazorPage page, ViewContext context)
   at Microsoft.AspNetCore.Mvc.Razor.RazorView.RenderPageAsync(IRazorPage page, ViewContext context, Boolean invokeViewStarts)
   at Microsoft.AspNetCore.Mvc.Razor.RazorView.RenderAsync(ViewContext context)
   at Microsoft.AspNetCore.Mvc.ViewFeatures.HtmlHelper.RenderPartialCoreAsync(String partialViewName, Object model, ViewDataDictionary viewData, TextWriter writer)
   at Microsoft.AspNetCore.Mvc.ViewFeatures.HtmlHelper.PartialAsync(String partialViewName, Object model, ViewDataDictionary viewData)
   at AspNetCoreGeneratedDocument.Pages_Home_Index.ExecuteAsync()
   at Microsoft.AspNetCore.Mvc.Razor.RazorView.RenderPageCoreAsync(IRazorPage page, ViewContext context)
   at Microsoft.AspNetCore.Mvc.Razor.RazorView.RenderPageAsync(IRazorPage page, ViewContext context, Boolean invokeViewStarts)
   at Microsoft.AspNetCore.Mvc.Razor.RazorView.RenderAsync(ViewContext context)
   at Microsoft.AspNetCore.Mvc.ViewFeatures.ViewExecutor.ExecuteAsync(ViewContext viewContext, String contentType, Nullable`1 statusCode)
   at Microsoft.AspNetCore.Mvc.ViewFeatures.ViewExecutor.ExecuteAsync(ViewContext viewContext, String contentType, Nullable`1 statusCode)
   at Microsoft.AspNetCore.Mvc.Infrastructure.ResourceInvoker.<InvokeNextResultFilterAsync>g__Awaited|30_0[TFilter,TFilterAsync](ResourceInvoker invoker, Task lastTask, State next, Scope scope, Object state, Boolean isCompleted)
   at Microsoft.AspNetCore.Mvc.Infrastructure.ResourceInvoker.Rethrow(ResultExecutedContextSealed context)
   at Microsoft.AspNetCore.Mvc.Infrastructure.ResourceInvoker.ResultNext[TFilter,TFilterAsync](State& next, Scope& scope, Object& state, Boolean& isCompleted)
   at Microsoft.AspNetCore.Mvc.Infrastructure.ResourceInvoker.<InvokeResultFilters>g__Awaited|28_0(ResourceInvoker invoker, Task lastTask, State next, Scope scope, Object state, Boolean isCompleted)
   at Microsoft.AspNetCore.Mvc.Infrastructure.ResourceInvoker.<InvokeNextResourceFilter>g__Awaited|25_0(ResourceInvoker invoker, Task lastTask, State next, Scope scope, Object state, Boolean isCompleted)
   at Microsoft.AspNetCore.Mvc.Infrastructure.ResourceInvoker.Rethrow(ResourceExecutedContextSealed context)
   at Microsoft.AspNetCore.Mvc.Infrastructure.ResourceInvoker.Next(State& next, Scope& scope, Object& state, Boolean& isCompleted)
   at Microsoft.AspNetCore.Mvc.Infrastructure.ResourceInvoker.<InvokeFilterPipelineAsync>g__Awaited|20_0(ResourceInvoker invoker, Task lastTask, State next, Scope scope, Object state, Boolean isCompleted)
   at Microsoft.AspNetCore.Mvc.Infrastructure.ResourceInvoker.<InvokeAsync>g__Awaited|17_0(ResourceInvoker invoker, Task task, IDisposable scope)
   at Microsoft.AspNetCore.Mvc.Infrastructure.ResourceInvoker.<InvokeAsync>g__Awaited|17_0(ResourceInvoker invoker, Task task, IDisposable scope)
   at Swashbuckle.AspNetCore.SwaggerUI.SwaggerUIMiddleware.Invoke(HttpContext httpContext)
   at Swashbuckle.AspNetCore.Swagger.SwaggerMiddleware.Invoke(HttpContext httpContext, ISwaggerProvider swaggerProvider)
   at SixLabors.ImageSharp.Web.Middleware.ImageSharpMiddleware.Invoke(HttpContext httpContext, Boolean retry)
   at OrchardCore.Media.Services.SecureMediaMiddleware.Invoke(HttpContext context, IAuthorizationService authorizationService, IAuthenticationService authenticationService)
   at Microsoft.AspNetCore.Authorization.AuthorizationMiddleware.Invoke(HttpContext context)
   at OrchardCore.Liquid.ScriptsMiddleware.Invoke(HttpContext httpContext)
   at Microsoft.AspNetCore.Authentication.AuthenticationMiddleware.Invoke(HttpContext context)
   at OrchardCore.Diagnostics.DiagnosticsStartupFilter.<>c__DisplayClass3_0.<<Configure>b__1>d.MoveNext()
--- End of stack trace from previous location ---
   at Microsoft.AspNetCore.Diagnostics.StatusCodePagesMiddleware.Invoke(HttpContext context)
   at OrchardCore.ContentPreview.PreviewStartupFilter.<>c.<<Configure>b__0_1>d.MoveNext()
--- End of stack trace from previous location ---
   at OrchardCore.Users.Services.ExternalAuthenticationsStartupFilter.<>c.<<Configure>b__0_1>d.MoveNext()
--- End of stack trace from previous location ---
   at OrchardCore.Modules.ModularTenantRouterMiddleware.Invoke(HttpContext httpContext)
   at OrchardCore.Modules.ModularTenantContainerMiddleware.<>c__DisplayClass4_0.<<Invoke>b__0>d.MoveNext()
--- End of stack trace from previous location ---
   at OrchardCore.Environment.Shell.Scope.ShellScope.UsingAsync(Func`2 execute, Boolean activateShell)
   at OrchardCore.Environment.Shell.Scope.ShellScope.UsingAsync(Func`2 execute, Boolean activateShell)
   at OrchardCore.Environment.Shell.Scope.ShellScope.UsingAsync(Func`2 execute, Boolean activateShell)
   at OrchardCore.Environment.Shell.Scope.ShellScope.UsingAsync(Func`2 execute, Boolean activateShell)
   at OrchardCore.Environment.Shell.Scope.ShellScope.UsingAsync(Func`2 execute, Boolean activateShell)
   at OrchardCore.Modules.ModularTenantContainerMiddleware.Invoke(HttpContext httpContext)
   at Microsoft.AspNetCore.Authentication.AuthenticationMiddleware.Invoke(HttpContext context)
   at Microsoft.AspNetCore.Diagnostics.DeveloperExceptionPageMiddlewareImpl.Invoke(HttpContext context)
2026-01-11 11:42:48.8271|Default|00-d3440daf121922dbfec185eeafec5f15-8e7489747f98fd51-00|1|Microsoft.AspNetCore.Diagnostics.DeveloperExceptionPageMiddleware|ERROR|An unhandled exception has occurred while executing the request. NLog message: Exception in NLog.LayoutRenderers.ExceptionLayoutRenderer.AppendToString(): System.TypeLoadException. 
2026-01-11 11:42:48.9186|Default|00-d3440daf121922dbfec185eeafec5f15-8e7489747f98fd51-00|2|Microsoft.AspNetCore.Server.IIS.Core.IISHttpServer|ERROR|Connection ID "18230571300991009184", Request ID "400001a1-0002-fd00-b63f-84710c7967bb": An unhandled exception was thrown by the application. System.AggregateException: An error occurred while writing to logger(s). (Could not resolve type 'AspNetCoreGeneratedDocument.Pages_Widgets_Partials__ProductHighlight' in assembly 'TechVerse.Cms, Version=1.0.0.0, Culture=neutral, PublicKeyToken=null'.) (Could not resolve type 'AspNetCoreGeneratedDocument.Pages_Widgets_Partials__ProductHighlight' in assembly 'TechVerse.Cms, Version=1.0.0.0, Culture=neutral, PublicKeyToken=null'.) (Could not resolve type 'AspNetCoreGeneratedDocument.Pages_Widgets_Partials__ProductHighlight' in assembly 'TechVerse.Cms, Version=1.0.0.0, Culture=neutral, PublicKeyToken=null'.)
 ---> System.TypeLoadException: Could not resolve type 'AspNetCoreGeneratedDocument.Pages_Widgets_Partials__ProductHighlight' in assembly 'TechVerse.Cms, Version=1.0.0.0, Culture=neutral, PublicKeyToken=null'.
   at System.Reflection.TypeNameParser.GetTypeFromDefaultAssemblies(String typeName, ReadOnlySpan`1 nestedTypeNames)
   at System.Reflection.TypeNameParser.GetType(String typeName, ReadOnlySpan`1 nestedTypeNames, String assemblyNameIfAny)
   at System.Reflection.TypeNameParser.NestedNamespaceTypeName.ResolveType(TypeNameParser& parser, String containingAssemblyIfAny)
   at System.Reflection.TypeNameParser.GetTypeHelper(Char* pTypeName, RuntimeAssembly requestingAssembly, Boolean throwOnError, Boolean requireAssemblyQualifiedName)
   at System.Reflection.CustomAttribute._CreateCaObject(RuntimeModule pModule, RuntimeType type, IRuntimeMethodInfo pCtor, Byte** ppBlob, Byte* pEndBlob, Int32* pcNamedArgs)
   at System.Reflection.CustomAttribute.AddCustomAttributes(ListBuilder`1& attributes, RuntimeModule decoratedModule, Int32 decoratedMetadataToken, RuntimeType attributeFilterType, Boolean mustBeInheritable, ListBuilder`1 derivedAttributes)
   at System.Reflection.CustomAttribute.GetCustomAttributes(RuntimeModule decoratedModule, Int32 decoratedMetadataToken, Int32 pcaCount, RuntimeType attributeFilterType)
   at System.Reflection.CustomAttribute.GetCustomAttributes(RuntimeMethodInfo method, RuntimeType caType, Boolean inherit)
   at System.Attribute.GetCustomAttributes(MemberInfo element, Type attributeType, Boolean inherit)
   at System.Diagnostics.StackTrace.TryResolveStateMachineMethod(MethodBase& method, Type& declaringType)
   at System.Diagnostics.StackTrace.ToString(TraceFormat traceFormat, StringBuilder sb)
   at System.Diagnostics.StackTrace.ToString(TraceFormat traceFormat)
   at System.Exception.get_StackTrace()
   at System.Exception.ToString()
   at Microsoft.Extensions.Logging.Console.SimpleConsoleFormatter.CreateDefaultLogMessage[TState](TextWriter textWriter, LogEntry`1& logEntry, String message, IExternalScopeProvider scopeProvider)
   at Microsoft.Extensions.Logging.Console.SimpleConsoleFormatter.Write[TState](LogEntry`1& logEntry, IExternalScopeProvider scopeProvider, TextWriter textWriter)
   at Microsoft.Extensions.Logging.Console.ConsoleLogger.Log[TState](LogLevel logLevel, EventId eventId, TState state, Exception exception, Func`3 formatter)
   at Microsoft.Extensions.Logging.Logger.<Log>g__LoggerLog|14_0[TState](LogLevel logLevel, EventId eventId, ILogger logger, Exception exception, Func`3 formatter, List`1& exceptions, TState& state)
   --- End of inner exception stack trace ---
 ---> (Inner Exception #1) System.TypeLoadException: Could not resolve type 'AspNetCoreGeneratedDocument.Pages_Widgets_Partials__ProductHighlight' in assembly 'TechVerse.Cms, Version=1.0.0.0, Culture=neutral, PublicKeyToken=null'.
   at System.Reflection.TypeNameParser.GetTypeFromDefaultAssemblies(String typeName, ReadOnlySpan`1 nestedTypeNames)
   at System.Reflection.TypeNameParser.GetType(String typeName, ReadOnlySpan`1 nestedTypeNames, String assemblyNameIfAny)
   at System.Reflection.TypeNameParser.NestedNamespaceTypeName.ResolveType(TypeNameParser& parser, String containingAssemblyIfAny)
   at System.Reflection.TypeNameParser.GetTypeHelper(Char* pTypeName, RuntimeAssembly requestingAssembly, Boolean throwOnError, Boolean requireAssemblyQualifiedName)
   at System.Reflection.CustomAttribute._CreateCaObject(RuntimeModule pModule, RuntimeType type, IRuntimeMethodInfo pCtor, Byte** ppBlob, Byte* pEndBlob, Int32* pcNamedArgs)
   at System.Reflection.CustomAttribute.AddCustomAttributes(ListBuilder`1& attributes, RuntimeModule decoratedModule, Int32 decoratedMetadataToken, RuntimeType attributeFilterType, Boolean mustBeInheritable, ListBuilder`1 derivedAttributes)
   at System.Reflection.CustomAttribute.GetCustomAttributes(RuntimeModule decoratedModule, Int32 decoratedMetadataToken, Int32 pcaCount, RuntimeType attributeFilterType)
   at System.Reflection.CustomAttribute.GetCustomAttributes(RuntimeMethodInfo method, RuntimeType caType, Boolean inherit)
   at System.Attribute.GetCustomAttributes(MemberInfo element, Type attributeType, Boolean inherit)
   at System.Diagnostics.StackTrace.TryResolveStateMachineMethod(MethodBase& method, Type& declaringType)
   at System.Diagnostics.StackTrace.ToString(TraceFormat traceFormat, StringBuilder sb)
   at System.Diagnostics.StackTrace.ToString(TraceFormat traceFormat)
   at System.Exception.get_StackTrace()
   at System.Exception.ToString()
   at Microsoft.Extensions.Logging.Debug.DebugLogger.Log[TState](LogLevel logLevel, EventId eventId, TState state, Exception exception, Func`3 formatter)
   at Microsoft.Extensions.Logging.Logger.<Log>g__LoggerLog|14_0[TState](LogLevel logLevel, EventId eventId, ILogger logger, Exception exception, Func`3 formatter, List`1& exceptions, TState& state)<---

 ---> (Inner Exception #2) System.TypeLoadException: Could not resolve type 'AspNetCoreGeneratedDocument.Pages_Widgets_Partials__ProductHighlight' in assembly 'TechVerse.Cms, Version=1.0.0.0, Culture=neutral, PublicKeyToken=null'.
   at System.Reflection.TypeNameParser.GetTypeFromDefaultAssemblies(String typeName, ReadOnlySpan`1 nestedTypeNames)
   at System.Reflection.TypeNameParser.GetType(String typeName, ReadOnlySpan`1 nestedTypeNames, String assemblyNameIfAny)
   at System.Reflection.TypeNameParser.NestedNamespaceTypeName.ResolveType(TypeNameParser& parser, String containingAssemblyIfAny)
   at System.Reflection.TypeNameParser.GetTypeHelper(Char* pTypeName, RuntimeAssembly requestingAssembly, Boolean throwOnError, Boolean requireAssemblyQualifiedName)
   at System.Reflection.CustomAttribute._CreateCaObject(RuntimeModule pModule, RuntimeType type, IRuntimeMethodInfo pCtor, Byte** ppBlob, Byte* pEndBlob, Int32* pcNamedArgs)
   at System.Reflection.CustomAttribute.AddCustomAttributes(ListBuilder`1& attributes, RuntimeModule decoratedModule, Int32 decoratedMetadataToken, RuntimeType attributeFilterType, Boolean mustBeInheritable, ListBuilder`1 derivedAttributes)
   at System.Reflection.CustomAttribute.GetCustomAttributes(RuntimeModule decoratedModule, Int32 decoratedMetadataToken, Int32 pcaCount, RuntimeType attributeFilterType)
   at System.Reflection.CustomAttribute.GetCustomAttributes(RuntimeMethodInfo method, RuntimeType caType, Boolean inherit)
   at System.Attribute.GetCustomAttributes(MemberInfo element, Type attributeType, Boolean inherit)
   at System.Diagnostics.StackTrace.TryResolveStateMachineMethod(MethodBase& method, Type& declaringType)
   at System.Diagnostics.StackTrace.ToString(TraceFormat traceFormat, StringBuilder sb)
   at System.Diagnostics.StackTrace.ToString(TraceFormat traceFormat)
   at System.Exception.get_StackTrace()
   at System.Exception.ToString()
   at System.Text.StringBuilder.Append(Object value)
   at Microsoft.Extensions.Logging.EventLog.EventLogLogger.Log[TState](LogLevel logLevel, EventId eventId, TState state, Exception exception, Func`3 formatter)
   at Microsoft.Extensions.Logging.Logger.<Log>g__LoggerLog|14_0[TState](LogLevel logLevel, EventId eventId, ILogger logger, Exception exception, Func`3 formatter, List`1& exceptions, TState& state)<---

2026-01-11 11:43:14.9094||||Microsoft.Hosting.Lifetime|INFO|Application started. Press Ctrl+C to shut down. 
2026-01-11 11:43:14.9569||||Microsoft.Hosting.Lifetime|INFO|Hosting environment: Development 
2026-01-11 11:43:14.9569||||Microsoft.Hosting.Lifetime|INFO|Content root path: C:\Users\Wanwi\OneDrive\Desktop\TechVerse\TechVerse.Cms 
2026-01-11 11:43:27.1497|Default|00-0d35d097e26251a214528dae8254af43-d90aa019ad1147c1-00|1|Microsoft.AspNetCore.Diagnostics.DeveloperExceptionPageMiddleware|ERROR|An unhandled exception has occurred while executing the request. Microsoft.CSharp.RuntimeBinder.RuntimeBinderException: Cannot implicitly convert type 'System.Text.Json.Dynamic.JsonDynamicArray' to 'string'
   at CallSite.Target(Closure, CallSite, Object)
   at System.Dynamic.UpdateDelegates.UpdateAndExecute1[T0,TRet](CallSite site, T0 arg0)
   at AspNetCoreGeneratedDocument.Pages_Widgets_Partials__ProductHighlight.ExecuteAsync() in C:\Users\Wanwi\OneDrive\Desktop\TechVerse\TechVerse.Cms\Pages\Widgets\Partials\_ProductHighlight.cshtml:line 42
   at Microsoft.AspNetCore.Mvc.Razor.RazorView.RenderPageCoreAsync(IRazorPage page, ViewContext context)
   at Microsoft.AspNetCore.Mvc.Razor.RazorView.RenderPageAsync(IRazorPage page, ViewContext context, Boolean invokeViewStarts)
   at Microsoft.AspNetCore.Mvc.Razor.RazorView.RenderAsync(ViewContext context)
   at Microsoft.AspNetCore.Mvc.ViewFeatures.HtmlHelper.RenderPartialCoreAsync(String partialViewName, Object model, ViewDataDictionary viewData, TextWriter writer)
   at Microsoft.AspNetCore.Mvc.ViewFeatures.HtmlHelper.PartialAsync(String partialViewName, Object model, ViewDataDictionary viewData)
   at AspNetCoreGeneratedDocument.Pages_Home_Index.ExecuteAsync() in C:\Users\Wanwi\OneDrive\Desktop\TechVerse\TechVerse.Cms\Pages\Home\Index.cshtml:line 32
   at Microsoft.AspNetCore.Mvc.Razor.RazorView.RenderPageCoreAsync(IRazorPage page, ViewContext context)
   at Microsoft.AspNetCore.Mvc.Razor.RazorView.RenderPageAsync(IRazorPage page, ViewContext context, Boolean invokeViewStarts)
   at Microsoft.AspNetCore.Mvc.Razor.RazorView.RenderAsync(ViewContext context)
   at Microsoft.AspNetCore.Mvc.ViewFeatures.ViewExecutor.ExecuteAsync(ViewContext viewContext, String contentType, Nullable`1 statusCode)
   at Microsoft.AspNetCore.Mvc.ViewFeatures.ViewExecutor.ExecuteAsync(ViewContext viewContext, String contentType, Nullable`1 statusCode)
   at Microsoft.AspNetCore.Mvc.Infrastructure.ResourceInvoker.<InvokeNextResultFilterAsync>g__Awaited|30_0[TFilter,TFilterAsync](ResourceInvoker invoker, Task lastTask, State next, Scope scope, Object state, Boolean isCompleted)
   at Microsoft.AspNetCore.Mvc.Infrastructure.ResourceInvoker.Rethrow(ResultExecutedContextSealed context)
   at Microsoft.AspNetCore.Mvc.Infrastructure.ResourceInvoker.ResultNext[TFilter,TFilterAsync](State& next, Scope& scope, Object& state, Boolean& isCompleted)
   at Microsoft.AspNetCore.Mvc.Infrastructure.ResourceInvoker.<InvokeResultFilters>g__Awaited|28_0(ResourceInvoker invoker, Task lastTask, State next, Scope scope, Object state, Boolean isCompleted)
   at Microsoft.AspNetCore.Mvc.Infrastructure.ResourceInvoker.<InvokeNextResourceFilter>g__Awaited|25_0(ResourceInvoker invoker, Task lastTask, State next, Scope scope, Object state, Boolean isCompleted)
   at Microsoft.AspNetCore.Mvc.Infrastructure.ResourceInvoker.Rethrow(ResourceExecutedContextSealed context)
   at Microsoft.AspNetCore.Mvc.Infrastructure.ResourceInvoker.Next(State& next, Scope& scope, Object& state, Boolean& isCompleted)
   at Microsoft.AspNetCore.Mvc.Infrastructure.ResourceInvoker.<InvokeFilterPipelineAsync>g__Awaited|20_0(ResourceInvoker invoker, Task lastTask, State next, Scope scope, Object state, Boolean isCompleted)
   at Microsoft.AspNetCore.Mvc.Infrastructure.ResourceInvoker.<InvokeAsync>g__Awaited|17_0(ResourceInvoker invoker, Task task, IDisposable scope)
   at Microsoft.AspNetCore.Mvc.Infrastructure.ResourceInvoker.<InvokeAsync>g__Awaited|17_0(ResourceInvoker invoker, Task task, IDisposable scope)
   at Swashbuckle.AspNetCore.SwaggerUI.SwaggerUIMiddleware.Invoke(HttpContext httpContext)
   at Swashbuckle.AspNetCore.Swagger.SwaggerMiddleware.Invoke(HttpContext httpContext, ISwaggerProvider swaggerProvider)
   at SixLabors.ImageSharp.Web.Middleware.ImageSharpMiddleware.Invoke(HttpContext httpContext, Boolean retry)
   at OrchardCore.Media.Services.SecureMediaMiddleware.Invoke(HttpContext context, IAuthorizationService authorizationService, IAuthenticationService authenticationService)
   at Microsoft.AspNetCore.Authorization.AuthorizationMiddleware.Invoke(HttpContext context)
   at OrchardCore.Liquid.ScriptsMiddleware.Invoke(HttpContext httpContext)
   at Microsoft.AspNetCore.Authentication.AuthenticationMiddleware.Invoke(HttpContext context)
   at OrchardCore.Diagnostics.DiagnosticsStartupFilter.<>c__DisplayClass3_0.<<Configure>b__1>d.MoveNext()
--- End of stack trace from previous location ---
   at Microsoft.AspNetCore.Diagnostics.StatusCodePagesMiddleware.Invoke(HttpContext context)
   at OrchardCore.ContentPreview.PreviewStartupFilter.<>c.<<Configure>b__0_1>d.MoveNext()
--- End of stack trace from previous location ---
   at OrchardCore.Users.Services.ExternalAuthenticationsStartupFilter.<>c.<<Configure>b__0_1>d.MoveNext()
--- End of stack trace from previous location ---
   at OrchardCore.Modules.ModularTenantRouterMiddleware.Invoke(HttpContext httpContext)
   at OrchardCore.Modules.ModularTenantContainerMiddleware.<>c__DisplayClass4_0.<<Invoke>b__0>d.MoveNext()
--- End of stack trace from previous location ---
   at OrchardCore.Environment.Shell.Scope.ShellScope.UsingAsync(Func`2 execute, Boolean activateShell)
   at OrchardCore.Environment.Shell.Scope.ShellScope.UsingAsync(Func`2 execute, Boolean activateShell)
   at OrchardCore.Environment.Shell.Scope.ShellScope.UsingAsync(Func`2 execute, Boolean activateShell)
   at OrchardCore.Environment.Shell.Scope.ShellScope.UsingAsync(Func`2 execute, Boolean activateShell)
   at OrchardCore.Environment.Shell.Scope.ShellScope.UsingAsync(Func`2 execute, Boolean activateShell)
   at OrchardCore.Modules.ModularTenantContainerMiddleware.Invoke(HttpContext httpContext)
   at Microsoft.AspNetCore.Authentication.AuthenticationMiddleware.Invoke(HttpContext context)
   at Microsoft.AspNetCore.Diagnostics.DeveloperExceptionPageMiddlewareImpl.Invoke(HttpContext context)    at CallSite.Target(Closure, CallSite, Object)
   at System.Dynamic.UpdateDelegates.UpdateAndExecute1[T0,TRet](CallSite site, T0 arg0)
   at AspNetCoreGeneratedDocument.Pages_Widgets_Partials__ProductHighlight.ExecuteAsync() in C:\Users\Wanwi\OneDrive\Desktop\TechVerse\TechVerse.Cms\Pages\Widgets\Partials\_ProductHighlight.cshtml:line 42
   at Microsoft.AspNetCore.Mvc.Razor.RazorView.RenderPageCoreAsync(IRazorPage page, ViewContext context)
   at Microsoft.AspNetCore.Mvc.Razor.RazorView.RenderPageAsync(IRazorPage page, ViewContext context, Boolean invokeViewStarts)
   at Microsoft.AspNetCore.Mvc.Razor.RazorView.RenderAsync(ViewContext context)
   at Microsoft.AspNetCore.Mvc.ViewFeatures.HtmlHelper.RenderPartialCoreAsync(String partialViewName, Object model, ViewDataDictionary viewData, TextWriter writer)
   at Microsoft.AspNetCore.Mvc.ViewFeatures.HtmlHelper.PartialAsync(String partialViewName, Object model, ViewDataDictionary viewData)
   at AspNetCoreGeneratedDocument.Pages_Home_Index.ExecuteAsync() in C:\Users\Wanwi\OneDrive\Desktop\TechVerse\TechVerse.Cms\Pages\Home\Index.cshtml:line 32
   at Microsoft.AspNetCore.Mvc.Razor.RazorView.RenderPageCoreAsync(IRazorPage page, ViewContext context)
   at Microsoft.AspNetCore.Mvc.Razor.RazorView.RenderPageAsync(IRazorPage page, ViewContext context, Boolean invokeViewStarts)
   at Microsoft.AspNetCore.Mvc.Razor.RazorView.RenderAsync(ViewContext context)
   at Microsoft.AspNetCore.Mvc.ViewFeatures.ViewExecutor.ExecuteAsync(ViewContext viewContext, String contentType, Nullable`1 statusCode)
   at Microsoft.AspNetCore.Mvc.ViewFeatures.ViewExecutor.ExecuteAsync(ViewContext viewContext, String contentType, Nullable`1 statusCode)
   at Microsoft.AspNetCore.Mvc.Infrastructure.ResourceInvoker.<InvokeNextResultFilterAsync>g__Awaited|30_0[TFilter,TFilterAsync](ResourceInvoker invoker, Task lastTask, State next, Scope scope, Object state, Boolean isCompleted)
   at Microsoft.AspNetCore.Mvc.Infrastructure.ResourceInvoker.Rethrow(ResultExecutedContextSealed context)
   at Microsoft.AspNetCore.Mvc.Infrastructure.ResourceInvoker.ResultNext[TFilter,TFilterAsync](State& next, Scope& scope, Object& state, Boolean& isCompleted)
   at Microsoft.AspNetCore.Mvc.Infrastructure.ResourceInvoker.<InvokeResultFilters>g__Awaited|28_0(ResourceInvoker invoker, Task lastTask, State next, Scope scope, Object state, Boolean isCompleted)
   at Microsoft.AspNetCore.Mvc.Infrastructure.ResourceInvoker.<InvokeNextResourceFilter>g__Awaited|25_0(ResourceInvoker invoker, Task lastTask, State next, Scope scope, Object state, Boolean isCompleted)
   at Microsoft.AspNetCore.Mvc.Infrastructure.ResourceInvoker.Rethrow(ResourceExecutedContextSealed context)
   at Microsoft.AspNetCore.Mvc.Infrastructure.ResourceInvoker.Next(State& next, Scope& scope, Object& state, Boolean& isCompleted)
   at Microsoft.AspNetCore.Mvc.Infrastructure.ResourceInvoker.<InvokeFilterPipelineAsync>g__Awaited|20_0(ResourceInvoker invoker, Task lastTask, State next, Scope scope, Object state, Boolean isCompleted)
   at Microsoft.AspNetCore.Mvc.Infrastructure.ResourceInvoker.<InvokeAsync>g__Awaited|17_0(ResourceInvoker invoker, Task task, IDisposable scope)
   at Microsoft.AspNetCore.Mvc.Infrastructure.ResourceInvoker.<InvokeAsync>g__Awaited|17_0(ResourceInvoker invoker, Task task, IDisposable scope)
   at Swashbuckle.AspNetCore.SwaggerUI.SwaggerUIMiddleware.Invoke(HttpContext httpContext)
   at Swashbuckle.AspNetCore.Swagger.SwaggerMiddleware.Invoke(HttpContext httpContext, ISwaggerProvider swaggerProvider)
   at SixLabors.ImageSharp.Web.Middleware.ImageSharpMiddleware.Invoke(HttpContext httpContext, Boolean retry)
   at OrchardCore.Media.Services.SecureMediaMiddleware.Invoke(HttpContext context, IAuthorizationService authorizationService, IAuthenticationService authenticationService)
   at Microsoft.AspNetCore.Authorization.AuthorizationMiddleware.Invoke(HttpContext context)
   at OrchardCore.Liquid.ScriptsMiddleware.Invoke(HttpContext httpContext)
   at Microsoft.AspNetCore.Authentication.AuthenticationMiddleware.Invoke(HttpContext context)
   at OrchardCore.Diagnostics.DiagnosticsStartupFilter.<>c__DisplayClass3_0.<<Configure>b__1>d.MoveNext()
--- End of stack trace from previous location ---
   at Microsoft.AspNetCore.Diagnostics.StatusCodePagesMiddleware.Invoke(HttpContext context)
   at OrchardCore.ContentPreview.PreviewStartupFilter.<>c.<<Configure>b__0_1>d.MoveNext()
--- End of stack trace from previous location ---
   at OrchardCore.Users.Services.ExternalAuthenticationsStartupFilter.<>c.<<Configure>b__0_1>d.MoveNext()
--- End of stack trace from previous location ---
   at OrchardCore.Modules.ModularTenantRouterMiddleware.Invoke(HttpContext httpContext)
   at OrchardCore.Modules.ModularTenantContainerMiddleware.<>c__DisplayClass4_0.<<Invoke>b__0>d.MoveNext()
--- End of stack trace from previous location ---
   at OrchardCore.Environment.Shell.Scope.ShellScope.UsingAsync(Func`2 execute, Boolean activateShell)
   at OrchardCore.Environment.Shell.Scope.ShellScope.UsingAsync(Func`2 execute, Boolean activateShell)
   at OrchardCore.Environment.Shell.Scope.ShellScope.UsingAsync(Func`2 execute, Boolean activateShell)
   at OrchardCore.Environment.Shell.Scope.ShellScope.UsingAsync(Func`2 execute, Boolean activateShell)
   at OrchardCore.Environment.Shell.Scope.ShellScope.UsingAsync(Func`2 execute, Boolean activateShell)
   at OrchardCore.Modules.ModularTenantContainerMiddleware.Invoke(HttpContext httpContext)
   at Microsoft.AspNetCore.Authentication.AuthenticationMiddleware.Invoke(HttpContext context)
   at Microsoft.AspNetCore.Diagnostics.DeveloperExceptionPageMiddlewareImpl.Invoke(HttpContext context)
2026-01-11 11:45:31.1945|Default|00-abee5a8c52e0f108b21388db7e97316d-e0545b411fa92e09-00|1|Microsoft.AspNetCore.Diagnostics.DeveloperExceptionPageMiddleware|ERROR|An unhandled exception has occurred while executing the request. Microsoft.CSharp.RuntimeBinder.RuntimeBinderException: Cannot implicitly convert type 'System.Text.Json.Dynamic.JsonDynamicArray' to 'string'
   at CallSite.Target(Closure, CallSite, Object)
   at AspNetCoreGeneratedDocument.Pages_Widgets_Partials__ProductHighlight.ExecuteAsync()
   at Microsoft.AspNetCore.Mvc.Razor.RazorView.RenderPageCoreAsync(IRazorPage page, ViewContext context)
   at Microsoft.AspNetCore.Mvc.Razor.RazorView.RenderPageAsync(IRazorPage page, ViewContext context, Boolean invokeViewStarts)
   at Microsoft.AspNetCore.Mvc.Razor.RazorView.RenderAsync(ViewContext context)
   at Microsoft.AspNetCore.Mvc.ViewFeatures.HtmlHelper.RenderPartialCoreAsync(String partialViewName, Object model, ViewDataDictionary viewData, TextWriter writer)
   at Microsoft.AspNetCore.Mvc.ViewFeatures.HtmlHelper.PartialAsync(String partialViewName, Object model, ViewDataDictionary viewData)
   at AspNetCoreGeneratedDocument.Pages_Home_Index.ExecuteAsync()
   at Microsoft.AspNetCore.Mvc.Razor.RazorView.RenderPageCoreAsync(IRazorPage page, ViewContext context)
   at Microsoft.AspNetCore.Mvc.Razor.RazorView.RenderPageAsync(IRazorPage page, ViewContext context, Boolean invokeViewStarts)
   at Microsoft.AspNetCore.Mvc.Razor.RazorView.RenderAsync(ViewContext context)
   at Microsoft.AspNetCore.Mvc.ViewFeatures.ViewExecutor.ExecuteAsync(ViewContext viewContext, String contentType, Nullable`1 statusCode)
   at Microsoft.AspNetCore.Mvc.ViewFeatures.ViewExecutor.ExecuteAsync(ViewContext viewContext, String contentType, Nullable`1 statusCode)
   at Microsoft.AspNetCore.Mvc.Infrastructure.ResourceInvoker.<InvokeNextResultFilterAsync>g__Awaited|30_0[TFilter,TFilterAsync](ResourceInvoker invoker, Task lastTask, State next, Scope scope, Object state, Boolean isCompleted)
   at Microsoft.AspNetCore.Mvc.Infrastructure.ResourceInvoker.Rethrow(ResultExecutedContextSealed context)
   at Microsoft.AspNetCore.Mvc.Infrastructure.ResourceInvoker.ResultNext[TFilter,TFilterAsync](State& next, Scope& scope, Object& state, Boolean& isCompleted)
   at Microsoft.AspNetCore.Mvc.Infrastructure.ResourceInvoker.<InvokeResultFilters>g__Awaited|28_0(ResourceInvoker invoker, Task lastTask, State next, Scope scope, Object state, Boolean isCompleted)
   at Microsoft.AspNetCore.Mvc.Infrastructure.ResourceInvoker.<InvokeNextResourceFilter>g__Awaited|25_0(ResourceInvoker invoker, Task lastTask, State next, Scope scope, Object state, Boolean isCompleted)
   at Microsoft.AspNetCore.Mvc.Infrastructure.ResourceInvoker.Rethrow(ResourceExecutedContextSealed context)
   at Microsoft.AspNetCore.Mvc.Infrastructure.ResourceInvoker.Next(State& next, Scope& scope, Object& state, Boolean& isCompleted)
   at Microsoft.AspNetCore.Mvc.Infrastructure.ResourceInvoker.<InvokeFilterPipelineAsync>g__Awaited|20_0(ResourceInvoker invoker, Task lastTask, State next, Scope scope, Object state, Boolean isCompleted)
   at Microsoft.AspNetCore.Mvc.Infrastructure.ResourceInvoker.<InvokeAsync>g__Awaited|17_0(ResourceInvoker invoker, Task task, IDisposable scope)
   at Microsoft.AspNetCore.Mvc.Infrastructure.ResourceInvoker.<InvokeAsync>g__Awaited|17_0(ResourceInvoker invoker, Task task, IDisposable scope)
   at Swashbuckle.AspNetCore.SwaggerUI.SwaggerUIMiddleware.Invoke(HttpContext httpContext)
   at Swashbuckle.AspNetCore.Swagger.SwaggerMiddleware.Invoke(HttpContext httpContext, ISwaggerProvider swaggerProvider)
   at SixLabors.ImageSharp.Web.Middleware.ImageSharpMiddleware.Invoke(HttpContext httpContext, Boolean retry)
   at OrchardCore.Media.Services.SecureMediaMiddleware.Invoke(HttpContext context, IAuthorizationService authorizationService, IAuthenticationService authenticationService)
   at Microsoft.AspNetCore.Authorization.AuthorizationMiddleware.Invoke(HttpContext context)
   at OrchardCore.Liquid.ScriptsMiddleware.Invoke(HttpContext httpContext)
   at Microsoft.AspNetCore.Authentication.AuthenticationMiddleware.Invoke(HttpContext context)
   at OrchardCore.Diagnostics.DiagnosticsStartupFilter.<>c__DisplayClass3_0.<<Configure>b__1>d.MoveNext()
--- End of stack trace from previous location ---
   at Microsoft.AspNetCore.Diagnostics.StatusCodePagesMiddleware.Invoke(HttpContext context)
   at OrchardCore.ContentPreview.PreviewStartupFilter.<>c.<<Configure>b__0_1>d.MoveNext()
--- End of stack trace from previous location ---
   at OrchardCore.Users.Services.ExternalAuthenticationsStartupFilter.<>c.<<Configure>b__0_1>d.MoveNext()
--- End of stack trace from previous location ---
   at OrchardCore.Modules.ModularTenantRouterMiddleware.Invoke(HttpContext httpContext)
   at OrchardCore.Modules.ModularTenantContainerMiddleware.<>c__DisplayClass4_0.<<Invoke>b__0>d.MoveNext()
--- End of stack trace from previous location ---
   at OrchardCore.Environment.Shell.Scope.ShellScope.UsingAsync(Func`2 execute, Boolean activateShell)
   at OrchardCore.Environment.Shell.Scope.ShellScope.UsingAsync(Func`2 execute, Boolean activateShell)
   at OrchardCore.Environment.Shell.Scope.ShellScope.UsingAsync(Func`2 execute, Boolean activateShell)
   at OrchardCore.Environment.Shell.Scope.ShellScope.UsingAsync(Func`2 execute, Boolean activateShell)
   at OrchardCore.Environment.Shell.Scope.ShellScope.UsingAsync(Func`2 execute, Boolean activateShell)
   at OrchardCore.Modules.ModularTenantContainerMiddleware.Invoke(HttpContext httpContext)
   at Microsoft.AspNetCore.Authentication.AuthenticationMiddleware.Invoke(HttpContext context)
   at Microsoft.AspNetCore.Diagnostics.DeveloperExceptionPageMiddlewareImpl.Invoke(HttpContext context)    at CallSite.Target(Closure, CallSite, Object)
   at AspNetCoreGeneratedDocument.Pages_Widgets_Partials__ProductHighlight.ExecuteAsync()
   at Microsoft.AspNetCore.Mvc.Razor.RazorView.RenderPageCoreAsync(IRazorPage page, ViewContext context)
   at Microsoft.AspNetCore.Mvc.Razor.RazorView.RenderPageAsync(IRazorPage page, ViewContext context, Boolean invokeViewStarts)
   at Microsoft.AspNetCore.Mvc.Razor.RazorView.RenderAsync(ViewContext context)
   at Microsoft.AspNetCore.Mvc.ViewFeatures.HtmlHelper.RenderPartialCoreAsync(String partialViewName, Object model, ViewDataDictionary viewData, TextWriter writer)
   at Microsoft.AspNetCore.Mvc.ViewFeatures.HtmlHelper.PartialAsync(String partialViewName, Object model, ViewDataDictionary viewData)
   at AspNetCoreGeneratedDocument.Pages_Home_Index.ExecuteAsync()
   at Microsoft.AspNetCore.Mvc.Razor.RazorView.RenderPageCoreAsync(IRazorPage page, ViewContext context)
   at Microsoft.AspNetCore.Mvc.Razor.RazorView.RenderPageAsync(IRazorPage page, ViewContext context, Boolean invokeViewStarts)
   at Microsoft.AspNetCore.Mvc.Razor.RazorView.RenderAsync(ViewContext context)
   at Microsoft.AspNetCore.Mvc.ViewFeatures.ViewExecutor.ExecuteAsync(ViewContext viewContext, String contentType, Nullable`1 statusCode)
   at Microsoft.AspNetCore.Mvc.ViewFeatures.ViewExecutor.ExecuteAsync(ViewContext viewContext, String contentType, Nullable`1 statusCode)
   at Microsoft.AspNetCore.Mvc.Infrastructure.ResourceInvoker.<InvokeNextResultFilterAsync>g__Awaited|30_0[TFilter,TFilterAsync](ResourceInvoker invoker, Task lastTask, State next, Scope scope, Object state, Boolean isCompleted)
   at Microsoft.AspNetCore.Mvc.Infrastructure.ResourceInvoker.Rethrow(ResultExecutedContextSealed context)
   at Microsoft.AspNetCore.Mvc.Infrastructure.ResourceInvoker.ResultNext[TFilter,TFilterAsync](State& next, Scope& scope, Object& state, Boolean& isCompleted)
   at Microsoft.AspNetCore.Mvc.Infrastructure.ResourceInvoker.<InvokeResultFilters>g__Awaited|28_0(ResourceInvoker invoker, Task lastTask, State next, Scope scope, Object state, Boolean isCompleted)
   at Microsoft.AspNetCore.Mvc.Infrastructure.ResourceInvoker.<InvokeNextResourceFilter>g__Awaited|25_0(ResourceInvoker invoker, Task lastTask, State next, Scope scope, Object state, Boolean isCompleted)
   at Microsoft.AspNetCore.Mvc.Infrastructure.ResourceInvoker.Rethrow(ResourceExecutedContextSealed context)
   at Microsoft.AspNetCore.Mvc.Infrastructure.ResourceInvoker.Next(State& next, Scope& scope, Object& state, Boolean& isCompleted)
   at Microsoft.AspNetCore.Mvc.Infrastructure.ResourceInvoker.<InvokeFilterPipelineAsync>g__Awaited|20_0(ResourceInvoker invoker, Task lastTask, State next, Scope scope, Object state, Boolean isCompleted)
   at Microsoft.AspNetCore.Mvc.Infrastructure.ResourceInvoker.<InvokeAsync>g__Awaited|17_0(ResourceInvoker invoker, Task task, IDisposable scope)
   at Microsoft.AspNetCore.Mvc.Infrastructure.ResourceInvoker.<InvokeAsync>g__Awaited|17_0(ResourceInvoker invoker, Task task, IDisposable scope)
   at Swashbuckle.AspNetCore.SwaggerUI.SwaggerUIMiddleware.Invoke(HttpContext httpContext)
   at Swashbuckle.AspNetCore.Swagger.SwaggerMiddleware.Invoke(HttpContext httpContext, ISwaggerProvider swaggerProvider)
   at SixLabors.ImageSharp.Web.Middleware.ImageSharpMiddleware.Invoke(HttpContext httpContext, Boolean retry)
   at OrchardCore.Media.Services.SecureMediaMiddleware.Invoke(HttpContext context, IAuthorizationService authorizationService, IAuthenticationService authenticationService)
   at Microsoft.AspNetCore.Authorization.AuthorizationMiddleware.Invoke(HttpContext context)
   at OrchardCore.Liquid.ScriptsMiddleware.Invoke(HttpContext httpContext)
   at Microsoft.AspNetCore.Authentication.AuthenticationMiddleware.Invoke(HttpContext context)
   at OrchardCore.Diagnostics.DiagnosticsStartupFilter.<>c__DisplayClass3_0.<<Configure>b__1>d.MoveNext()
--- End of stack trace from previous location ---
   at Microsoft.AspNetCore.Diagnostics.StatusCodePagesMiddleware.Invoke(HttpContext context)
   at OrchardCore.ContentPreview.PreviewStartupFilter.<>c.<<Configure>b__0_1>d.MoveNext()
--- End of stack trace from previous location ---
   at OrchardCore.Users.Services.ExternalAuthenticationsStartupFilter.<>c.<<Configure>b__0_1>d.MoveNext()
--- End of stack trace from previous location ---
   at OrchardCore.Modules.ModularTenantRouterMiddleware.Invoke(HttpContext httpContext)
   at OrchardCore.Modules.ModularTenantContainerMiddleware.<>c__DisplayClass4_0.<<Invoke>b__0>d.MoveNext()
--- End of stack trace from previous location ---
   at OrchardCore.Environment.Shell.Scope.ShellScope.UsingAsync(Func`2 execute, Boolean activateShell)
   at OrchardCore.Environment.Shell.Scope.ShellScope.UsingAsync(Func`2 execute, Boolean activateShell)
   at OrchardCore.Environment.Shell.Scope.ShellScope.UsingAsync(Func`2 execute, Boolean activateShell)
   at OrchardCore.Environment.Shell.Scope.ShellScope.UsingAsync(Func`2 execute, Boolean activateShell)
   at OrchardCore.Environment.Shell.Scope.ShellScope.UsingAsync(Func`2 execute, Boolean activateShell)
   at OrchardCore.Modules.ModularTenantContainerMiddleware.Invoke(HttpContext httpContext)
   at Microsoft.AspNetCore.Authentication.AuthenticationMiddleware.Invoke(HttpContext context)
   at Microsoft.AspNetCore.Diagnostics.DeveloperExceptionPageMiddlewareImpl.Invoke(HttpContext context)
2026-01-11 11:45:33.8821|Default|00-2f321e0253167d6908f51965ab379845-6a3f1591af576b1c-00|1|Microsoft.AspNetCore.Diagnostics.DeveloperExceptionPageMiddleware|ERROR|An unhandled exception has occurred while executing the request. NLog message: Exception in NLog.LayoutRenderers.ExceptionLayoutRenderer.AppendToString(): System.TypeLoadException. 
2026-01-11 11:45:33.9977|Default|00-2f321e0253167d6908f51965ab379845-6a3f1591af576b1c-00|2|Microsoft.AspNetCore.Server.IIS.Core.IISHttpServer|ERROR|Connection ID "18086456108620185644", Request ID "4000002d-0001-fb00-b63f-84710c7967bb": An unhandled exception was thrown by the application. System.AggregateException: An error occurred while writing to logger(s). (Could not resolve type 'AspNetCoreGeneratedDocument.Pages_Widgets_Partials__ProductHighlight' in assembly 'TechVerse.Cms, Version=1.0.0.0, Culture=neutral, PublicKeyToken=null'.) (Could not resolve type 'AspNetCoreGeneratedDocument.Pages_Widgets_Partials__ProductHighlight' in assembly 'TechVerse.Cms, Version=1.0.0.0, Culture=neutral, PublicKeyToken=null'.) (Could not resolve type 'AspNetCoreGeneratedDocument.Pages_Widgets_Partials__ProductHighlight' in assembly 'TechVerse.Cms, Version=1.0.0.0, Culture=neutral, PublicKeyToken=null'.)
 ---> System.TypeLoadException: Could not resolve type 'AspNetCoreGeneratedDocument.Pages_Widgets_Partials__ProductHighlight' in assembly 'TechVerse.Cms, Version=1.0.0.0, Culture=neutral, PublicKeyToken=null'.
   at System.Reflection.TypeNameParser.GetTypeFromDefaultAssemblies(String typeName, ReadOnlySpan`1 nestedTypeNames)
   at System.Reflection.TypeNameParser.GetType(String typeName, ReadOnlySpan`1 nestedTypeNames, String assemblyNameIfAny)
   at System.Reflection.TypeNameParser.NestedNamespaceTypeName.ResolveType(TypeNameParser& parser, String containingAssemblyIfAny)
   at System.Reflection.TypeNameParser.GetTypeHelper(Char* pTypeName, RuntimeAssembly requestingAssembly, Boolean throwOnError, Boolean requireAssemblyQualifiedName)
   at System.Reflection.CustomAttribute._CreateCaObject(RuntimeModule pModule, RuntimeType type, IRuntimeMethodInfo pCtor, Byte** ppBlob, Byte* pEndBlob, Int32* pcNamedArgs)
   at System.Reflection.CustomAttribute.AddCustomAttributes(ListBuilder`1& attributes, RuntimeModule decoratedModule, Int32 decoratedMetadataToken, RuntimeType attributeFilterType, Boolean mustBeInheritable, ListBuilder`1 derivedAttributes)
   at System.Reflection.CustomAttribute.GetCustomAttributes(RuntimeModule decoratedModule, Int32 decoratedMetadataToken, Int32 pcaCount, RuntimeType attributeFilterType)
   at System.Reflection.CustomAttribute.GetCustomAttributes(RuntimeMethodInfo method, RuntimeType caType, Boolean inherit)
   at System.Attribute.GetCustomAttributes(MemberInfo element, Type attributeType, Boolean inherit)
   at System.Diagnostics.StackTrace.TryResolveStateMachineMethod(MethodBase& method, Type& declaringType)
   at System.Diagnostics.StackTrace.ToString(TraceFormat traceFormat, StringBuilder sb)
   at System.Diagnostics.StackTrace.ToString(TraceFormat traceFormat)
   at System.Exception.get_StackTrace()
   at System.Exception.ToString()
   at Microsoft.Extensions.Logging.Console.SimpleConsoleFormatter.CreateDefaultLogMessage[TState](TextWriter textWriter, LogEntry`1& logEntry, String message, IExternalScopeProvider scopeProvider)
   at Microsoft.Extensions.Logging.Console.SimpleConsoleFormatter.Write[TState](LogEntry`1& logEntry, IExternalScopeProvider scopeProvider, TextWriter textWriter)
   at Microsoft.Extensions.Logging.Console.ConsoleLogger.Log[TState](LogLevel logLevel, EventId eventId, TState state, Exception exception, Func`3 formatter)
   at Microsoft.Extensions.Logging.Logger.<Log>g__LoggerLog|14_0[TState](LogLevel logLevel, EventId eventId, ILogger logger, Exception exception, Func`3 formatter, List`1& exceptions, TState& state)
   --- End of inner exception stack trace ---
 ---> (Inner Exception #1) System.TypeLoadException: Could not resolve type 'AspNetCoreGeneratedDocument.Pages_Widgets_Partials__ProductHighlight' in assembly 'TechVerse.Cms, Version=1.0.0.0, Culture=neutral, PublicKeyToken=null'.
   at System.Reflection.TypeNameParser.GetTypeFromDefaultAssemblies(String typeName, ReadOnlySpan`1 nestedTypeNames)
   at System.Reflection.TypeNameParser.GetType(String typeName, ReadOnlySpan`1 nestedTypeNames, String assemblyNameIfAny)
   at System.Reflection.TypeNameParser.NestedNamespaceTypeName.ResolveType(TypeNameParser& parser, String containingAssemblyIfAny)
   at System.Reflection.TypeNameParser.GetTypeHelper(Char* pTypeName, RuntimeAssembly requestingAssembly, Boolean throwOnError, Boolean requireAssemblyQualifiedName)
   at System.Reflection.CustomAttribute._CreateCaObject(RuntimeModule pModule, RuntimeType type, IRuntimeMethodInfo pCtor, Byte** ppBlob, Byte* pEndBlob, Int32* pcNamedArgs)
   at System.Reflection.CustomAttribute.AddCustomAttributes(ListBuilder`1& attributes, RuntimeModule decoratedModule, Int32 decoratedMetadataToken, RuntimeType attributeFilterType, Boolean mustBeInheritable, ListBuilder`1 derivedAttributes)
   at System.Reflection.CustomAttribute.GetCustomAttributes(RuntimeModule decoratedModule, Int32 decoratedMetadataToken, Int32 pcaCount, RuntimeType attributeFilterType)
   at System.Reflection.CustomAttribute.GetCustomAttributes(RuntimeMethodInfo method, RuntimeType caType, Boolean inherit)
   at System.Attribute.GetCustomAttributes(MemberInfo element, Type attributeType, Boolean inherit)
   at System.Diagnostics.StackTrace.TryResolveStateMachineMethod(MethodBase& method, Type& declaringType)
   at System.Diagnostics.StackTrace.ToString(TraceFormat traceFormat, StringBuilder sb)
   at System.Diagnostics.StackTrace.ToString(TraceFormat traceFormat)
   at System.Exception.get_StackTrace()
   at System.Exception.ToString()
   at Microsoft.Extensions.Logging.Debug.DebugLogger.Log[TState](LogLevel logLevel, EventId eventId, TState state, Exception exception, Func`3 formatter)
   at Microsoft.Extensions.Logging.Logger.<Log>g__LoggerLog|14_0[TState](LogLevel logLevel, EventId eventId, ILogger logger, Exception exception, Func`3 formatter, List`1& exceptions, TState& state)<---

 ---> (Inner Exception #2) System.TypeLoadException: Could not resolve type 'AspNetCoreGeneratedDocument.Pages_Widgets_Partials__ProductHighlight' in assembly 'TechVerse.Cms, Version=1.0.0.0, Culture=neutral, PublicKeyToken=null'.
   at System.Reflection.TypeNameParser.GetTypeFromDefaultAssemblies(String typeName, ReadOnlySpan`1 nestedTypeNames)
   at System.Reflection.TypeNameParser.GetType(String typeName, ReadOnlySpan`1 nestedTypeNames, String assemblyNameIfAny)
   at System.Reflection.TypeNameParser.NestedNamespaceTypeName.ResolveType(TypeNameParser& parser, String containingAssemblyIfAny)
   at System.Reflection.TypeNameParser.GetTypeHelper(Char* pTypeName, RuntimeAssembly requestingAssembly, Boolean throwOnError, Boolean requireAssemblyQualifiedName)
   at System.Reflection.CustomAttribute._CreateCaObject(RuntimeModule pModule, RuntimeType type, IRuntimeMethodInfo pCtor, Byte** ppBlob, Byte* pEndBlob, Int32* pcNamedArgs)
   at System.Reflection.CustomAttribute.AddCustomAttributes(ListBuilder`1& attributes, RuntimeModule decoratedModule, Int32 decoratedMetadataToken, RuntimeType attributeFilterType, Boolean mustBeInheritable, ListBuilder`1 derivedAttributes)
   at System.Reflection.CustomAttribute.GetCustomAttributes(RuntimeModule decoratedModule, Int32 decoratedMetadataToken, Int32 pcaCount, RuntimeType attributeFilterType)
   at System.Reflection.CustomAttribute.GetCustomAttributes(RuntimeMethodInfo method, RuntimeType caType, Boolean inherit)
   at System.Attribute.GetCustomAttributes(MemberInfo element, Type attributeType, Boolean inherit)
   at System.Diagnostics.StackTrace.TryResolveStateMachineMethod(MethodBase& method, Type& declaringType)
   at System.Diagnostics.StackTrace.ToString(TraceFormat traceFormat, StringBuilder sb)
   at System.Diagnostics.StackTrace.ToString(TraceFormat traceFormat)
   at System.Exception.get_StackTrace()
   at System.Exception.ToString()
   at System.Text.StringBuilder.Append(Object value)
   at Microsoft.Extensions.Logging.EventLog.EventLogLogger.Log[TState](LogLevel logLevel, EventId eventId, TState state, Exception exception, Func`3 formatter)
   at Microsoft.Extensions.Logging.Logger.<Log>g__LoggerLog|14_0[TState](LogLevel logLevel, EventId eventId, ILogger logger, Exception exception, Func`3 formatter, List`1& exceptions, TState& state)<---

2026-01-11 11:46:27.5511|Default|00-ebfdf2d882c8e5e647865e733bebe436-0fdd47f8332d514c-00|1|Microsoft.AspNetCore.Diagnostics.DeveloperExceptionPageMiddleware|ERROR|An unhandled exception has occurred while executing the request. NLog message: Exception in NLog.LayoutRenderers.ExceptionLayoutRenderer.AppendToString(): System.TypeLoadException. 
2026-01-11 11:46:27.5931|Default|00-ebfdf2d882c8e5e647865e733bebe436-0fdd47f8332d514c-00|2|Microsoft.AspNetCore.Server.IIS.Core.IISHttpServer|ERROR|Connection ID "17582052954649657584", Request ID "400000f1-0002-f400-b63f-84710c7967bb": An unhandled exception was thrown by the application. System.AggregateException: An error occurred while writing to logger(s). (Could not resolve type 'AspNetCoreGeneratedDocument.Pages_Widgets_Partials__ProductHighlight' in assembly 'TechVerse.Cms, Version=1.0.0.0, Culture=neutral, PublicKeyToken=null'.) (Could not resolve type 'AspNetCoreGeneratedDocument.Pages_Widgets_Partials__ProductHighlight' in assembly 'TechVerse.Cms, Version=1.0.0.0, Culture=neutral, PublicKeyToken=null'.) (Could not resolve type 'AspNetCoreGeneratedDocument.Pages_Widgets_Partials__ProductHighlight' in assembly 'TechVerse.Cms, Version=1.0.0.0, Culture=neutral, PublicKeyToken=null'.)
 ---> System.TypeLoadException: Could not resolve type 'AspNetCoreGeneratedDocument.Pages_Widgets_Partials__ProductHighlight' in assembly 'TechVerse.Cms, Version=1.0.0.0, Culture=neutral, PublicKeyToken=null'.
   at System.Reflection.TypeNameParser.GetTypeFromDefaultAssemblies(String typeName, ReadOnlySpan`1 nestedTypeNames)
   at System.Reflection.TypeNameParser.GetType(String typeName, ReadOnlySpan`1 nestedTypeNames, String assemblyNameIfAny)
   at System.Reflection.TypeNameParser.NestedNamespaceTypeName.ResolveType(TypeNameParser& parser, String containingAssemblyIfAny)
   at System.Reflection.TypeNameParser.GetTypeHelper(Char* pTypeName, RuntimeAssembly requestingAssembly, Boolean throwOnError, Boolean requireAssemblyQualifiedName)
   at System.Reflection.CustomAttribute._CreateCaObject(RuntimeModule pModule, RuntimeType type, IRuntimeMethodInfo pCtor, Byte** ppBlob, Byte* pEndBlob, Int32* pcNamedArgs)
   at System.Reflection.CustomAttribute.AddCustomAttributes(ListBuilder`1& attributes, RuntimeModule decoratedModule, Int32 decoratedMetadataToken, RuntimeType attributeFilterType, Boolean mustBeInheritable, ListBuilder`1 derivedAttributes)
   at System.Reflection.CustomAttribute.GetCustomAttributes(RuntimeModule decoratedModule, Int32 decoratedMetadataToken, Int32 pcaCount, RuntimeType attributeFilterType)
   at System.Reflection.CustomAttribute.GetCustomAttributes(RuntimeMethodInfo method, RuntimeType caType, Boolean inherit)
   at System.Attribute.GetCustomAttributes(MemberInfo element, Type attributeType, Boolean inherit)
   at System.Diagnostics.StackTrace.TryResolveStateMachineMethod(MethodBase& method, Type& declaringType)
   at System.Diagnostics.StackTrace.ToString(TraceFormat traceFormat, StringBuilder sb)
   at System.Exception.get_StackTrace()
   at System.Exception.ToString()
   at Microsoft.Extensions.Logging.Console.SimpleConsoleFormatter.CreateDefaultLogMessage[TState](TextWriter textWriter, LogEntry`1& logEntry, String message, IExternalScopeProvider scopeProvider)
   at Microsoft.Extensions.Logging.Console.SimpleConsoleFormatter.Write[TState](LogEntry`1& logEntry, IExternalScopeProvider scopeProvider, TextWriter textWriter)
   at Microsoft.Extensions.Logging.Console.ConsoleLogger.Log[TState](LogLevel logLevel, EventId eventId, TState state, Exception exception, Func`3 formatter)
   at Microsoft.Extensions.Logging.Logger.<Log>g__LoggerLog|14_0[TState](LogLevel logLevel, EventId eventId, ILogger logger, Exception exception, Func`3 formatter, List`1& exceptions, TState& state)
   --- End of inner exception stack trace ---
 ---> (Inner Exception #1) System.TypeLoadException: Could not resolve type 'AspNetCoreGeneratedDocument.Pages_Widgets_Partials__ProductHighlight' in assembly 'TechVerse.Cms, Version=1.0.0.0, Culture=neutral, PublicKeyToken=null'.
   at System.Reflection.TypeNameParser.GetTypeFromDefaultAssemblies(String typeName, ReadOnlySpan`1 nestedTypeNames)
   at System.Reflection.TypeNameParser.GetType(String typeName, ReadOnlySpan`1 nestedTypeNames, String assemblyNameIfAny)
   at System.Reflection.TypeNameParser.NestedNamespaceTypeName.ResolveType(TypeNameParser& parser, String containingAssemblyIfAny)
   at System.Reflection.TypeNameParser.GetTypeHelper(Char* pTypeName, RuntimeAssembly requestingAssembly, Boolean throwOnError, Boolean requireAssemblyQualifiedName)
   at System.Reflection.CustomAttribute._CreateCaObject(RuntimeModule pModule, RuntimeType type, IRuntimeMethodInfo pCtor, Byte** ppBlob, Byte* pEndBlob, Int32* pcNamedArgs)
   at System.Reflection.CustomAttribute.AddCustomAttributes(ListBuilder`1& attributes, RuntimeModule decoratedModule, Int32 decoratedMetadataToken, RuntimeType attributeFilterType, Boolean mustBeInheritable, ListBuilder`1 derivedAttributes)
   at System.Reflection.CustomAttribute.GetCustomAttributes(RuntimeModule decoratedModule, Int32 decoratedMetadataToken, Int32 pcaCount, RuntimeType attributeFilterType)
   at System.Reflection.CustomAttribute.GetCustomAttributes(RuntimeMethodInfo method, RuntimeType caType, Boolean inherit)
   at System.Attribute.GetCustomAttributes(MemberInfo element, Type attributeType, Boolean inherit)
   at System.Diagnostics.StackTrace.TryResolveStateMachineMethod(MethodBase& method, Type& declaringType)
   at System.Diagnostics.StackTrace.ToString(TraceFormat traceFormat, StringBuilder sb)
   at System.Exception.get_StackTrace()
   at System.Exception.ToString()
   at Microsoft.Extensions.Logging.Debug.DebugLogger.Log[TState](LogLevel logLevel, EventId eventId, TState state, Exception exception, Func`3 formatter)
   at Microsoft.Extensions.Logging.Logger.<Log>g__LoggerLog|14_0[TState](LogLevel logLevel, EventId eventId, ILogger logger, Exception exception, Func`3 formatter, List`1& exceptions, TState& state)<---

 ---> (Inner Exception #2) System.TypeLoadException: Could not resolve type 'AspNetCoreGeneratedDocument.Pages_Widgets_Partials__ProductHighlight' in assembly 'TechVerse.Cms, Version=1.0.0.0, Culture=neutral, PublicKeyToken=null'.
   at System.Reflection.TypeNameParser.GetTypeFromDefaultAssemblies(String typeName, ReadOnlySpan`1 nestedTypeNames)
   at System.Reflection.TypeNameParser.GetType(String typeName, ReadOnlySpan`1 nestedTypeNames, String assemblyNameIfAny)
   at System.Reflection.TypeNameParser.NestedNamespaceTypeName.ResolveType(TypeNameParser& parser, String containingAssemblyIfAny)
   at System.Reflection.TypeNameParser.GetTypeHelper(Char* pTypeName, RuntimeAssembly requestingAssembly, Boolean throwOnError, Boolean requireAssemblyQualifiedName)
   at System.Reflection.CustomAttribute._CreateCaObject(RuntimeModule pModule, RuntimeType type, IRuntimeMethodInfo pCtor, Byte** ppBlob, Byte* pEndBlob, Int32* pcNamedArgs)
   at System.Reflection.CustomAttribute.AddCustomAttributes(ListBuilder`1& attributes, RuntimeModule decoratedModule, Int32 decoratedMetadataToken, RuntimeType attributeFilterType, Boolean mustBeInheritable, ListBuilder`1 derivedAttributes)
   at System.Reflection.CustomAttribute.GetCustomAttributes(RuntimeModule decoratedModule, Int32 decoratedMetadataToken, Int32 pcaCount, RuntimeType attributeFilterType)
   at System.Reflection.CustomAttribute.GetCustomAttributes(RuntimeMethodInfo method, RuntimeType caType, Boolean inherit)
   at System.Attribute.GetCustomAttributes(MemberInfo element, Type attributeType, Boolean inherit)
   at System.Diagnostics.StackTrace.TryResolveStateMachineMethod(MethodBase& method, Type& declaringType)
   at System.Diagnostics.StackTrace.ToString(TraceFormat traceFormat, StringBuilder sb)
   at System.Exception.get_StackTrace()
   at System.Exception.ToString()
   at System.Text.StringBuilder.Append(Object value)
   at Microsoft.Extensions.Logging.EventLog.EventLogLogger.Log[TState](LogLevel logLevel, EventId eventId, TState state, Exception exception, Func`3 formatter)
   at Microsoft.Extensions.Logging.Logger.<Log>g__LoggerLog|14_0[TState](LogLevel logLevel, EventId eventId, ILogger logger, Exception exception, Func`3 formatter, List`1& exceptions, TState& state)<---

2026-01-11 11:54:50.0322||||Microsoft.Hosting.Lifetime|INFO|Application started. Press Ctrl+C to shut down. 
2026-01-11 11:54:50.0915||||Microsoft.Hosting.Lifetime|INFO|Hosting environment: Development 
2026-01-11 11:54:50.1098||||Microsoft.Hosting.Lifetime|INFO|Content root path: C:\Users\Wanwi\OneDrive\Desktop\TechVerse\TechVerse.Cms 
2026-01-11 11:55:41.2066|Default|00-b4a5d2d285930c912b75aac2e5e9aa44-e609876a0c5c1d49-00|1|Microsoft.AspNetCore.Diagnostics.DeveloperExceptionPageMiddleware|ERROR|An unhandled exception has occurred while executing the request. NLog message: Exception in NLog.LayoutRenderers.ExceptionLayoutRenderer.AppendToString(): System.TypeLoadException. 
2026-01-11 11:55:41.3468|Default|00-b4a5d2d285930c912b75aac2e5e9aa44-e609876a0c5c1d49-00|2|Microsoft.AspNetCore.Server.IIS.Core.IISHttpServer|ERROR|Connection ID "18158513702658113857", Request ID "40000142-0001-fc00-b63f-84710c7967bb": An unhandled exception was thrown by the application. System.AggregateException: An error occurred while writing to logger(s). (Could not resolve type 'AspNetCoreGeneratedDocument.Pages_Widgets_Partials__ProductHighlight' in assembly 'TechVerse.Cms, Version=1.0.0.0, Culture=neutral, PublicKeyToken=null'.) (Could not resolve type 'AspNetCoreGeneratedDocument.Pages_Widgets_Partials__ProductHighlight' in assembly 'TechVerse.Cms, Version=1.0.0.0, Culture=neutral, PublicKeyToken=null'.) (Could not resolve type 'AspNetCoreGeneratedDocument.Pages_Widgets_Partials__ProductHighlight' in assembly 'TechVerse.Cms, Version=1.0.0.0, Culture=neutral, PublicKeyToken=null'.)
 ---> System.TypeLoadException: Could not resolve type 'AspNetCoreGeneratedDocument.Pages_Widgets_Partials__ProductHighlight' in assembly 'TechVerse.Cms, Version=1.0.0.0, Culture=neutral, PublicKeyToken=null'.
   at System.Reflection.TypeNameParser.GetTypeFromDefaultAssemblies(String typeName, ReadOnlySpan`1 nestedTypeNames)
   at System.Reflection.TypeNameParser.GetType(String typeName, ReadOnlySpan`1 nestedTypeNames, String assemblyNameIfAny)
   at System.Reflection.TypeNameParser.NestedNamespaceTypeName.ResolveType(TypeNameParser& parser, String containingAssemblyIfAny)
   at System.Reflection.TypeNameParser.GetTypeHelper(Char* pTypeName, RuntimeAssembly requestingAssembly, Boolean throwOnError, Boolean requireAssemblyQualifiedName)
   at System.Reflection.CustomAttribute._CreateCaObject(RuntimeModule pModule, RuntimeType type, IRuntimeMethodInfo pCtor, Byte** ppBlob, Byte* pEndBlob, Int32* pcNamedArgs)
   at System.Reflection.CustomAttribute.AddCustomAttributes(ListBuilder`1& attributes, RuntimeModule decoratedModule, Int32 decoratedMetadataToken, RuntimeType attributeFilterType, Boolean mustBeInheritable, ListBuilder`1 derivedAttributes)
   at System.Reflection.CustomAttribute.GetCustomAttributes(RuntimeModule decoratedModule, Int32 decoratedMetadataToken, Int32 pcaCount, RuntimeType attributeFilterType)
   at System.Reflection.CustomAttribute.GetCustomAttributes(RuntimeMethodInfo method, RuntimeType caType, Boolean inherit)
   at System.Attribute.GetCustomAttributes(MemberInfo element, Type attributeType, Boolean inherit)
   at System.Diagnostics.StackTrace.TryResolveStateMachineMethod(MethodBase& method, Type& declaringType)
   at System.Diagnostics.StackTrace.ToString(TraceFormat traceFormat, StringBuilder sb)
   at System.Diagnostics.StackTrace.ToString(TraceFormat traceFormat)
   at System.Exception.get_StackTrace()
   at System.Exception.ToString()
   at Microsoft.Extensions.Logging.Console.SimpleConsoleFormatter.CreateDefaultLogMessage[TState](TextWriter textWriter, LogEntry`1& logEntry, String message, IExternalScopeProvider scopeProvider)
   at Microsoft.Extensions.Logging.Console.SimpleConsoleFormatter.Write[TState](LogEntry`1& logEntry, IExternalScopeProvider scopeProvider, TextWriter textWriter)
   at Microsoft.Extensions.Logging.Console.ConsoleLogger.Log[TState](LogLevel logLevel, EventId eventId, TState state, Exception exception, Func`3 formatter)
   at Microsoft.Extensions.Logging.Logger.<Log>g__LoggerLog|14_0[TState](LogLevel logLevel, EventId eventId, ILogger logger, Exception exception, Func`3 formatter, List`1& exceptions, TState& state)
   --- End of inner exception stack trace ---
 ---> (Inner Exception #1) System.TypeLoadException: Could not resolve type 'AspNetCoreGeneratedDocument.Pages_Widgets_Partials__ProductHighlight' in assembly 'TechVerse.Cms, Version=1.0.0.0, Culture=neutral, PublicKeyToken=null'.
   at System.Reflection.TypeNameParser.GetTypeFromDefaultAssemblies(String typeName, ReadOnlySpan`1 nestedTypeNames)
   at System.Reflection.TypeNameParser.GetType(String typeName, ReadOnlySpan`1 nestedTypeNames, String assemblyNameIfAny)
   at System.Reflection.TypeNameParser.NestedNamespaceTypeName.ResolveType(TypeNameParser& parser, String containingAssemblyIfAny)
   at System.Reflection.TypeNameParser.GetTypeHelper(Char* pTypeName, RuntimeAssembly requestingAssembly, Boolean throwOnError, Boolean requireAssemblyQualifiedName)
   at System.Reflection.CustomAttribute._CreateCaObject(RuntimeModule pModule, RuntimeType type, IRuntimeMethodInfo pCtor, Byte** ppBlob, Byte* pEndBlob, Int32* pcNamedArgs)
   at System.Reflection.CustomAttribute.AddCustomAttributes(ListBuilder`1& attributes, RuntimeModule decoratedModule, Int32 decoratedMetadataToken, RuntimeType attributeFilterType, Boolean mustBeInheritable, ListBuilder`1 derivedAttributes)
   at System.Reflection.CustomAttribute.GetCustomAttributes(RuntimeModule decoratedModule, Int32 decoratedMetadataToken, Int32 pcaCount, RuntimeType attributeFilterType)
   at System.Reflection.CustomAttribute.GetCustomAttributes(RuntimeMethodInfo method, RuntimeType caType, Boolean inherit)
   at System.Attribute.GetCustomAttributes(MemberInfo element, Type attributeType, Boolean inherit)
   at System.Diagnostics.StackTrace.TryResolveStateMachineMethod(MethodBase& method, Type& declaringType)
   at System.Diagnostics.StackTrace.ToString(TraceFormat traceFormat, StringBuilder sb)
   at System.Diagnostics.StackTrace.ToString(TraceFormat traceFormat)
   at System.Exception.get_StackTrace()
   at System.Exception.ToString()
   at Microsoft.Extensions.Logging.Debug.DebugLogger.Log[TState](LogLevel logLevel, EventId eventId, TState state, Exception exception, Func`3 formatter)
   at Microsoft.Extensions.Logging.Logger.<Log>g__LoggerLog|14_0[TState](LogLevel logLevel, EventId eventId, ILogger logger, Exception exception, Func`3 formatter, List`1& exceptions, TState& state)<---

 ---> (Inner Exception #2) System.TypeLoadException: Could not resolve type 'AspNetCoreGeneratedDocument.Pages_Widgets_Partials__ProductHighlight' in assembly 'TechVerse.Cms, Version=1.0.0.0, Culture=neutral, PublicKeyToken=null'.
   at System.Reflection.TypeNameParser.GetTypeFromDefaultAssemblies(String typeName, ReadOnlySpan`1 nestedTypeNames)
   at System.Reflection.TypeNameParser.GetType(String typeName, ReadOnlySpan`1 nestedTypeNames, String assemblyNameIfAny)
   at System.Reflection.TypeNameParser.NestedNamespaceTypeName.ResolveType(TypeNameParser& parser, String containingAssemblyIfAny)
   at System.Reflection.TypeNameParser.GetTypeHelper(Char* pTypeName, RuntimeAssembly requestingAssembly, Boolean throwOnError, Boolean requireAssemblyQualifiedName)
   at System.Reflection.CustomAttribute._CreateCaObject(RuntimeModule pModule, RuntimeType type, IRuntimeMethodInfo pCtor, Byte** ppBlob, Byte* pEndBlob, Int32* pcNamedArgs)
   at System.Reflection.CustomAttribute.AddCustomAttributes(ListBuilder`1& attributes, RuntimeModule decoratedModule, Int32 decoratedMetadataToken, RuntimeType attributeFilterType, Boolean mustBeInheritable, ListBuilder`1 derivedAttributes)
   at System.Reflection.CustomAttribute.GetCustomAttributes(RuntimeModule decoratedModule, Int32 decoratedMetadataToken, Int32 pcaCount, RuntimeType attributeFilterType)
   at System.Reflection.CustomAttribute.GetCustomAttributes(RuntimeMethodInfo method, RuntimeType caType, Boolean inherit)
   at System.Attribute.GetCustomAttributes(MemberInfo element, Type attributeType, Boolean inherit)
   at System.Diagnostics.StackTrace.TryResolveStateMachineMethod(MethodBase& method, Type& declaringType)
   at System.Diagnostics.StackTrace.ToString(TraceFormat traceFormat, StringBuilder sb)
   at System.Diagnostics.StackTrace.ToString(TraceFormat traceFormat)
   at System.Exception.get_StackTrace()
   at System.Exception.ToString()
   at System.Text.StringBuilder.Append(Object value)
   at Microsoft.Extensions.Logging.EventLog.EventLogLogger.Log[TState](LogLevel logLevel, EventId eventId, TState state, Exception exception, Func`3 formatter)
   at Microsoft.Extensions.Logging.Logger.<Log>g__LoggerLog|14_0[TState](LogLevel logLevel, EventId eventId, ILogger logger, Exception exception, Func`3 formatter, List`1& exceptions, TState& state)<---

2026-01-11 12:01:34.5175|Default|00-1d7aa7b66c86d510c28e642de211c413-52c0b27df6a8cdde-00|1|Microsoft.AspNetCore.Diagnostics.DeveloperExceptionPageMiddleware|ERROR|An unhandled exception has occurred while executing the request. NLog message: Exception in NLog.LayoutRenderers.ExceptionLayoutRenderer.AppendToString(): System.TypeLoadException. 
2026-01-11 12:01:34.5737|Default|00-1d7aa7b66c86d510c28e642de211c413-52c0b27df6a8cdde-00|2|Microsoft.AspNetCore.Server.IIS.Core.IISHttpServer|ERROR|Connection ID "18158513706953081111", Request ID "40000118-0002-fc00-b63f-84710c7967bb": An unhandled exception was thrown by the application. System.AggregateException: An error occurred while writing to logger(s). (Could not resolve type 'AspNetCoreGeneratedDocument.Pages_Widgets_Partials__ProductHighlight' in assembly 'TechVerse.Cms, Version=1.0.0.0, Culture=neutral, PublicKeyToken=null'.) (Could not resolve type 'AspNetCoreGeneratedDocument.Pages_Widgets_Partials__ProductHighlight' in assembly 'TechVerse.Cms, Version=1.0.0.0, Culture=neutral, PublicKeyToken=null'.) (Could not resolve type 'AspNetCoreGeneratedDocument.Pages_Widgets_Partials__ProductHighlight' in assembly 'TechVerse.Cms, Version=1.0.0.0, Culture=neutral, PublicKeyToken=null'.)
 ---> System.TypeLoadException: Could not resolve type 'AspNetCoreGeneratedDocument.Pages_Widgets_Partials__ProductHighlight' in assembly 'TechVerse.Cms, Version=1.0.0.0, Culture=neutral, PublicKeyToken=null'.
   at System.Reflection.TypeNameParser.GetTypeFromDefaultAssemblies(String typeName, ReadOnlySpan`1 nestedTypeNames)
   at System.Reflection.TypeNameParser.GetType(String typeName, ReadOnlySpan`1 nestedTypeNames, String assemblyNameIfAny)
   at System.Reflection.TypeNameParser.NestedNamespaceTypeName.ResolveType(TypeNameParser& parser, String containingAssemblyIfAny)
   at System.Reflection.TypeNameParser.GetTypeHelper(Char* pTypeName, RuntimeAssembly requestingAssembly, Boolean throwOnError, Boolean requireAssemblyQualifiedName)
   at System.Reflection.CustomAttribute._CreateCaObject(RuntimeModule pModule, RuntimeType type, IRuntimeMethodInfo pCtor, Byte** ppBlob, Byte* pEndBlob, Int32* pcNamedArgs)
   at System.Reflection.CustomAttribute.AddCustomAttributes(ListBuilder`1& attributes, RuntimeModule decoratedModule, Int32 decoratedMetadataToken, RuntimeType attributeFilterType, Boolean mustBeInheritable, ListBuilder`1 derivedAttributes)
   at System.Reflection.CustomAttribute.GetCustomAttributes(RuntimeModule decoratedModule, Int32 decoratedMetadataToken, Int32 pcaCount, RuntimeType attributeFilterType)
   at System.Reflection.CustomAttribute.GetCustomAttributes(RuntimeMethodInfo method, RuntimeType caType, Boolean inherit)
   at System.Attribute.GetCustomAttributes(MemberInfo element, Type attributeType, Boolean inherit)
   at System.Diagnostics.StackTrace.TryResolveStateMachineMethod(MethodBase& method, Type& declaringType)
   at System.Diagnostics.StackTrace.ToString(TraceFormat traceFormat, StringBuilder sb)
   at System.Diagnostics.StackTrace.ToString(TraceFormat traceFormat)
   at System.Exception.get_StackTrace()
   at System.Exception.ToString()
   at Microsoft.Extensions.Logging.Console.SimpleConsoleFormatter.CreateDefaultLogMessage[TState](TextWriter textWriter, LogEntry`1& logEntry, String message, IExternalScopeProvider scopeProvider)
   at Microsoft.Extensions.Logging.Console.SimpleConsoleFormatter.Write[TState](LogEntry`1& logEntry, IExternalScopeProvider scopeProvider, TextWriter textWriter)
   at Microsoft.Extensions.Logging.Console.ConsoleLogger.Log[TState](LogLevel logLevel, EventId eventId, TState state, Exception exception, Func`3 formatter)
   at Microsoft.Extensions.Logging.Logger.<Log>g__LoggerLog|14_0[TState](LogLevel logLevel, EventId eventId, ILogger logger, Exception exception, Func`3 formatter, List`1& exceptions, TState& state)
   --- End of inner exception stack trace ---
 ---> (Inner Exception #1) System.TypeLoadException: Could not resolve type 'AspNetCoreGeneratedDocument.Pages_Widgets_Partials__ProductHighlight' in assembly 'TechVerse.Cms, Version=1.0.0.0, Culture=neutral, PublicKeyToken=null'.
   at System.Reflection.TypeNameParser.GetTypeFromDefaultAssemblies(String typeName, ReadOnlySpan`1 nestedTypeNames)
   at System.Reflection.TypeNameParser.GetType(String typeName, ReadOnlySpan`1 nestedTypeNames, String assemblyNameIfAny)
   at System.Reflection.TypeNameParser.NestedNamespaceTypeName.ResolveType(TypeNameParser& parser, String containingAssemblyIfAny)
   at System.Reflection.TypeNameParser.GetTypeHelper(Char* pTypeName, RuntimeAssembly requestingAssembly, Boolean throwOnError, Boolean requireAssemblyQualifiedName)
   at System.Reflection.CustomAttribute._CreateCaObject(RuntimeModule pModule, RuntimeType type, IRuntimeMethodInfo pCtor, Byte** ppBlob, Byte* pEndBlob, Int32* pcNamedArgs)
   at System.Reflection.CustomAttribute.AddCustomAttributes(ListBuilder`1& attributes, RuntimeModule decoratedModule, Int32 decoratedMetadataToken, RuntimeType attributeFilterType, Boolean mustBeInheritable, ListBuilder`1 derivedAttributes)
   at System.Reflection.CustomAttribute.GetCustomAttributes(RuntimeModule decoratedModule, Int32 decoratedMetadataToken, Int32 pcaCount, RuntimeType attributeFilterType)
   at System.Reflection.CustomAttribute.GetCustomAttributes(RuntimeMethodInfo method, RuntimeType caType, Boolean inherit)
   at System.Attribute.GetCustomAttributes(MemberInfo element, Type attributeType, Boolean inherit)
   at System.Diagnostics.StackTrace.TryResolveStateMachineMethod(MethodBase& method, Type& declaringType)
   at System.Diagnostics.StackTrace.ToString(TraceFormat traceFormat, StringBuilder sb)
   at System.Diagnostics.StackTrace.ToString(TraceFormat traceFormat)
   at System.Exception.get_StackTrace()
   at System.Exception.ToString()
   at Microsoft.Extensions.Logging.Debug.DebugLogger.Log[TState](LogLevel logLevel, EventId eventId, TState state, Exception exception, Func`3 formatter)
   at Microsoft.Extensions.Logging.Logger.<Log>g__LoggerLog|14_0[TState](LogLevel logLevel, EventId eventId, ILogger logger, Exception exception, Func`3 formatter, List`1& exceptions, TState& state)<---

 ---> (Inner Exception #2) System.TypeLoadException: Could not resolve type 'AspNetCoreGeneratedDocument.Pages_Widgets_Partials__ProductHighlight' in assembly 'TechVerse.Cms, Version=1.0.0.0, Culture=neutral, PublicKeyToken=null'.
   at System.Reflection.TypeNameParser.GetTypeFromDefaultAssemblies(String typeName, ReadOnlySpan`1 nestedTypeNames)
   at System.Reflection.TypeNameParser.GetType(String typeName, ReadOnlySpan`1 nestedTypeNames, String assemblyNameIfAny)
   at System.Reflection.TypeNameParser.NestedNamespaceTypeName.ResolveType(TypeNameParser& parser, String containingAssemblyIfAny)
   at System.Reflection.TypeNameParser.GetTypeHelper(Char* pTypeName, RuntimeAssembly requestingAssembly, Boolean throwOnError, Boolean requireAssemblyQualifiedName)
   at System.Reflection.CustomAttribute._CreateCaObject(RuntimeModule pModule, RuntimeType type, IRuntimeMethodInfo pCtor, Byte** ppBlob, Byte* pEndBlob, Int32* pcNamedArgs)
   at System.Reflection.CustomAttribute.AddCustomAttributes(ListBuilder`1& attributes, RuntimeModule decoratedModule, Int32 decoratedMetadataToken, RuntimeType attributeFilterType, Boolean mustBeInheritable, ListBuilder`1 derivedAttributes)
   at System.Reflection.CustomAttribute.GetCustomAttributes(RuntimeModule decoratedModule, Int32 decoratedMetadataToken, Int32 pcaCount, RuntimeType attributeFilterType)
   at System.Reflection.CustomAttribute.GetCustomAttributes(RuntimeMethodInfo method, RuntimeType caType, Boolean inherit)
   at System.Attribute.GetCustomAttributes(MemberInfo element, Type attributeType, Boolean inherit)
   at System.Diagnostics.StackTrace.TryResolveStateMachineMethod(MethodBase& method, Type& declaringType)
   at System.Diagnostics.StackTrace.ToString(TraceFormat traceFormat, StringBuilder sb)
   at System.Diagnostics.StackTrace.ToString(TraceFormat traceFormat)
   at System.Exception.get_StackTrace()
   at System.Exception.ToString()
   at System.Text.StringBuilder.Append(Object value)
   at Microsoft.Extensions.Logging.EventLog.EventLogLogger.Log[TState](LogLevel logLevel, EventId eventId, TState state, Exception exception, Func`3 formatter)
   at Microsoft.Extensions.Logging.Logger.<Log>g__LoggerLog|14_0[TState](LogLevel logLevel, EventId eventId, ILogger logger, Exception exception, Func`3 formatter, List`1& exceptions, TState& state)<---

2026-01-11 12:12:03.5292||||Microsoft.Hosting.Lifetime|INFO|Application started. Press Ctrl+C to shut down. 
2026-01-11 12:12:03.5799||||Microsoft.Hosting.Lifetime|INFO|Hosting environment: Development 
2026-01-11 12:12:03.5799||||Microsoft.Hosting.Lifetime|INFO|Content root path: C:\Users\Wanwi\OneDrive\Desktop\TechVerse\TechVerse.Cms 
2026-01-11 12:15:09.1646||||Microsoft.Hosting.Lifetime|INFO|Application started. Press Ctrl+C to shut down. 
2026-01-11 12:15:09.2180||||Microsoft.Hosting.Lifetime|INFO|Hosting environment: Development 
2026-01-11 12:15:09.2180||||Microsoft.Hosting.Lifetime|INFO|Content root path: C:\Users\Wanwi\OneDrive\Desktop\TechVerse\TechVerse.Cms 
2026-01-11 12:19:10.5901|Default|00-d716f19d1562a53225ffd4e3854b5249-5833a7b4290c9f6a-00|3|Microsoft.WebTools.BrowserLink.Net.BrowserLinkMiddleware|WARN|Unable to configure Browser Link script injection on the response.  
2026-01-11 12:19:10.6237|Default|00-d716f19d1562a53225ffd4e3854b5249-5833a7b4290c9f6a-00|3|Microsoft.AspNetCore.Watch.BrowserRefresh.BrowserRefreshMiddleware|WARN|Unable to configure browser refresh script injection on the response. Consider manually adding '<script src="/_framework/aspnetcore-browser-refresh.js"></script>' to the body of the page. 
2026-01-11 12:32:25.9328|Default|00-87a8196026205d8c5e1307aba12a95a3-bcf2f7200459717c-00|3|Microsoft.WebTools.BrowserLink.Net.BrowserLinkMiddleware|WARN|Unable to configure Browser Link script injection on the response.  
2026-01-11 12:32:25.9578|Default|00-87a8196026205d8c5e1307aba12a95a3-bcf2f7200459717c-00|3|Microsoft.AspNetCore.Watch.BrowserRefresh.BrowserRefreshMiddleware|WARN|Unable to configure browser refresh script injection on the response. Consider manually adding '<script src="/_framework/aspnetcore-browser-refresh.js"></script>' to the body of the page. 
2026-01-11 12:32:30.9821|Default|00-aa7b26dfa4d567b7286cb68a5108c6bf-03ad5fd791120dac-00|3|Microsoft.WebTools.BrowserLink.Net.BrowserLinkMiddleware|WARN|Unable to configure Browser Link script injection on the response.  
2026-01-11 12:32:30.9930|Default|00-aa7b26dfa4d567b7286cb68a5108c6bf-03ad5fd791120dac-00|3|Microsoft.AspNetCore.Watch.BrowserRefresh.BrowserRefreshMiddleware|WARN|Unable to configure browser refresh script injection on the response. Consider manually adding '<script src="/_framework/aspnetcore-browser-refresh.js"></script>' to the body of the page. 
2026-01-11 12:37:23.9123||||Microsoft.Hosting.Lifetime|INFO|Application started. Press Ctrl+C to shut down. 
2026-01-11 12:37:23.9551||||Microsoft.Hosting.Lifetime|INFO|Hosting environment: Development 
2026-01-11 12:37:23.9551||||Microsoft.Hosting.Lifetime|INFO|Content root path: C:\Users\Wanwi\OneDrive\Desktop\TechVerse\TechVerse.Cms 
2026-01-11 12:46:40.1576||||Microsoft.Hosting.Lifetime|INFO|Application started. Press Ctrl+C to shut down. 
2026-01-11 12:46:40.1960||||Microsoft.Hosting.Lifetime|INFO|Hosting environment: Development 
2026-01-11 12:46:40.1960||||Microsoft.Hosting.Lifetime|INFO|Content root path: C:\Users\Wanwi\OneDrive\Desktop\TechVerse\TechVerse.Cms 
2026-01-11 18:19:15.6301||||Microsoft.Hosting.Lifetime|INFO|Application started. Press Ctrl+C to shut down. 
2026-01-11 18:19:15.6742||||Microsoft.Hosting.Lifetime|INFO|Hosting environment: Development 
2026-01-11 18:19:15.6742||||Microsoft.Hosting.Lifetime|INFO|Content root path: C:\Users\Wanwi\OneDrive\Desktop\TechVerse\TechVerse.Cms 
2026-01-11 18:23:50.4048|Default|00-35b95350324b14c0cad6acff67f07dc9-2a44980050a0894f-00|3|Microsoft.WebTools.BrowserLink.Net.BrowserLinkMiddleware|WARN|Unable to configure Browser Link script injection on the response.  
2026-01-11 18:38:45.7618||||Microsoft.Hosting.Lifetime|INFO|Application started. Press Ctrl+C to shut down. 
2026-01-11 18:38:45.8163||||Microsoft.Hosting.Lifetime|INFO|Hosting environment: Development 
2026-01-11 18:38:45.8163||||Microsoft.Hosting.Lifetime|INFO|Content root path: C:\Users\Wanwi\OneDrive\Desktop\TechVerse\TechVerse.Cms 
2026-01-11 18:38:59.2035||||Microsoft.Hosting.Lifetime|INFO|Application started. Press Ctrl+C to shut down. 
2026-01-11 18:38:59.2601||||Microsoft.Hosting.Lifetime|INFO|Hosting environment: Development 
2026-01-11 18:38:59.2673||||Microsoft.Hosting.Lifetime|INFO|Content root path: C:\Users\Wanwi\OneDrive\Desktop\TechVerse\TechVerse.Cms 
2026-01-11 18:51:10.0933||||Microsoft.Hosting.Lifetime|INFO|Application started. Press Ctrl+C to shut down. 
2026-01-11 18:51:10.1363||||Microsoft.Hosting.Lifetime|INFO|Hosting environment: Development 
2026-01-11 18:51:10.1524||||Microsoft.Hosting.Lifetime|INFO|Content root path: C:\Users\Wanwi\OneDrive\Desktop\TechVerse\TechVerse.Cms 
2026-01-11 19:00:38.0995||||Microsoft.Hosting.Lifetime|INFO|Application started. Press Ctrl+C to shut down. 
2026-01-11 19:00:38.1584||||Microsoft.Hosting.Lifetime|INFO|Hosting environment: Development 
2026-01-11 19:00:38.1735||||Microsoft.Hosting.Lifetime|INFO|Content root path: C:\Users\Wanwi\OneDrive\Desktop\TechVerse\TechVerse.Cms 
2026-01-11 19:14:51.6755||||Microsoft.Hosting.Lifetime|INFO|Application started. Press Ctrl+C to shut down. 
2026-01-11 19:14:51.7244||||Microsoft.Hosting.Lifetime|INFO|Hosting environment: Development 
2026-01-11 19:14:51.7244||||Microsoft.Hosting.Lifetime|INFO|Content root path: C:\Users\Wanwi\OneDrive\Desktop\TechVerse\TechVerse.Cms 
2026-01-11 19:42:44.7304|Default|00-a6646cff80e1b6986f2b931bf45420d6-b6f7b91c5f60b483-00|1|Microsoft.AspNetCore.Diagnostics.DeveloperExceptionPageMiddleware|ERROR|An unhandled exception has occurred while executing the request. NLog message: Exception in NLog.LayoutRenderers.ExceptionLayoutRenderer.AppendToString(): System.TypeLoadException. 
2026-01-11 19:42:44.8827|Default|00-a6646cff80e1b6986f2b931bf45420d6-b6f7b91c5f60b483-00|2|Microsoft.AspNetCore.Server.IIS.Core.IISHttpServer|ERROR|Connection ID "18158513732722884777", Request ID "400000aa-0008-fc00-b63f-84710c7967bb": An unhandled exception was thrown by the application. System.AggregateException: An error occurred while writing to logger(s). (Could not resolve type 'AspNetCoreGeneratedDocument.Pages_Widgets_Partials__NewsWidget' in assembly 'TechVerse.Cms, Version=1.0.0.0, Culture=neutral, PublicKeyToken=null'.) (Could not resolve type 'AspNetCoreGeneratedDocument.Pages_Widgets_Partials__NewsWidget' in assembly 'TechVerse.Cms, Version=1.0.0.0, Culture=neutral, PublicKeyToken=null'.) (Could not resolve type 'AspNetCoreGeneratedDocument.Pages_Widgets_Partials__NewsWidget' in assembly 'TechVerse.Cms, Version=1.0.0.0, Culture=neutral, PublicKeyToken=null'.)
 ---> System.TypeLoadException: Could not resolve type 'AspNetCoreGeneratedDocument.Pages_Widgets_Partials__NewsWidget' in assembly 'TechVerse.Cms, Version=1.0.0.0, Culture=neutral, PublicKeyToken=null'.
   at System.Reflection.TypeNameParser.GetTypeFromDefaultAssemblies(String typeName, ReadOnlySpan`1 nestedTypeNames)
   at System.Reflection.TypeNameParser.GetType(String typeName, ReadOnlySpan`1 nestedTypeNames, String assemblyNameIfAny)
   at System.Reflection.TypeNameParser.NestedNamespaceTypeName.ResolveType(TypeNameParser& parser, String containingAssemblyIfAny)
   at System.Reflection.TypeNameParser.GetTypeHelper(Char* pTypeName, RuntimeAssembly requestingAssembly, Boolean throwOnError, Boolean requireAssemblyQualifiedName)
   at System.Reflection.CustomAttribute._CreateCaObject(RuntimeModule pModule, RuntimeType type, IRuntimeMethodInfo pCtor, Byte** ppBlob, Byte* pEndBlob, Int32* pcNamedArgs)
   at System.Reflection.CustomAttribute.AddCustomAttributes(ListBuilder`1& attributes, RuntimeModule decoratedModule, Int32 decoratedMetadataToken, RuntimeType attributeFilterType, Boolean mustBeInheritable, ListBuilder`1 derivedAttributes)
   at System.Reflection.CustomAttribute.GetCustomAttributes(RuntimeModule decoratedModule, Int32 decoratedMetadataToken, Int32 pcaCount, RuntimeType attributeFilterType)
   at System.Reflection.CustomAttribute.GetCustomAttributes(RuntimeMethodInfo method, RuntimeType caType, Boolean inherit)
   at System.Attribute.GetCustomAttributes(MemberInfo element, Type attributeType, Boolean inherit)
   at System.Diagnostics.StackTrace.TryResolveStateMachineMethod(MethodBase& method, Type& declaringType)
   at System.Diagnostics.StackTrace.ToString(TraceFormat traceFormat, StringBuilder sb)
   at System.Diagnostics.StackTrace.ToString(TraceFormat traceFormat)
   at System.Exception.get_StackTrace()
   at System.Exception.ToString()
   at Microsoft.Extensions.Logging.Console.SimpleConsoleFormatter.CreateDefaultLogMessage[TState](TextWriter textWriter, LogEntry`1& logEntry, String message, IExternalScopeProvider scopeProvider)
   at Microsoft.Extensions.Logging.Console.SimpleConsoleFormatter.Write[TState](LogEntry`1& logEntry, IExternalScopeProvider scopeProvider, TextWriter textWriter)
   at Microsoft.Extensions.Logging.Console.ConsoleLogger.Log[TState](LogLevel logLevel, EventId eventId, TState state, Exception exception, Func`3 formatter)
   at Microsoft.Extensions.Logging.Logger.<Log>g__LoggerLog|14_0[TState](LogLevel logLevel, EventId eventId, ILogger logger, Exception exception, Func`3 formatter, List`1& exceptions, TState& state)
   --- End of inner exception stack trace ---
 ---> (Inner Exception #1) System.TypeLoadException: Could not resolve type 'AspNetCoreGeneratedDocument.Pages_Widgets_Partials__NewsWidget' in assembly 'TechVerse.Cms, Version=1.0.0.0, Culture=neutral, PublicKeyToken=null'.
   at System.Reflection.TypeNameParser.GetTypeFromDefaultAssemblies(String typeName, ReadOnlySpan`1 nestedTypeNames)
   at System.Reflection.TypeNameParser.GetType(String typeName, ReadOnlySpan`1 nestedTypeNames, String assemblyNameIfAny)
   at System.Reflection.TypeNameParser.NestedNamespaceTypeName.ResolveType(TypeNameParser& parser, String containingAssemblyIfAny)
   at System.Reflection.TypeNameParser.GetTypeHelper(Char* pTypeName, RuntimeAssembly requestingAssembly, Boolean throwOnError, Boolean requireAssemblyQualifiedName)
   at System.Reflection.CustomAttribute._CreateCaObject(RuntimeModule pModule, RuntimeType type, IRuntimeMethodInfo pCtor, Byte** ppBlob, Byte* pEndBlob, Int32* pcNamedArgs)
   at System.Reflection.CustomAttribute.AddCustomAttributes(ListBuilder`1& attributes, RuntimeModule decoratedModule, Int32 decoratedMetadataToken, RuntimeType attributeFilterType, Boolean mustBeInheritable, ListBuilder`1 derivedAttributes)
   at System.Reflection.CustomAttribute.GetCustomAttributes(RuntimeModule decoratedModule, Int32 decoratedMetadataToken, Int32 pcaCount, RuntimeType attributeFilterType)
   at System.Reflection.CustomAttribute.GetCustomAttributes(RuntimeMethodInfo method, RuntimeType caType, Boolean inherit)
   at System.Attribute.GetCustomAttributes(MemberInfo element, Type attributeType, Boolean inherit)
   at System.Diagnostics.StackTrace.TryResolveStateMachineMethod(MethodBase& method, Type& declaringType)
   at System.Diagnostics.StackTrace.ToString(TraceFormat traceFormat, StringBuilder sb)
   at System.Diagnostics.StackTrace.ToString(TraceFormat traceFormat)
   at System.Exception.get_StackTrace()
   at System.Exception.ToString()
   at Microsoft.Extensions.Logging.Debug.DebugLogger.Log[TState](LogLevel logLevel, EventId eventId, TState state, Exception exception, Func`3 formatter)
   at Microsoft.Extensions.Logging.Logger.<Log>g__LoggerLog|14_0[TState](LogLevel logLevel, EventId eventId, ILogger logger, Exception exception, Func`3 formatter, List`1& exceptions, TState& state)<---

 ---> (Inner Exception #2) System.TypeLoadException: Could not resolve type 'AspNetCoreGeneratedDocument.Pages_Widgets_Partials__NewsWidget' in assembly 'TechVerse.Cms, Version=1.0.0.0, Culture=neutral, PublicKeyToken=null'.
   at System.Reflection.TypeNameParser.GetTypeFromDefaultAssemblies(String typeName, ReadOnlySpan`1 nestedTypeNames)
   at System.Reflection.TypeNameParser.GetType(String typeName, ReadOnlySpan`1 nestedTypeNames, String assemblyNameIfAny)
   at System.Reflection.TypeNameParser.NestedNamespaceTypeName.ResolveType(TypeNameParser& parser, String containingAssemblyIfAny)
   at System.Reflection.TypeNameParser.GetTypeHelper(Char* pTypeName, RuntimeAssembly requestingAssembly, Boolean throwOnError, Boolean requireAssemblyQualifiedName)
   at System.Reflection.CustomAttribute._CreateCaObject(RuntimeModule pModule, RuntimeType type, IRuntimeMethodInfo pCtor, Byte** ppBlob, Byte* pEndBlob, Int32* pcNamedArgs)
   at System.Reflection.CustomAttribute.AddCustomAttributes(ListBuilder`1& attributes, RuntimeModule decoratedModule, Int32 decoratedMetadataToken, RuntimeType attributeFilterType, Boolean mustBeInheritable, ListBuilder`1 derivedAttributes)
   at System.Reflection.CustomAttribute.GetCustomAttributes(RuntimeModule decoratedModule, Int32 decoratedMetadataToken, Int32 pcaCount, RuntimeType attributeFilterType)
   at System.Reflection.CustomAttribute.GetCustomAttributes(RuntimeMethodInfo method, RuntimeType caType, Boolean inherit)
   at System.Attribute.GetCustomAttributes(MemberInfo element, Type attributeType, Boolean inherit)
   at System.Diagnostics.StackTrace.TryResolveStateMachineMethod(MethodBase& method, Type& declaringType)
   at System.Diagnostics.StackTrace.ToString(TraceFormat traceFormat, StringBuilder sb)
   at System.Diagnostics.StackTrace.ToString(TraceFormat traceFormat)
   at System.Exception.get_StackTrace()
   at System.Exception.ToString()
   at System.Text.StringBuilder.Append(Object value)
   at Microsoft.Extensions.Logging.EventLog.EventLogLogger.Log[TState](LogLevel logLevel, EventId eventId, TState state, Exception exception, Func`3 formatter)
   at Microsoft.Extensions.Logging.Logger.<Log>g__LoggerLog|14_0[TState](LogLevel logLevel, EventId eventId, ILogger logger, Exception exception, Func`3 formatter, List`1& exceptions, TState& state)<---

2026-01-11 19:43:08.7966|Default|00-daca2532ba0ccb310de6b419a7cc42b2-3f790352aad6d869-00|1|Microsoft.AspNetCore.Diagnostics.DeveloperExceptionPageMiddleware|ERROR|An unhandled exception has occurred while executing the request. NLog message: Exception in NLog.LayoutRenderers.ExceptionLayoutRenderer.AppendToString(): System.TypeLoadException. 
2026-01-11 19:43:08.8394|Default|00-daca2532ba0ccb310de6b419a7cc42b2-3f790352aad6d869-00|2|Microsoft.AspNetCore.Server.IIS.Core.IISHttpServer|ERROR|Connection ID "18158513732722884779", Request ID "400000ac-0008-fc00-b63f-84710c7967bb": An unhandled exception was thrown by the application. System.AggregateException: An error occurred while writing to logger(s). (Could not resolve type 'AspNetCoreGeneratedDocument.Pages_Widgets_Partials__NewsWidget' in assembly 'TechVerse.Cms, Version=1.0.0.0, Culture=neutral, PublicKeyToken=null'.) (Could not resolve type 'AspNetCoreGeneratedDocument.Pages_Widgets_Partials__NewsWidget' in assembly 'TechVerse.Cms, Version=1.0.0.0, Culture=neutral, PublicKeyToken=null'.) (Could not resolve type 'AspNetCoreGeneratedDocument.Pages_Widgets_Partials__NewsWidget' in assembly 'TechVerse.Cms, Version=1.0.0.0, Culture=neutral, PublicKeyToken=null'.)
 ---> System.TypeLoadException: Could not resolve type 'AspNetCoreGeneratedDocument.Pages_Widgets_Partials__NewsWidget' in assembly 'TechVerse.Cms, Version=1.0.0.0, Culture=neutral, PublicKeyToken=null'.
   at System.Reflection.TypeNameParser.GetTypeFromDefaultAssemblies(String typeName, ReadOnlySpan`1 nestedTypeNames)
   at System.Reflection.TypeNameParser.GetType(String typeName, ReadOnlySpan`1 nestedTypeNames, String assemblyNameIfAny)
   at System.Reflection.TypeNameParser.NestedNamespaceTypeName.ResolveType(TypeNameParser& parser, String containingAssemblyIfAny)
   at System.Reflection.TypeNameParser.GetTypeHelper(Char* pTypeName, RuntimeAssembly requestingAssembly, Boolean throwOnError, Boolean requireAssemblyQualifiedName)
   at System.Reflection.CustomAttribute._CreateCaObject(RuntimeModule pModule, RuntimeType type, IRuntimeMethodInfo pCtor, Byte** ppBlob, Byte* pEndBlob, Int32* pcNamedArgs)
   at System.Reflection.CustomAttribute.AddCustomAttributes(ListBuilder`1& attributes, RuntimeModule decoratedModule, Int32 decoratedMetadataToken, RuntimeType attributeFilterType, Boolean mustBeInheritable, ListBuilder`1 derivedAttributes)
   at System.Reflection.CustomAttribute.GetCustomAttributes(RuntimeModule decoratedModule, Int32 decoratedMetadataToken, Int32 pcaCount, RuntimeType attributeFilterType)
   at System.Reflection.CustomAttribute.GetCustomAttributes(RuntimeMethodInfo method, RuntimeType caType, Boolean inherit)
   at System.Attribute.GetCustomAttributes(MemberInfo element, Type attributeType, Boolean inherit)
   at System.Diagnostics.StackTrace.TryResolveStateMachineMethod(MethodBase& method, Type& declaringType)
   at System.Diagnostics.StackTrace.ToString(TraceFormat traceFormat, StringBuilder sb)
   at System.Diagnostics.StackTrace.ToString(TraceFormat traceFormat)
   at System.Exception.get_StackTrace()
   at System.Exception.ToString()
   at Microsoft.Extensions.Logging.Console.SimpleConsoleFormatter.CreateDefaultLogMessage[TState](TextWriter textWriter, LogEntry`1& logEntry, String message, IExternalScopeProvider scopeProvider)
   at Microsoft.Extensions.Logging.Console.SimpleConsoleFormatter.Write[TState](LogEntry`1& logEntry, IExternalScopeProvider scopeProvider, TextWriter textWriter)
   at Microsoft.Extensions.Logging.Console.ConsoleLogger.Log[TState](LogLevel logLevel, EventId eventId, TState state, Exception exception, Func`3 formatter)
   at Microsoft.Extensions.Logging.Logger.<Log>g__LoggerLog|14_0[TState](LogLevel logLevel, EventId eventId, ILogger logger, Exception exception, Func`3 formatter, List`1& exceptions, TState& state)
   --- End of inner exception stack trace ---
 ---> (Inner Exception #1) System.TypeLoadException: Could not resolve type 'AspNetCoreGeneratedDocument.Pages_Widgets_Partials__NewsWidget' in assembly 'TechVerse.Cms, Version=1.0.0.0, Culture=neutral, PublicKeyToken=null'.
   at System.Reflection.TypeNameParser.GetTypeFromDefaultAssemblies(String typeName, ReadOnlySpan`1 nestedTypeNames)
   at System.Reflection.TypeNameParser.GetType(String typeName, ReadOnlySpan`1 nestedTypeNames, String assemblyNameIfAny)
   at System.Reflection.TypeNameParser.NestedNamespaceTypeName.ResolveType(TypeNameParser& parser, String containingAssemblyIfAny)
   at System.Reflection.TypeNameParser.GetTypeHelper(Char* pTypeName, RuntimeAssembly requestingAssembly, Boolean throwOnError, Boolean requireAssemblyQualifiedName)
   at System.Reflection.CustomAttribute._CreateCaObject(RuntimeModule pModule, RuntimeType type, IRuntimeMethodInfo pCtor, Byte** ppBlob, Byte* pEndBlob, Int32* pcNamedArgs)
   at System.Reflection.CustomAttribute.AddCustomAttributes(ListBuilder`1& attributes, RuntimeModule decoratedModule, Int32 decoratedMetadataToken, RuntimeType attributeFilterType, Boolean mustBeInheritable, ListBuilder`1 derivedAttributes)
   at System.Reflection.CustomAttribute.GetCustomAttributes(RuntimeModule decoratedModule, Int32 decoratedMetadataToken, Int32 pcaCount, RuntimeType attributeFilterType)
   at System.Reflection.CustomAttribute.GetCustomAttributes(RuntimeMethodInfo method, RuntimeType caType, Boolean inherit)
   at System.Attribute.GetCustomAttributes(MemberInfo element, Type attributeType, Boolean inherit)
   at System.Diagnostics.StackTrace.TryResolveStateMachineMethod(MethodBase& method, Type& declaringType)
   at System.Diagnostics.StackTrace.ToString(TraceFormat traceFormat, StringBuilder sb)
   at System.Diagnostics.StackTrace.ToString(TraceFormat traceFormat)
   at System.Exception.get_StackTrace()
   at System.Exception.ToString()
   at Microsoft.Extensions.Logging.Debug.DebugLogger.Log[TState](LogLevel logLevel, EventId eventId, TState state, Exception exception, Func`3 formatter)
   at Microsoft.Extensions.Logging.Logger.<Log>g__LoggerLog|14_0[TState](LogLevel logLevel, EventId eventId, ILogger logger, Exception exception, Func`3 formatter, List`1& exceptions, TState& state)<---

 ---> (Inner Exception #2) System.TypeLoadException: Could not resolve type 'AspNetCoreGeneratedDocument.Pages_Widgets_Partials__NewsWidget' in assembly 'TechVerse.Cms, Version=1.0.0.0, Culture=neutral, PublicKeyToken=null'.
   at System.Reflection.TypeNameParser.GetTypeFromDefaultAssemblies(String typeName, ReadOnlySpan`1 nestedTypeNames)
   at System.Reflection.TypeNameParser.GetType(String typeName, ReadOnlySpan`1 nestedTypeNames, String assemblyNameIfAny)
   at System.Reflection.TypeNameParser.NestedNamespaceTypeName.ResolveType(TypeNameParser& parser, String containingAssemblyIfAny)
   at System.Reflection.TypeNameParser.GetTypeHelper(Char* pTypeName, RuntimeAssembly requestingAssembly, Boolean throwOnError, Boolean requireAssemblyQualifiedName)
   at System.Reflection.CustomAttribute._CreateCaObject(RuntimeModule pModule, RuntimeType type, IRuntimeMethodInfo pCtor, Byte** ppBlob, Byte* pEndBlob, Int32* pcNamedArgs)
   at System.Reflection.CustomAttribute.AddCustomAttributes(ListBuilder`1& attributes, RuntimeModule decoratedModule, Int32 decoratedMetadataToken, RuntimeType attributeFilterType, Boolean mustBeInheritable, ListBuilder`1 derivedAttributes)
   at System.Reflection.CustomAttribute.GetCustomAttributes(RuntimeModule decoratedModule, Int32 decoratedMetadataToken, Int32 pcaCount, RuntimeType attributeFilterType)
   at System.Reflection.CustomAttribute.GetCustomAttributes(RuntimeMethodInfo method, RuntimeType caType, Boolean inherit)
   at System.Attribute.GetCustomAttributes(MemberInfo element, Type attributeType, Boolean inherit)
   at System.Diagnostics.StackTrace.TryResolveStateMachineMethod(MethodBase& method, Type& declaringType)
   at System.Diagnostics.StackTrace.ToString(TraceFormat traceFormat, StringBuilder sb)
   at System.Diagnostics.StackTrace.ToString(TraceFormat traceFormat)
   at System.Exception.get_StackTrace()
   at System.Exception.ToString()
   at System.Text.StringBuilder.Append(Object value)
   at Microsoft.Extensions.Logging.EventLog.EventLogLogger.Log[TState](LogLevel logLevel, EventId eventId, TState state, Exception exception, Func`3 formatter)
   at Microsoft.Extensions.Logging.Logger.<Log>g__LoggerLog|14_0[TState](LogLevel logLevel, EventId eventId, ILogger logger, Exception exception, Func`3 formatter, List`1& exceptions, TState& state)<---

2026-01-11 19:43:49.7800||||Microsoft.Hosting.Lifetime|INFO|Application started. Press Ctrl+C to shut down. 
2026-01-11 19:43:49.8267||||Microsoft.Hosting.Lifetime|INFO|Hosting environment: Development 
2026-01-11 19:43:49.8267||||Microsoft.Hosting.Lifetime|INFO|Content root path: C:\Users\Wanwi\OneDrive\Desktop\TechVerse\TechVerse.Cms 
2026-01-11 19:43:58.3508|Default|00-30e85bf2cb39bf88663567cf277f848c-736bf59131aa4bba-00|1|Microsoft.AspNetCore.Diagnostics.DeveloperExceptionPageMiddleware|ERROR|An unhandled exception has occurred while executing the request. Microsoft.CSharp.RuntimeBinder.RuntimeBinderException: Cannot perform runtime binding on a null reference
   at CallSite.Target(Closure, CallSite, Object)
   at System.Dynamic.UpdateDelegates.UpdateAndExecute1[T0,TRet](CallSite site, T0 arg0)
   at AspNetCoreGeneratedDocument.Pages_Widgets_Partials__NewsWidget.ExecuteAsync() in C:\Users\Wanwi\OneDrive\Desktop\TechVerse\TechVerse.Cms\Pages\Widgets\Partials\_NewsWidget.cshtml:line 15
   at Microsoft.AspNetCore.Mvc.Razor.RazorView.RenderPageCoreAsync(IRazorPage page, ViewContext context)
   at Microsoft.AspNetCore.Mvc.Razor.RazorView.RenderPageAsync(IRazorPage page, ViewContext context, Boolean invokeViewStarts)
   at Microsoft.AspNetCore.Mvc.Razor.RazorView.RenderAsync(ViewContext context)
   at Microsoft.AspNetCore.Mvc.ViewFeatures.HtmlHelper.RenderPartialCoreAsync(String partialViewName, Object model, ViewDataDictionary viewData, TextWriter writer)
   at Microsoft.AspNetCore.Mvc.ViewFeatures.HtmlHelper.PartialAsync(String partialViewName, Object model, ViewDataDictionary viewData)
   at AspNetCoreGeneratedDocument.Pages_Home_Index.ExecuteAsync() in C:\Users\Wanwi\OneDrive\Desktop\TechVerse\TechVerse.Cms\Pages\Home\Index.cshtml:line 36
   at Microsoft.AspNetCore.Mvc.Razor.RazorView.RenderPageCoreAsync(IRazorPage page, ViewContext context)
   at Microsoft.AspNetCore.Mvc.Razor.RazorView.RenderPageAsync(IRazorPage page, ViewContext context, Boolean invokeViewStarts)
   at Microsoft.AspNetCore.Mvc.Razor.RazorView.RenderAsync(ViewContext context)
   at Microsoft.AspNetCore.Mvc.ViewFeatures.ViewExecutor.ExecuteAsync(ViewContext viewContext, String contentType, Nullable`1 statusCode)
   at Microsoft.AspNetCore.Mvc.ViewFeatures.ViewExecutor.ExecuteAsync(ViewContext viewContext, String contentType, Nullable`1 statusCode)
   at Microsoft.AspNetCore.Mvc.Infrastructure.ResourceInvoker.<InvokeNextResultFilterAsync>g__Awaited|30_0[TFilter,TFilterAsync](ResourceInvoker invoker, Task lastTask, State next, Scope scope, Object state, Boolean isCompleted)
   at Microsoft.AspNetCore.Mvc.Infrastructure.ResourceInvoker.Rethrow(ResultExecutedContextSealed context)
   at Microsoft.AspNetCore.Mvc.Infrastructure.ResourceInvoker.ResultNext[TFilter,TFilterAsync](State& next, Scope& scope, Object& state, Boolean& isCompleted)
   at Microsoft.AspNetCore.Mvc.Infrastructure.ResourceInvoker.<InvokeResultFilters>g__Awaited|28_0(ResourceInvoker invoker, Task lastTask, State next, Scope scope, Object state, Boolean isCompleted)
   at Microsoft.AspNetCore.Mvc.Infrastructure.ResourceInvoker.<InvokeNextResourceFilter>g__Awaited|25_0(ResourceInvoker invoker, Task lastTask, State next, Scope scope, Object state, Boolean isCompleted)
   at Microsoft.AspNetCore.Mvc.Infrastructure.ResourceInvoker.Rethrow(ResourceExecutedContextSealed context)
   at Microsoft.AspNetCore.Mvc.Infrastructure.ResourceInvoker.Next(State& next, Scope& scope, Object& state, Boolean& isCompleted)
   at Microsoft.AspNetCore.Mvc.Infrastructure.ResourceInvoker.<InvokeFilterPipelineAsync>g__Awaited|20_0(ResourceInvoker invoker, Task lastTask, State next, Scope scope, Object state, Boolean isCompleted)
   at Microsoft.AspNetCore.Mvc.Infrastructure.ResourceInvoker.<InvokeAsync>g__Awaited|17_0(ResourceInvoker invoker, Task task, IDisposable scope)
   at Microsoft.AspNetCore.Mvc.Infrastructure.ResourceInvoker.<InvokeAsync>g__Awaited|17_0(ResourceInvoker invoker, Task task, IDisposable scope)
   at Swashbuckle.AspNetCore.SwaggerUI.SwaggerUIMiddleware.Invoke(HttpContext httpContext)
   at Swashbuckle.AspNetCore.Swagger.SwaggerMiddleware.Invoke(HttpContext httpContext, ISwaggerProvider swaggerProvider)
   at SixLabors.ImageSharp.Web.Middleware.ImageSharpMiddleware.Invoke(HttpContext httpContext, Boolean retry)
   at OrchardCore.Media.Services.SecureMediaMiddleware.Invoke(HttpContext context, IAuthorizationService authorizationService, IAuthenticationService authenticationService)
   at Microsoft.AspNetCore.Authorization.AuthorizationMiddleware.Invoke(HttpContext context)
   at OrchardCore.Liquid.ScriptsMiddleware.Invoke(HttpContext httpContext)
   at Microsoft.AspNetCore.Authentication.AuthenticationMiddleware.Invoke(HttpContext context)
   at OrchardCore.Diagnostics.DiagnosticsStartupFilter.<>c__DisplayClass3_0.<<Configure>b__1>d.MoveNext()
--- End of stack trace from previous location ---
   at Microsoft.AspNetCore.Diagnostics.StatusCodePagesMiddleware.Invoke(HttpContext context)
   at OrchardCore.ContentPreview.PreviewStartupFilter.<>c.<<Configure>b__0_1>d.MoveNext()
--- End of stack trace from previous location ---
   at OrchardCore.Users.Services.ExternalAuthenticationsStartupFilter.<>c.<<Configure>b__0_1>d.MoveNext()
--- End of stack trace from previous location ---
   at OrchardCore.Modules.ModularTenantRouterMiddleware.Invoke(HttpContext httpContext)
   at OrchardCore.Modules.ModularTenantContainerMiddleware.<>c__DisplayClass4_0.<<Invoke>b__0>d.MoveNext()
--- End of stack trace from previous location ---
   at OrchardCore.Environment.Shell.Scope.ShellScope.UsingAsync(Func`2 execute, Boolean activateShell)
   at OrchardCore.Environment.Shell.Scope.ShellScope.UsingAsync(Func`2 execute, Boolean activateShell)
   at OrchardCore.Environment.Shell.Scope.ShellScope.UsingAsync(Func`2 execute, Boolean activateShell)
   at OrchardCore.Environment.Shell.Scope.ShellScope.UsingAsync(Func`2 execute, Boolean activateShell)
   at OrchardCore.Environment.Shell.Scope.ShellScope.UsingAsync(Func`2 execute, Boolean activateShell)
   at OrchardCore.Modules.ModularTenantContainerMiddleware.Invoke(HttpContext httpContext)
   at Microsoft.AspNetCore.Authentication.AuthenticationMiddleware.Invoke(HttpContext context)
   at Microsoft.AspNetCore.Diagnostics.DeveloperExceptionPageMiddlewareImpl.Invoke(HttpContext context)    at CallSite.Target(Closure, CallSite, Object)
   at System.Dynamic.UpdateDelegates.UpdateAndExecute1[T0,TRet](CallSite site, T0 arg0)
   at AspNetCoreGeneratedDocument.Pages_Widgets_Partials__NewsWidget.ExecuteAsync() in C:\Users\Wanwi\OneDrive\Desktop\TechVerse\TechVerse.Cms\Pages\Widgets\Partials\_NewsWidget.cshtml:line 15
   at Microsoft.AspNetCore.Mvc.Razor.RazorView.RenderPageCoreAsync(IRazorPage page, ViewContext context)
   at Microsoft.AspNetCore.Mvc.Razor.RazorView.RenderPageAsync(IRazorPage page, ViewContext context, Boolean invokeViewStarts)
   at Microsoft.AspNetCore.Mvc.Razor.RazorView.RenderAsync(ViewContext context)
   at Microsoft.AspNetCore.Mvc.ViewFeatures.HtmlHelper.RenderPartialCoreAsync(String partialViewName, Object model, ViewDataDictionary viewData, TextWriter writer)
   at Microsoft.AspNetCore.Mvc.ViewFeatures.HtmlHelper.PartialAsync(String partialViewName, Object model, ViewDataDictionary viewData)
   at AspNetCoreGeneratedDocument.Pages_Home_Index.ExecuteAsync() in C:\Users\Wanwi\OneDrive\Desktop\TechVerse\TechVerse.Cms\Pages\Home\Index.cshtml:line 36
   at Microsoft.AspNetCore.Mvc.Razor.RazorView.RenderPageCoreAsync(IRazorPage page, ViewContext context)
   at Microsoft.AspNetCore.Mvc.Razor.RazorView.RenderPageAsync(IRazorPage page, ViewContext context, Boolean invokeViewStarts)
   at Microsoft.AspNetCore.Mvc.Razor.RazorView.RenderAsync(ViewContext context)
   at Microsoft.AspNetCore.Mvc.ViewFeatures.ViewExecutor.ExecuteAsync(ViewContext viewContext, String contentType, Nullable`1 statusCode)
   at Microsoft.AspNetCore.Mvc.ViewFeatures.ViewExecutor.ExecuteAsync(ViewContext viewContext, String contentType, Nullable`1 statusCode)
   at Microsoft.AspNetCore.Mvc.Infrastructure.ResourceInvoker.<InvokeNextResultFilterAsync>g__Awaited|30_0[TFilter,TFilterAsync](ResourceInvoker invoker, Task lastTask, State next, Scope scope, Object state, Boolean isCompleted)
   at Microsoft.AspNetCore.Mvc.Infrastructure.ResourceInvoker.Rethrow(ResultExecutedContextSealed context)
   at Microsoft.AspNetCore.Mvc.Infrastructure.ResourceInvoker.ResultNext[TFilter,TFilterAsync](State& next, Scope& scope, Object& state, Boolean& isCompleted)
   at Microsoft.AspNetCore.Mvc.Infrastructure.ResourceInvoker.<InvokeResultFilters>g__Awaited|28_0(ResourceInvoker invoker, Task lastTask, State next, Scope scope, Object state, Boolean isCompleted)
   at Microsoft.AspNetCore.Mvc.Infrastructure.ResourceInvoker.<InvokeNextResourceFilter>g__Awaited|25_0(ResourceInvoker invoker, Task lastTask, State next, Scope scope, Object state, Boolean isCompleted)
   at Microsoft.AspNetCore.Mvc.Infrastructure.ResourceInvoker.Rethrow(ResourceExecutedContextSealed context)
   at Microsoft.AspNetCore.Mvc.Infrastructure.ResourceInvoker.Next(State& next, Scope& scope, Object& state, Boolean& isCompleted)
   at Microsoft.AspNetCore.Mvc.Infrastructure.ResourceInvoker.<InvokeFilterPipelineAsync>g__Awaited|20_0(ResourceInvoker invoker, Task lastTask, State next, Scope scope, Object state, Boolean isCompleted)
   at Microsoft.AspNetCore.Mvc.Infrastructure.ResourceInvoker.<InvokeAsync>g__Awaited|17_0(ResourceInvoker invoker, Task task, IDisposable scope)
   at Microsoft.AspNetCore.Mvc.Infrastructure.ResourceInvoker.<InvokeAsync>g__Awaited|17_0(ResourceInvoker invoker, Task task, IDisposable scope)
   at Swashbuckle.AspNetCore.SwaggerUI.SwaggerUIMiddleware.Invoke(HttpContext httpContext)
   at Swashbuckle.AspNetCore.Swagger.SwaggerMiddleware.Invoke(HttpContext httpContext, ISwaggerProvider swaggerProvider)
   at SixLabors.ImageSharp.Web.Middleware.ImageSharpMiddleware.Invoke(HttpContext httpContext, Boolean retry)
   at OrchardCore.Media.Services.SecureMediaMiddleware.Invoke(HttpContext context, IAuthorizationService authorizationService, IAuthenticationService authenticationService)
   at Microsoft.AspNetCore.Authorization.AuthorizationMiddleware.Invoke(HttpContext context)
   at OrchardCore.Liquid.ScriptsMiddleware.Invoke(HttpContext httpContext)
   at Microsoft.AspNetCore.Authentication.AuthenticationMiddleware.Invoke(HttpContext context)
   at OrchardCore.Diagnostics.DiagnosticsStartupFilter.<>c__DisplayClass3_0.<<Configure>b__1>d.MoveNext()
--- End of stack trace from previous location ---
   at Microsoft.AspNetCore.Diagnostics.StatusCodePagesMiddleware.Invoke(HttpContext context)
   at OrchardCore.ContentPreview.PreviewStartupFilter.<>c.<<Configure>b__0_1>d.MoveNext()
--- End of stack trace from previous location ---
   at OrchardCore.Users.Services.ExternalAuthenticationsStartupFilter.<>c.<<Configure>b__0_1>d.MoveNext()
--- End of stack trace from previous location ---
   at OrchardCore.Modules.ModularTenantRouterMiddleware.Invoke(HttpContext httpContext)
   at OrchardCore.Modules.ModularTenantContainerMiddleware.<>c__DisplayClass4_0.<<Invoke>b__0>d.MoveNext()
--- End of stack trace from previous location ---
   at OrchardCore.Environment.Shell.Scope.ShellScope.UsingAsync(Func`2 execute, Boolean activateShell)
   at OrchardCore.Environment.Shell.Scope.ShellScope.UsingAsync(Func`2 execute, Boolean activateShell)
   at OrchardCore.Environment.Shell.Scope.ShellScope.UsingAsync(Func`2 execute, Boolean activateShell)
   at OrchardCore.Environment.Shell.Scope.ShellScope.UsingAsync(Func`2 execute, Boolean activateShell)
   at OrchardCore.Environment.Shell.Scope.ShellScope.UsingAsync(Func`2 execute, Boolean activateShell)
   at OrchardCore.Modules.ModularTenantContainerMiddleware.Invoke(HttpContext httpContext)
   at Microsoft.AspNetCore.Authentication.AuthenticationMiddleware.Invoke(HttpContext context)
   at Microsoft.AspNetCore.Diagnostics.DeveloperExceptionPageMiddlewareImpl.Invoke(HttpContext context)
2026-01-11 20:28:50.9800|Default|00-9543d27e1680ba83e8dab5143c8ca76a-3fde82ed1f6ce716-00|3|Microsoft.WebTools.BrowserLink.Net.BrowserLinkMiddleware|WARN|Unable to configure Browser Link script injection on the response.  
2026-01-11 20:28:50.9949|Default|00-9543d27e1680ba83e8dab5143c8ca76a-3fde82ed1f6ce716-00|3|Microsoft.AspNetCore.Watch.BrowserRefresh.BrowserRefreshMiddleware|WARN|Unable to configure browser refresh script injection on the response. Consider manually adding '<script src="/_framework/aspnetcore-browser-refresh.js"></script>' to the body of the page. 
2026-01-11 20:29:03.6052|Default|00-4b18a4e8e2a0d7a01be638bded695bd0-bd8fa729040edf26-00|3|Microsoft.WebTools.BrowserLink.Net.BrowserLinkMiddleware|WARN|Unable to configure Browser Link script injection on the response.  
2026-01-11 20:29:03.6177|Default|00-4b18a4e8e2a0d7a01be638bded695bd0-bd8fa729040edf26-00|3|Microsoft.AspNetCore.Watch.BrowserRefresh.BrowserRefreshMiddleware|WARN|Unable to configure browser refresh script injection on the response. Consider manually adding '<script src="/_framework/aspnetcore-browser-refresh.js"></script>' to the body of the page. 
2026-01-11 21:05:44.8454|Default|00-b32901bd99ea8f3261ce0be5c46b187c-479ad94d64fd68f9-00|3|Microsoft.WebTools.BrowserLink.Net.BrowserLinkMiddleware|WARN|Unable to configure Browser Link script injection on the response.  
2026-01-11 21:05:44.8739|Default|00-b32901bd99ea8f3261ce0be5c46b187c-479ad94d64fd68f9-00|3|Microsoft.AspNetCore.Watch.BrowserRefresh.BrowserRefreshMiddleware|WARN|Unable to configure browser refresh script injection on the response. Consider manually adding '<script src="/_framework/aspnetcore-browser-refresh.js"></script>' to the body of the page. 
2026-01-11 21:09:28.8049|Default|00-55cbe5eebfd5b4e6ec6afd108ce24ed3-91cb2a53a1843f39-00|3|Microsoft.WebTools.BrowserLink.Net.BrowserLinkMiddleware|WARN|Unable to configure Browser Link script injection on the response.  
2026-01-11 21:09:28.8188|Default|00-55cbe5eebfd5b4e6ec6afd108ce24ed3-91cb2a53a1843f39-00|3|Microsoft.AspNetCore.Watch.BrowserRefresh.BrowserRefreshMiddleware|WARN|Unable to configure browser refresh script injection on the response. Consider manually adding '<script src="/_framework/aspnetcore-browser-refresh.js"></script>' to the body of the page. 
2026-01-11 21:09:30.1020|Default|00-7218fca10f755b0da8a17a5f63321d29-f642c24ddfb3f36d-00|3|Microsoft.WebTools.BrowserLink.Net.BrowserLinkMiddleware|WARN|Unable to configure Browser Link script injection on the response.  
2026-01-11 21:09:30.1097|Default|00-7218fca10f755b0da8a17a5f63321d29-f642c24ddfb3f36d-00|3|Microsoft.AspNetCore.Watch.BrowserRefresh.BrowserRefreshMiddleware|WARN|Unable to configure browser refresh script injection on the response. Consider manually adding '<script src="/_framework/aspnetcore-browser-refresh.js"></script>' to the body of the page. 
2026-01-11 22:37:27.3280||||Microsoft.Hosting.Lifetime|INFO|Application started. Press Ctrl+C to shut down. 
2026-01-11 22:37:27.3688||||Microsoft.Hosting.Lifetime|INFO|Hosting environment: Development 
2026-01-11 22:37:27.3756||||Microsoft.Hosting.Lifetime|INFO|Content root path: C:\Users\Public\TechVerse\TechVerse.Cms 
2026-01-11 22:40:49.6634|Default|00-cb9cecd3f5aae29e0beda28d3dbd0369-cde6a13faa708464-00|3|Microsoft.WebTools.BrowserLink.Net.BrowserLinkMiddleware|WARN|Unable to configure Browser Link script injection on the response.  
2026-01-11 22:40:49.7036|Default|00-cb9cecd3f5aae29e0beda28d3dbd0369-cde6a13faa708464-00|3|Microsoft.AspNetCore.Watch.BrowserRefresh.BrowserRefreshMiddleware|WARN|Unable to configure browser refresh script injection on the response. Consider manually adding '<script src="/_framework/aspnetcore-browser-refresh.js"></script>' to the body of the page. 
