2026-01-07 09:01:02.4006||||Microsoft.Hosting.Lifetime|INFO|Application started. Press Ctrl+C to shut down. 
2026-01-07 09:01:02.4426||||Microsoft.Hosting.Lifetime|INFO|Hosting environment: Development 
2026-01-07 09:01:02.4472||||Microsoft.Hosting.Lifetime|INFO|Content root path: C:\Users\Wanwi\OneDrive\Desktop\TechVerse\TechVerse.Cms 
2026-01-07 09:12:59.8597||||Microsoft.Hosting.Lifetime|INFO|Application started. Press Ctrl+C to shut down. 
2026-01-07 09:12:59.8966||||Microsoft.Hosting.Lifetime|INFO|Hosting environment: Development 
2026-01-07 09:12:59.8966||||Microsoft.Hosting.Lifetime|INFO|Content root path: C:\Users\Wanwi\OneDrive\Desktop\TechVerse\TechVerse.Cms 
2026-01-07 10:19:38.1828||||Microsoft.Hosting.Lifetime|INFO|Application started. Press Ctrl+C to shut down. 
2026-01-07 10:19:38.2399||||Microsoft.Hosting.Lifetime|INFO|Hosting environment: Development 
2026-01-07 10:19:38.2471||||Microsoft.Hosting.Lifetime|INFO|Content root path: C:\Users\Wanwi\OneDrive\Desktop\TechVerse\TechVerse.Cms 
2026-01-07 10:34:33.2683|Default|00-944d15306faef2cf430944bcf274c8f2-bba7e761ef7a262a-00|1|Microsoft.AspNetCore.Diagnostics.DeveloperExceptionPageMiddleware|ERROR|An unhandled exception has occurred while executing the request. NLog message: Exception in NLog.LayoutRenderers.ExceptionLayoutRenderer.AppendToString(): System.TypeLoadException. 
2026-01-07 10:34:33.3904|Default|00-944d15306faef2cf430944bcf274c8f2-bba7e761ef7a262a-00|2|Microsoft.AspNetCore.Server.IIS.Core.IISHttpServer|ERROR|Connection ID "17726168168495317715", Request ID "400002d4-0008-f600-b63f-84710c7967bb": An unhandled exception was thrown by the application. System.AggregateException: An error occurred while writing to logger(s). (Could not resolve type 'AspNetCoreGeneratedDocument.Pages_Article_Index' in assembly 'TechVerse.Cms, Version=1.0.0.0, Culture=neutral, PublicKeyToken=null'.) (Could not resolve type 'AspNetCoreGeneratedDocument.Pages_Article_Index' in assembly 'TechVerse.Cms, Version=1.0.0.0, Culture=neutral, PublicKeyToken=null'.) (Could not resolve type 'AspNetCoreGeneratedDocument.Pages_Article_Index' in assembly 'TechVerse.Cms, Version=1.0.0.0, Culture=neutral, PublicKeyToken=null'.)
 ---> System.TypeLoadException: Could not resolve type 'AspNetCoreGeneratedDocument.Pages_Article_Index' in assembly 'TechVerse.Cms, Version=1.0.0.0, Culture=neutral, PublicKeyToken=null'.
   at System.Reflection.TypeNameParser.GetTypeFromDefaultAssemblies(String typeName, ReadOnlySpan`1 nestedTypeNames)
   at System.Reflection.TypeNameParser.GetType(String typeName, ReadOnlySpan`1 nestedTypeNames, String assemblyNameIfAny)
   at System.Reflection.TypeNameParser.NestedNamespaceTypeName.ResolveType(TypeNameParser& parser, String containingAssemblyIfAny)
   at System.Reflection.TypeNameParser.GetTypeHelper(Char* pTypeName, RuntimeAssembly requestingAssembly, Boolean throwOnError, Boolean requireAssemblyQualifiedName)
   at System.Reflection.CustomAttribute._CreateCaObject(RuntimeModule pModule, RuntimeType type, IRuntimeMethodInfo pCtor, Byte** ppBlob, Byte* pEndBlob, Int32* pcNamedArgs)
   at System.Reflection.CustomAttribute.AddCustomAttributes(ListBuilder`1& attributes, RuntimeModule decoratedModule, Int32 decoratedMetadataToken, RuntimeType attributeFilterType, Boolean mustBeInheritable, ListBuilder`1 derivedAttributes)
   at System.Reflection.CustomAttribute.GetCustomAttributes(RuntimeModule decoratedModule, Int32 decoratedMetadataToken, Int32 pcaCount, RuntimeType attributeFilterType)
   at System.Reflection.CustomAttribute.GetCustomAttributes(RuntimeMethodInfo method, RuntimeType caType, Boolean inherit)
   at System.Attribute.GetCustomAttributes(MemberInfo element, Type attributeType, Boolean inherit)
   at System.Diagnostics.StackTrace.TryResolveStateMachineMethod(MethodBase& method, Type& declaringType)
   at System.Diagnostics.StackTrace.ToString(TraceFormat traceFormat, StringBuilder sb)
   at System.Diagnostics.StackTrace.ToString(TraceFormat traceFormat)
   at System.Exception.get_StackTrace()
   at System.Exception.ToString()
   at Microsoft.Extensions.Logging.Console.SimpleConsoleFormatter.CreateDefaultLogMessage[TState](TextWriter textWriter, LogEntry`1& logEntry, String message, IExternalScopeProvider scopeProvider)
   at Microsoft.Extensions.Logging.Console.SimpleConsoleFormatter.Write[TState](LogEntry`1& logEntry, IExternalScopeProvider scopeProvider, TextWriter textWriter)
   at Microsoft.Extensions.Logging.Console.ConsoleLogger.Log[TState](LogLevel logLevel, EventId eventId, TState state, Exception exception, Func`3 formatter)
   at Microsoft.Extensions.Logging.Logger.<Log>g__LoggerLog|14_0[TState](LogLevel logLevel, EventId eventId, ILogger logger, Exception exception, Func`3 formatter, List`1& exceptions, TState& state)
   --- End of inner exception stack trace ---
 ---> (Inner Exception #1) System.TypeLoadException: Could not resolve type 'AspNetCoreGeneratedDocument.Pages_Article_Index' in assembly 'TechVerse.Cms, Version=1.0.0.0, Culture=neutral, PublicKeyToken=null'.
   at System.Reflection.TypeNameParser.GetTypeFromDefaultAssemblies(String typeName, ReadOnlySpan`1 nestedTypeNames)
   at System.Reflection.TypeNameParser.GetType(String typeName, ReadOnlySpan`1 nestedTypeNames, String assemblyNameIfAny)
   at System.Reflection.TypeNameParser.NestedNamespaceTypeName.ResolveType(TypeNameParser& parser, String containingAssemblyIfAny)
   at System.Reflection.TypeNameParser.GetTypeHelper(Char* pTypeName, RuntimeAssembly requestingAssembly, Boolean throwOnError, Boolean requireAssemblyQualifiedName)
   at System.Reflection.CustomAttribute._CreateCaObject(RuntimeModule pModule, RuntimeType type, IRuntimeMethodInfo pCtor, Byte** ppBlob, Byte* pEndBlob, Int32* pcNamedArgs)
   at System.Reflection.CustomAttribute.AddCustomAttributes(ListBuilder`1& attributes, RuntimeModule decoratedModule, Int32 decoratedMetadataToken, RuntimeType attributeFilterType, Boolean mustBeInheritable, ListBuilder`1 derivedAttributes)
   at System.Reflection.CustomAttribute.GetCustomAttributes(RuntimeModule decoratedModule, Int32 decoratedMetadataToken, Int32 pcaCount, RuntimeType attributeFilterType)
   at System.Reflection.CustomAttribute.GetCustomAttributes(RuntimeMethodInfo method, RuntimeType caType, Boolean inherit)
   at System.Attribute.GetCustomAttributes(MemberInfo element, Type attributeType, Boolean inherit)
   at System.Diagnostics.StackTrace.TryResolveStateMachineMethod(MethodBase& method, Type& declaringType)
   at System.Diagnostics.StackTrace.ToString(TraceFormat traceFormat, StringBuilder sb)
   at System.Diagnostics.StackTrace.ToString(TraceFormat traceFormat)
   at System.Exception.get_StackTrace()
   at System.Exception.ToString()
   at Microsoft.Extensions.Logging.Debug.DebugLogger.Log[TState](LogLevel logLevel, EventId eventId, TState state, Exception exception, Func`3 formatter)
   at Microsoft.Extensions.Logging.Logger.<Log>g__LoggerLog|14_0[TState](LogLevel logLevel, EventId eventId, ILogger logger, Exception exception, Func`3 formatter, List`1& exceptions, TState& state)<---

 ---> (Inner Exception #2) System.TypeLoadException: Could not resolve type 'AspNetCoreGeneratedDocument.Pages_Article_Index' in assembly 'TechVerse.Cms, Version=1.0.0.0, Culture=neutral, PublicKeyToken=null'.
   at System.Reflection.TypeNameParser.GetTypeFromDefaultAssemblies(String typeName, ReadOnlySpan`1 nestedTypeNames)
   at System.Reflection.TypeNameParser.GetType(String typeName, ReadOnlySpan`1 nestedTypeNames, String assemblyNameIfAny)
   at System.Reflection.TypeNameParser.NestedNamespaceTypeName.ResolveType(TypeNameParser& parser, String containingAssemblyIfAny)
   at System.Reflection.TypeNameParser.GetTypeHelper(Char* pTypeName, RuntimeAssembly requestingAssembly, Boolean throwOnError, Boolean requireAssemblyQualifiedName)
   at System.Reflection.CustomAttribute._CreateCaObject(RuntimeModule pModule, RuntimeType type, IRuntimeMethodInfo pCtor, Byte** ppBlob, Byte* pEndBlob, Int32* pcNamedArgs)
   at System.Reflection.CustomAttribute.AddCustomAttributes(ListBuilder`1& attributes, RuntimeModule decoratedModule, Int32 decoratedMetadataToken, RuntimeType attributeFilterType, Boolean mustBeInheritable, ListBuilder`1 derivedAttributes)
   at System.Reflection.CustomAttribute.GetCustomAttributes(RuntimeModule decoratedModule, Int32 decoratedMetadataToken, Int32 pcaCount, RuntimeType attributeFilterType)
   at System.Reflection.CustomAttribute.GetCustomAttributes(RuntimeMethodInfo method, RuntimeType caType, Boolean inherit)
   at System.Attribute.GetCustomAttributes(MemberInfo element, Type attributeType, Boolean inherit)
   at System.Diagnostics.StackTrace.TryResolveStateMachineMethod(MethodBase& method, Type& declaringType)
   at System.Diagnostics.StackTrace.ToString(TraceFormat traceFormat, StringBuilder sb)
   at System.Diagnostics.StackTrace.ToString(TraceFormat traceFormat)
   at System.Exception.get_StackTrace()
   at System.Exception.ToString()
   at System.Text.StringBuilder.Append(Object value)
   at Microsoft.Extensions.Logging.EventLog.EventLogLogger.Log[TState](LogLevel logLevel, EventId eventId, TState state, Exception exception, Func`3 formatter)
   at Microsoft.Extensions.Logging.Logger.<Log>g__LoggerLog|14_0[TState](LogLevel logLevel, EventId eventId, ILogger logger, Exception exception, Func`3 formatter, List`1& exceptions, TState& state)<---

2026-01-07 10:35:07.5738|Default|00-02e3970a56a6775d8c4a7a09707597cf-357c0b48b76e4cc1-00|1|Microsoft.AspNetCore.Diagnostics.DeveloperExceptionPageMiddleware|ERROR|An unhandled exception has occurred while executing the request. NLog message: Exception in NLog.LayoutRenderers.ExceptionLayoutRenderer.AppendToString(): System.TypeLoadException. 
2026-01-07 10:35:07.6175|Default|00-02e3970a56a6775d8c4a7a09707597cf-357c0b48b76e4cc1-00|2|Microsoft.AspNetCore.Server.IIS.Core.IISHttpServer|ERROR|Connection ID "17942340924839297285", Request ID "40000106-0002-f900-b63f-84710c7967bb": An unhandled exception was thrown by the application. System.AggregateException: An error occurred while writing to logger(s). (Could not resolve type 'AspNetCoreGeneratedDocument.Pages_Article_Index' in assembly 'TechVerse.Cms, Version=1.0.0.0, Culture=neutral, PublicKeyToken=null'.) (Could not resolve type 'AspNetCoreGeneratedDocument.Pages_Article_Index' in assembly 'TechVerse.Cms, Version=1.0.0.0, Culture=neutral, PublicKeyToken=null'.) (Could not resolve type 'AspNetCoreGeneratedDocument.Pages_Article_Index' in assembly 'TechVerse.Cms, Version=1.0.0.0, Culture=neutral, PublicKeyToken=null'.)
 ---> System.TypeLoadException: Could not resolve type 'AspNetCoreGeneratedDocument.Pages_Article_Index' in assembly 'TechVerse.Cms, Version=1.0.0.0, Culture=neutral, PublicKeyToken=null'.
   at System.Reflection.TypeNameParser.GetTypeFromDefaultAssemblies(String typeName, ReadOnlySpan`1 nestedTypeNames)
   at System.Reflection.TypeNameParser.GetType(String typeName, ReadOnlySpan`1 nestedTypeNames, String assemblyNameIfAny)
   at System.Reflection.TypeNameParser.NestedNamespaceTypeName.ResolveType(TypeNameParser& parser, String containingAssemblyIfAny)
   at System.Reflection.TypeNameParser.GetTypeHelper(Char* pTypeName, RuntimeAssembly requestingAssembly, Boolean throwOnError, Boolean requireAssemblyQualifiedName)
   at System.Reflection.CustomAttribute._CreateCaObject(RuntimeModule pModule, RuntimeType type, IRuntimeMethodInfo pCtor, Byte** ppBlob, Byte* pEndBlob, Int32* pcNamedArgs)
   at System.Reflection.CustomAttribute.AddCustomAttributes(ListBuilder`1& attributes, RuntimeModule decoratedModule, Int32 decoratedMetadataToken, RuntimeType attributeFilterType, Boolean mustBeInheritable, ListBuilder`1 derivedAttributes)
   at System.Reflection.CustomAttribute.GetCustomAttributes(RuntimeModule decoratedModule, Int32 decoratedMetadataToken, Int32 pcaCount, RuntimeType attributeFilterType)
   at System.Reflection.CustomAttribute.GetCustomAttributes(RuntimeMethodInfo method, RuntimeType caType, Boolean inherit)
   at System.Attribute.GetCustomAttributes(MemberInfo element, Type attributeType, Boolean inherit)
   at System.Diagnostics.StackTrace.TryResolveStateMachineMethod(MethodBase& method, Type& declaringType)
   at System.Diagnostics.StackTrace.ToString(TraceFormat traceFormat, StringBuilder sb)
   at System.Diagnostics.StackTrace.ToString(TraceFormat traceFormat)
   at System.Exception.get_StackTrace()
   at System.Exception.ToString()
   at Microsoft.Extensions.Logging.Console.SimpleConsoleFormatter.CreateDefaultLogMessage[TState](TextWriter textWriter, LogEntry`1& logEntry, String message, IExternalScopeProvider scopeProvider)
   at Microsoft.Extensions.Logging.Console.SimpleConsoleFormatter.Write[TState](LogEntry`1& logEntry, IExternalScopeProvider scopeProvider, TextWriter textWriter)
   at Microsoft.Extensions.Logging.Console.ConsoleLogger.Log[TState](LogLevel logLevel, EventId eventId, TState state, Exception exception, Func`3 formatter)
   at Microsoft.Extensions.Logging.Logger.<Log>g__LoggerLog|14_0[TState](LogLevel logLevel, EventId eventId, ILogger logger, Exception exception, Func`3 formatter, List`1& exceptions, TState& state)
   --- End of inner exception stack trace ---
 ---> (Inner Exception #1) System.TypeLoadException: Could not resolve type 'AspNetCoreGeneratedDocument.Pages_Article_Index' in assembly 'TechVerse.Cms, Version=1.0.0.0, Culture=neutral, PublicKeyToken=null'.
   at System.Reflection.TypeNameParser.GetTypeFromDefaultAssemblies(String typeName, ReadOnlySpan`1 nestedTypeNames)
   at System.Reflection.TypeNameParser.GetType(String typeName, ReadOnlySpan`1 nestedTypeNames, String assemblyNameIfAny)
   at System.Reflection.TypeNameParser.NestedNamespaceTypeName.ResolveType(TypeNameParser& parser, String containingAssemblyIfAny)
   at System.Reflection.TypeNameParser.GetTypeHelper(Char* pTypeName, RuntimeAssembly requestingAssembly, Boolean throwOnError, Boolean requireAssemblyQualifiedName)
   at System.Reflection.CustomAttribute._CreateCaObject(RuntimeModule pModule, RuntimeType type, IRuntimeMethodInfo pCtor, Byte** ppBlob, Byte* pEndBlob, Int32* pcNamedArgs)
   at System.Reflection.CustomAttribute.AddCustomAttributes(ListBuilder`1& attributes, RuntimeModule decoratedModule, Int32 decoratedMetadataToken, RuntimeType attributeFilterType, Boolean mustBeInheritable, ListBuilder`1 derivedAttributes)
   at System.Reflection.CustomAttribute.GetCustomAttributes(RuntimeModule decoratedModule, Int32 decoratedMetadataToken, Int32 pcaCount, RuntimeType attributeFilterType)
   at System.Reflection.CustomAttribute.GetCustomAttributes(RuntimeMethodInfo method, RuntimeType caType, Boolean inherit)
   at System.Attribute.GetCustomAttributes(MemberInfo element, Type attributeType, Boolean inherit)
   at System.Diagnostics.StackTrace.TryResolveStateMachineMethod(MethodBase& method, Type& declaringType)
   at System.Diagnostics.StackTrace.ToString(TraceFormat traceFormat, StringBuilder sb)
   at System.Diagnostics.StackTrace.ToString(TraceFormat traceFormat)
   at System.Exception.get_StackTrace()
   at System.Exception.ToString()
   at Microsoft.Extensions.Logging.Debug.DebugLogger.Log[TState](LogLevel logLevel, EventId eventId, TState state, Exception exception, Func`3 formatter)
   at Microsoft.Extensions.Logging.Logger.<Log>g__LoggerLog|14_0[TState](LogLevel logLevel, EventId eventId, ILogger logger, Exception exception, Func`3 formatter, List`1& exceptions, TState& state)<---

 ---> (Inner Exception #2) System.TypeLoadException: Could not resolve type 'AspNetCoreGeneratedDocument.Pages_Article_Index' in assembly 'TechVerse.Cms, Version=1.0.0.0, Culture=neutral, PublicKeyToken=null'.
   at System.Reflection.TypeNameParser.GetTypeFromDefaultAssemblies(String typeName, ReadOnlySpan`1 nestedTypeNames)
   at System.Reflection.TypeNameParser.GetType(String typeName, ReadOnlySpan`1 nestedTypeNames, String assemblyNameIfAny)
   at System.Reflection.TypeNameParser.NestedNamespaceTypeName.ResolveType(TypeNameParser& parser, String containingAssemblyIfAny)
   at System.Reflection.TypeNameParser.GetTypeHelper(Char* pTypeName, RuntimeAssembly requestingAssembly, Boolean throwOnError, Boolean requireAssemblyQualifiedName)
   at System.Reflection.CustomAttribute._CreateCaObject(RuntimeModule pModule, RuntimeType type, IRuntimeMethodInfo pCtor, Byte** ppBlob, Byte* pEndBlob, Int32* pcNamedArgs)
   at System.Reflection.CustomAttribute.AddCustomAttributes(ListBuilder`1& attributes, RuntimeModule decoratedModule, Int32 decoratedMetadataToken, RuntimeType attributeFilterType, Boolean mustBeInheritable, ListBuilder`1 derivedAttributes)
   at System.Reflection.CustomAttribute.GetCustomAttributes(RuntimeModule decoratedModule, Int32 decoratedMetadataToken, Int32 pcaCount, RuntimeType attributeFilterType)
   at System.Reflection.CustomAttribute.GetCustomAttributes(RuntimeMethodInfo method, RuntimeType caType, Boolean inherit)
   at System.Attribute.GetCustomAttributes(MemberInfo element, Type attributeType, Boolean inherit)
   at System.Diagnostics.StackTrace.TryResolveStateMachineMethod(MethodBase& method, Type& declaringType)
   at System.Diagnostics.StackTrace.ToString(TraceFormat traceFormat, StringBuilder sb)
   at System.Diagnostics.StackTrace.ToString(TraceFormat traceFormat)
   at System.Exception.get_StackTrace()
   at System.Exception.ToString()
   at System.Text.StringBuilder.Append(Object value)
   at Microsoft.Extensions.Logging.EventLog.EventLogLogger.Log[TState](LogLevel logLevel, EventId eventId, TState state, Exception exception, Func`3 formatter)
   at Microsoft.Extensions.Logging.Logger.<Log>g__LoggerLog|14_0[TState](LogLevel logLevel, EventId eventId, ILogger logger, Exception exception, Func`3 formatter, List`1& exceptions, TState& state)<---

2026-01-07 10:36:15.3653|Default|00-af980149eb8cbcb43ce642da6eb7056f-5262f6eca1947eae-00|1|Microsoft.AspNetCore.Diagnostics.DeveloperExceptionPageMiddleware|ERROR|An unhandled exception has occurred while executing the request. NLog message: Exception in NLog.LayoutRenderers.ExceptionLayoutRenderer.AppendToString(): System.TypeLoadException. 
2026-01-07 10:36:15.4000|Default|00-af980149eb8cbcb43ce642da6eb7056f-5262f6eca1947eae-00|2|Microsoft.AspNetCore.Server.IIS.Core.IISHttpServer|ERROR|Connection ID "17942340942019166523", Request ID "4000013c-0006-f900-b63f-84710c7967bb": An unhandled exception was thrown by the application. System.AggregateException: An error occurred while writing to logger(s). (Could not resolve type 'AspNetCoreGeneratedDocument.Pages_Article_Index' in assembly 'TechVerse.Cms, Version=1.0.0.0, Culture=neutral, PublicKeyToken=null'.) (Could not resolve type 'AspNetCoreGeneratedDocument.Pages_Article_Index' in assembly 'TechVerse.Cms, Version=1.0.0.0, Culture=neutral, PublicKeyToken=null'.) (Could not resolve type 'AspNetCoreGeneratedDocument.Pages_Article_Index' in assembly 'TechVerse.Cms, Version=1.0.0.0, Culture=neutral, PublicKeyToken=null'.)
 ---> System.TypeLoadException: Could not resolve type 'AspNetCoreGeneratedDocument.Pages_Article_Index' in assembly 'TechVerse.Cms, Version=1.0.0.0, Culture=neutral, PublicKeyToken=null'.
   at System.Reflection.TypeNameParser.GetTypeFromDefaultAssemblies(String typeName, ReadOnlySpan`1 nestedTypeNames)
   at System.Reflection.TypeNameParser.GetType(String typeName, ReadOnlySpan`1 nestedTypeNames, String assemblyNameIfAny)
   at System.Reflection.TypeNameParser.NestedNamespaceTypeName.ResolveType(TypeNameParser& parser, String containingAssemblyIfAny)
   at System.Reflection.TypeNameParser.GetTypeHelper(Char* pTypeName, RuntimeAssembly requestingAssembly, Boolean throwOnError, Boolean requireAssemblyQualifiedName)
   at System.Reflection.CustomAttribute._CreateCaObject(RuntimeModule pModule, RuntimeType type, IRuntimeMethodInfo pCtor, Byte** ppBlob, Byte* pEndBlob, Int32* pcNamedArgs)
   at System.Reflection.CustomAttribute.AddCustomAttributes(ListBuilder`1& attributes, RuntimeModule decoratedModule, Int32 decoratedMetadataToken, RuntimeType attributeFilterType, Boolean mustBeInheritable, ListBuilder`1 derivedAttributes)
   at System.Reflection.CustomAttribute.GetCustomAttributes(RuntimeModule decoratedModule, Int32 decoratedMetadataToken, Int32 pcaCount, RuntimeType attributeFilterType)
   at System.Reflection.CustomAttribute.GetCustomAttributes(RuntimeMethodInfo method, RuntimeType caType, Boolean inherit)
   at System.Attribute.GetCustomAttributes(MemberInfo element, Type attributeType, Boolean inherit)
   at System.Diagnostics.StackTrace.TryResolveStateMachineMethod(MethodBase& method, Type& declaringType)
   at System.Diagnostics.StackTrace.ToString(TraceFormat traceFormat, StringBuilder sb)
   at System.Exception.get_StackTrace()
   at System.Exception.ToString()
   at Microsoft.Extensions.Logging.Console.SimpleConsoleFormatter.CreateDefaultLogMessage[TState](TextWriter textWriter, LogEntry`1& logEntry, String message, IExternalScopeProvider scopeProvider)
   at Microsoft.Extensions.Logging.Console.SimpleConsoleFormatter.Write[TState](LogEntry`1& logEntry, IExternalScopeProvider scopeProvider, TextWriter textWriter)
   at Microsoft.Extensions.Logging.Console.ConsoleLogger.Log[TState](LogLevel logLevel, EventId eventId, TState state, Exception exception, Func`3 formatter)
   at Microsoft.Extensions.Logging.Logger.<Log>g__LoggerLog|14_0[TState](LogLevel logLevel, EventId eventId, ILogger logger, Exception exception, Func`3 formatter, List`1& exceptions, TState& state)
   --- End of inner exception stack trace ---
 ---> (Inner Exception #1) System.TypeLoadException: Could not resolve type 'AspNetCoreGeneratedDocument.Pages_Article_Index' in assembly 'TechVerse.Cms, Version=1.0.0.0, Culture=neutral, PublicKeyToken=null'.
   at System.Reflection.TypeNameParser.GetTypeFromDefaultAssemblies(String typeName, ReadOnlySpan`1 nestedTypeNames)
   at System.Reflection.TypeNameParser.GetType(String typeName, ReadOnlySpan`1 nestedTypeNames, String assemblyNameIfAny)
   at System.Reflection.TypeNameParser.NestedNamespaceTypeName.ResolveType(TypeNameParser& parser, String containingAssemblyIfAny)
   at System.Reflection.TypeNameParser.GetTypeHelper(Char* pTypeName, RuntimeAssembly requestingAssembly, Boolean throwOnError, Boolean requireAssemblyQualifiedName)
   at System.Reflection.CustomAttribute._CreateCaObject(RuntimeModule pModule, RuntimeType type, IRuntimeMethodInfo pCtor, Byte** ppBlob, Byte* pEndBlob, Int32* pcNamedArgs)
   at System.Reflection.CustomAttribute.AddCustomAttributes(ListBuilder`1& attributes, RuntimeModule decoratedModule, Int32 decoratedMetadataToken, RuntimeType attributeFilterType, Boolean mustBeInheritable, ListBuilder`1 derivedAttributes)
   at System.Reflection.CustomAttribute.GetCustomAttributes(RuntimeModule decoratedModule, Int32 decoratedMetadataToken, Int32 pcaCount, RuntimeType attributeFilterType)
   at System.Reflection.CustomAttribute.GetCustomAttributes(RuntimeMethodInfo method, RuntimeType caType, Boolean inherit)
   at System.Attribute.GetCustomAttributes(MemberInfo element, Type attributeType, Boolean inherit)
   at System.Diagnostics.StackTrace.TryResolveStateMachineMethod(MethodBase& method, Type& declaringType)
   at System.Diagnostics.StackTrace.ToString(TraceFormat traceFormat, StringBuilder sb)
   at System.Exception.get_StackTrace()
   at System.Exception.ToString()
   at Microsoft.Extensions.Logging.Debug.DebugLogger.Log[TState](LogLevel logLevel, EventId eventId, TState state, Exception exception, Func`3 formatter)
   at Microsoft.Extensions.Logging.Logger.<Log>g__LoggerLog|14_0[TState](LogLevel logLevel, EventId eventId, ILogger logger, Exception exception, Func`3 formatter, List`1& exceptions, TState& state)<---

 ---> (Inner Exception #2) System.TypeLoadException: Could not resolve type 'AspNetCoreGeneratedDocument.Pages_Article_Index' in assembly 'TechVerse.Cms, Version=1.0.0.0, Culture=neutral, PublicKeyToken=null'.
   at System.Reflection.TypeNameParser.GetTypeFromDefaultAssemblies(String typeName, ReadOnlySpan`1 nestedTypeNames)
   at System.Reflection.TypeNameParser.GetType(String typeName, ReadOnlySpan`1 nestedTypeNames, String assemblyNameIfAny)
   at System.Reflection.TypeNameParser.NestedNamespaceTypeName.ResolveType(TypeNameParser& parser, String containingAssemblyIfAny)
   at System.Reflection.TypeNameParser.GetTypeHelper(Char* pTypeName, RuntimeAssembly requestingAssembly, Boolean throwOnError, Boolean requireAssemblyQualifiedName)
   at System.Reflection.CustomAttribute._CreateCaObject(RuntimeModule pModule, RuntimeType type, IRuntimeMethodInfo pCtor, Byte** ppBlob, Byte* pEndBlob, Int32* pcNamedArgs)
   at System.Reflection.CustomAttribute.AddCustomAttributes(ListBuilder`1& attributes, RuntimeModule decoratedModule, Int32 decoratedMetadataToken, RuntimeType attributeFilterType, Boolean mustBeInheritable, ListBuilder`1 derivedAttributes)
   at System.Reflection.CustomAttribute.GetCustomAttributes(RuntimeModule decoratedModule, Int32 decoratedMetadataToken, Int32 pcaCount, RuntimeType attributeFilterType)
   at System.Reflection.CustomAttribute.GetCustomAttributes(RuntimeMethodInfo method, RuntimeType caType, Boolean inherit)
   at System.Attribute.GetCustomAttributes(MemberInfo element, Type attributeType, Boolean inherit)
   at System.Diagnostics.StackTrace.TryResolveStateMachineMethod(MethodBase& method, Type& declaringType)
   at System.Diagnostics.StackTrace.ToString(TraceFormat traceFormat, StringBuilder sb)
   at System.Exception.get_StackTrace()
   at System.Exception.ToString()
   at System.Text.StringBuilder.Append(Object value)
   at Microsoft.Extensions.Logging.EventLog.EventLogLogger.Log[TState](LogLevel logLevel, EventId eventId, TState state, Exception exception, Func`3 formatter)
   at Microsoft.Extensions.Logging.Logger.<Log>g__LoggerLog|14_0[TState](LogLevel logLevel, EventId eventId, ILogger logger, Exception exception, Func`3 formatter, List`1& exceptions, TState& state)<---

2026-01-07 10:36:40.9598||||Microsoft.Hosting.Lifetime|INFO|Application started. Press Ctrl+C to shut down. 
2026-01-07 10:36:41.0030||||Microsoft.Hosting.Lifetime|INFO|Hosting environment: Development 
2026-01-07 10:36:41.0089||||Microsoft.Hosting.Lifetime|INFO|Content root path: C:\Users\Wanwi\OneDrive\Desktop\TechVerse\TechVerse.Cms 
2026-01-07 10:36:52.0082|Default|00-559963cabd7cdaaee57cd74a2e386201-1f85b2d26c7a1730-00|1|Microsoft.AspNetCore.Diagnostics.DeveloperExceptionPageMiddleware|ERROR|An unhandled exception has occurred while executing the request. Microsoft.CSharp.RuntimeBinder.RuntimeBinderException: The best overloaded method match for 'string.IsNullOrEmpty(string)' has some invalid arguments
   at CallSite.Target(Closure, CallSite, Type, Object)
   at System.Dynamic.UpdateDelegates.UpdateAndExecute2[T0,T1,TRet](CallSite site, T0 arg0, T1 arg1)
   at AspNetCoreGeneratedDocument.Pages_Article_Index.ExecuteAsync() in C:\Users\Wanwi\OneDrive\Desktop\TechVerse\TechVerse.Cms\Pages\Article\Index.cshtml:line 45
   at Microsoft.AspNetCore.Mvc.Razor.RazorView.RenderPageCoreAsync(IRazorPage page, ViewContext context)
   at Microsoft.AspNetCore.Mvc.Razor.RazorView.RenderPageAsync(IRazorPage page, ViewContext context, Boolean invokeViewStarts)
   at Microsoft.AspNetCore.Mvc.Razor.RazorView.RenderAsync(ViewContext context)
   at Microsoft.AspNetCore.Mvc.ViewFeatures.ViewExecutor.ExecuteAsync(ViewContext viewContext, String contentType, Nullable`1 statusCode)
   at Microsoft.AspNetCore.Mvc.ViewFeatures.ViewExecutor.ExecuteAsync(ViewContext viewContext, String contentType, Nullable`1 statusCode)
   at Microsoft.AspNetCore.Mvc.Infrastructure.ResourceInvoker.<InvokeNextResultFilterAsync>g__Awaited|30_0[TFilter,TFilterAsync](ResourceInvoker invoker, Task lastTask, State next, Scope scope, Object state, Boolean isCompleted)
   at Microsoft.AspNetCore.Mvc.Infrastructure.ResourceInvoker.Rethrow(ResultExecutedContextSealed context)
   at Microsoft.AspNetCore.Mvc.Infrastructure.ResourceInvoker.ResultNext[TFilter,TFilterAsync](State& next, Scope& scope, Object& state, Boolean& isCompleted)
   at Microsoft.AspNetCore.Mvc.Infrastructure.ResourceInvoker.<InvokeResultFilters>g__Awaited|28_0(ResourceInvoker invoker, Task lastTask, State next, Scope scope, Object state, Boolean isCompleted)
   at Microsoft.AspNetCore.Mvc.Infrastructure.ResourceInvoker.<InvokeNextResourceFilter>g__Awaited|25_0(ResourceInvoker invoker, Task lastTask, State next, Scope scope, Object state, Boolean isCompleted)
   at Microsoft.AspNetCore.Mvc.Infrastructure.ResourceInvoker.Rethrow(ResourceExecutedContextSealed context)
   at Microsoft.AspNetCore.Mvc.Infrastructure.ResourceInvoker.Next(State& next, Scope& scope, Object& state, Boolean& isCompleted)
   at Microsoft.AspNetCore.Mvc.Infrastructure.ResourceInvoker.<InvokeFilterPipelineAsync>g__Awaited|20_0(ResourceInvoker invoker, Task lastTask, State next, Scope scope, Object state, Boolean isCompleted)
   at Microsoft.AspNetCore.Mvc.Infrastructure.ResourceInvoker.<InvokeAsync>g__Awaited|17_0(ResourceInvoker invoker, Task task, IDisposable scope)
   at Microsoft.AspNetCore.Mvc.Infrastructure.ResourceInvoker.<InvokeAsync>g__Awaited|17_0(ResourceInvoker invoker, Task task, IDisposable scope)
   at SixLabors.ImageSharp.Web.Middleware.ImageSharpMiddleware.Invoke(HttpContext httpContext, Boolean retry)
   at Microsoft.AspNetCore.Authorization.AuthorizationMiddleware.Invoke(HttpContext context)
   at OrchardCore.Liquid.ScriptsMiddleware.Invoke(HttpContext httpContext)
   at Microsoft.AspNetCore.Authentication.AuthenticationMiddleware.Invoke(HttpContext context)
   at OrchardCore.Diagnostics.DiagnosticsStartupFilter.<>c__DisplayClass3_0.<<Configure>b__1>d.MoveNext()
--- End of stack trace from previous location ---
   at Microsoft.AspNetCore.Diagnostics.StatusCodePagesMiddleware.Invoke(HttpContext context)
   at OrchardCore.ContentPreview.PreviewStartupFilter.<>c.<<Configure>b__0_1>d.MoveNext()
--- End of stack trace from previous location ---
   at OrchardCore.Users.Services.ExternalAuthenticationsStartupFilter.<>c.<<Configure>b__0_1>d.MoveNext()
--- End of stack trace from previous location ---
   at OrchardCore.Modules.ModularTenantRouterMiddleware.Invoke(HttpContext httpContext)
   at OrchardCore.Modules.ModularTenantContainerMiddleware.<>c__DisplayClass4_0.<<Invoke>b__0>d.MoveNext()
--- End of stack trace from previous location ---
   at OrchardCore.Environment.Shell.Scope.ShellScope.UsingAsync(Func`2 execute, Boolean activateShell)
   at OrchardCore.Environment.Shell.Scope.ShellScope.UsingAsync(Func`2 execute, Boolean activateShell)
   at OrchardCore.Environment.Shell.Scope.ShellScope.UsingAsync(Func`2 execute, Boolean activateShell)
   at OrchardCore.Environment.Shell.Scope.ShellScope.UsingAsync(Func`2 execute, Boolean activateShell)
   at OrchardCore.Environment.Shell.Scope.ShellScope.UsingAsync(Func`2 execute, Boolean activateShell)
   at OrchardCore.Modules.ModularTenantContainerMiddleware.Invoke(HttpContext httpContext)
   at Microsoft.AspNetCore.Authentication.AuthenticationMiddleware.Invoke(HttpContext context)
   at Microsoft.AspNetCore.Diagnostics.DeveloperExceptionPageMiddlewareImpl.Invoke(HttpContext context)    at CallSite.Target(Closure, CallSite, Type, Object)
   at System.Dynamic.UpdateDelegates.UpdateAndExecute2[T0,T1,TRet](CallSite site, T0 arg0, T1 arg1)
   at AspNetCoreGeneratedDocument.Pages_Article_Index.ExecuteAsync() in C:\Users\Wanwi\OneDrive\Desktop\TechVerse\TechVerse.Cms\Pages\Article\Index.cshtml:line 45
   at Microsoft.AspNetCore.Mvc.Razor.RazorView.RenderPageCoreAsync(IRazorPage page, ViewContext context)
   at Microsoft.AspNetCore.Mvc.Razor.RazorView.RenderPageAsync(IRazorPage page, ViewContext context, Boolean invokeViewStarts)
   at Microsoft.AspNetCore.Mvc.Razor.RazorView.RenderAsync(ViewContext context)
   at Microsoft.AspNetCore.Mvc.ViewFeatures.ViewExecutor.ExecuteAsync(ViewContext viewContext, String contentType, Nullable`1 statusCode)
   at Microsoft.AspNetCore.Mvc.ViewFeatures.ViewExecutor.ExecuteAsync(ViewContext viewContext, String contentType, Nullable`1 statusCode)
   at Microsoft.AspNetCore.Mvc.Infrastructure.ResourceInvoker.<InvokeNextResultFilterAsync>g__Awaited|30_0[TFilter,TFilterAsync](ResourceInvoker invoker, Task lastTask, State next, Scope scope, Object state, Boolean isCompleted)
   at Microsoft.AspNetCore.Mvc.Infrastructure.ResourceInvoker.Rethrow(ResultExecutedContextSealed context)
   at Microsoft.AspNetCore.Mvc.Infrastructure.ResourceInvoker.ResultNext[TFilter,TFilterAsync](State& next, Scope& scope, Object& state, Boolean& isCompleted)
   at Microsoft.AspNetCore.Mvc.Infrastructure.ResourceInvoker.<InvokeResultFilters>g__Awaited|28_0(ResourceInvoker invoker, Task lastTask, State next, Scope scope, Object state, Boolean isCompleted)
   at Microsoft.AspNetCore.Mvc.Infrastructure.ResourceInvoker.<InvokeNextResourceFilter>g__Awaited|25_0(ResourceInvoker invoker, Task lastTask, State next, Scope scope, Object state, Boolean isCompleted)
   at Microsoft.AspNetCore.Mvc.Infrastructure.ResourceInvoker.Rethrow(ResourceExecutedContextSealed context)
   at Microsoft.AspNetCore.Mvc.Infrastructure.ResourceInvoker.Next(State& next, Scope& scope, Object& state, Boolean& isCompleted)
   at Microsoft.AspNetCore.Mvc.Infrastructure.ResourceInvoker.<InvokeFilterPipelineAsync>g__Awaited|20_0(ResourceInvoker invoker, Task lastTask, State next, Scope scope, Object state, Boolean isCompleted)
   at Microsoft.AspNetCore.Mvc.Infrastructure.ResourceInvoker.<InvokeAsync>g__Awaited|17_0(ResourceInvoker invoker, Task task, IDisposable scope)
   at Microsoft.AspNetCore.Mvc.Infrastructure.ResourceInvoker.<InvokeAsync>g__Awaited|17_0(ResourceInvoker invoker, Task task, IDisposable scope)
   at SixLabors.ImageSharp.Web.Middleware.ImageSharpMiddleware.Invoke(HttpContext httpContext, Boolean retry)
   at Microsoft.AspNetCore.Authorization.AuthorizationMiddleware.Invoke(HttpContext context)
   at OrchardCore.Liquid.ScriptsMiddleware.Invoke(HttpContext httpContext)
   at Microsoft.AspNetCore.Authentication.AuthenticationMiddleware.Invoke(HttpContext context)
   at OrchardCore.Diagnostics.DiagnosticsStartupFilter.<>c__DisplayClass3_0.<<Configure>b__1>d.MoveNext()
--- End of stack trace from previous location ---
   at Microsoft.AspNetCore.Diagnostics.StatusCodePagesMiddleware.Invoke(HttpContext context)
   at OrchardCore.ContentPreview.PreviewStartupFilter.<>c.<<Configure>b__0_1>d.MoveNext()
--- End of stack trace from previous location ---
   at OrchardCore.Users.Services.ExternalAuthenticationsStartupFilter.<>c.<<Configure>b__0_1>d.MoveNext()
--- End of stack trace from previous location ---
   at OrchardCore.Modules.ModularTenantRouterMiddleware.Invoke(HttpContext httpContext)
   at OrchardCore.Modules.ModularTenantContainerMiddleware.<>c__DisplayClass4_0.<<Invoke>b__0>d.MoveNext()
--- End of stack trace from previous location ---
   at OrchardCore.Environment.Shell.Scope.ShellScope.UsingAsync(Func`2 execute, Boolean activateShell)
   at OrchardCore.Environment.Shell.Scope.ShellScope.UsingAsync(Func`2 execute, Boolean activateShell)
   at OrchardCore.Environment.Shell.Scope.ShellScope.UsingAsync(Func`2 execute, Boolean activateShell)
   at OrchardCore.Environment.Shell.Scope.ShellScope.UsingAsync(Func`2 execute, Boolean activateShell)
   at OrchardCore.Environment.Shell.Scope.ShellScope.UsingAsync(Func`2 execute, Boolean activateShell)
   at OrchardCore.Modules.ModularTenantContainerMiddleware.Invoke(HttpContext httpContext)
   at Microsoft.AspNetCore.Authentication.AuthenticationMiddleware.Invoke(HttpContext context)
   at Microsoft.AspNetCore.Diagnostics.DeveloperExceptionPageMiddlewareImpl.Invoke(HttpContext context)
2026-01-07 10:39:22.4042|Default|00-c8f11549f038a25d5a34f62c0b3a396e-cd5a2f904728f50a-00|1|Microsoft.AspNetCore.Diagnostics.DeveloperExceptionPageMiddleware|ERROR|An unhandled exception has occurred while executing the request. Microsoft.CSharp.RuntimeBinder.RuntimeBinderException: The best overloaded method match for 'string.IsNullOrEmpty(string)' has some invalid arguments
   at CallSite.Target(Closure, CallSite, Type, Object)
   at AspNetCoreGeneratedDocument.Pages_Article_Index.ExecuteAsync()
   at Microsoft.AspNetCore.Mvc.Razor.RazorView.RenderPageCoreAsync(IRazorPage page, ViewContext context)
   at Microsoft.AspNetCore.Mvc.Razor.RazorView.RenderPageAsync(IRazorPage page, ViewContext context, Boolean invokeViewStarts)
   at Microsoft.AspNetCore.Mvc.Razor.RazorView.RenderAsync(ViewContext context)
   at Microsoft.AspNetCore.Mvc.ViewFeatures.ViewExecutor.ExecuteAsync(ViewContext viewContext, String contentType, Nullable`1 statusCode)
   at Microsoft.AspNetCore.Mvc.ViewFeatures.ViewExecutor.ExecuteAsync(ViewContext viewContext, String contentType, Nullable`1 statusCode)
   at Microsoft.AspNetCore.Mvc.Infrastructure.ResourceInvoker.<InvokeNextResultFilterAsync>g__Awaited|30_0[TFilter,TFilterAsync](ResourceInvoker invoker, Task lastTask, State next, Scope scope, Object state, Boolean isCompleted)
   at Microsoft.AspNetCore.Mvc.Infrastructure.ResourceInvoker.Rethrow(ResultExecutedContextSealed context)
   at Microsoft.AspNetCore.Mvc.Infrastructure.ResourceInvoker.ResultNext[TFilter,TFilterAsync](State& next, Scope& scope, Object& state, Boolean& isCompleted)
   at Microsoft.AspNetCore.Mvc.Infrastructure.ResourceInvoker.<InvokeResultFilters>g__Awaited|28_0(ResourceInvoker invoker, Task lastTask, State next, Scope scope, Object state, Boolean isCompleted)
   at Microsoft.AspNetCore.Mvc.Infrastructure.ResourceInvoker.<InvokeNextResourceFilter>g__Awaited|25_0(ResourceInvoker invoker, Task lastTask, State next, Scope scope, Object state, Boolean isCompleted)
   at Microsoft.AspNetCore.Mvc.Infrastructure.ResourceInvoker.Rethrow(ResourceExecutedContextSealed context)
   at Microsoft.AspNetCore.Mvc.Infrastructure.ResourceInvoker.Next(State& next, Scope& scope, Object& state, Boolean& isCompleted)
   at Microsoft.AspNetCore.Mvc.Infrastructure.ResourceInvoker.<InvokeFilterPipelineAsync>g__Awaited|20_0(ResourceInvoker invoker, Task lastTask, State next, Scope scope, Object state, Boolean isCompleted)
   at Microsoft.AspNetCore.Mvc.Infrastructure.ResourceInvoker.<InvokeAsync>g__Awaited|17_0(ResourceInvoker invoker, Task task, IDisposable scope)
   at Microsoft.AspNetCore.Mvc.Infrastructure.ResourceInvoker.<InvokeAsync>g__Awaited|17_0(ResourceInvoker invoker, Task task, IDisposable scope)
   at SixLabors.ImageSharp.Web.Middleware.ImageSharpMiddleware.Invoke(HttpContext httpContext, Boolean retry)
   at Microsoft.AspNetCore.Authorization.AuthorizationMiddleware.Invoke(HttpContext context)
   at OrchardCore.Liquid.ScriptsMiddleware.Invoke(HttpContext httpContext)
   at Microsoft.AspNetCore.Authentication.AuthenticationMiddleware.Invoke(HttpContext context)
   at OrchardCore.Diagnostics.DiagnosticsStartupFilter.<>c__DisplayClass3_0.<<Configure>b__1>d.MoveNext()
--- End of stack trace from previous location ---
   at Microsoft.AspNetCore.Diagnostics.StatusCodePagesMiddleware.Invoke(HttpContext context)
   at OrchardCore.ContentPreview.PreviewStartupFilter.<>c.<<Configure>b__0_1>d.MoveNext()
--- End of stack trace from previous location ---
   at OrchardCore.Users.Services.ExternalAuthenticationsStartupFilter.<>c.<<Configure>b__0_1>d.MoveNext()
--- End of stack trace from previous location ---
   at OrchardCore.Modules.ModularTenantRouterMiddleware.Invoke(HttpContext httpContext)
   at OrchardCore.Modules.ModularTenantContainerMiddleware.<>c__DisplayClass4_0.<<Invoke>b__0>d.MoveNext()
--- End of stack trace from previous location ---
   at OrchardCore.Environment.Shell.Scope.ShellScope.UsingAsync(Func`2 execute, Boolean activateShell)
   at OrchardCore.Environment.Shell.Scope.ShellScope.UsingAsync(Func`2 execute, Boolean activateShell)
   at OrchardCore.Environment.Shell.Scope.ShellScope.UsingAsync(Func`2 execute, Boolean activateShell)
   at OrchardCore.Environment.Shell.Scope.ShellScope.UsingAsync(Func`2 execute, Boolean activateShell)
   at OrchardCore.Environment.Shell.Scope.ShellScope.UsingAsync(Func`2 execute, Boolean activateShell)
   at OrchardCore.Modules.ModularTenantContainerMiddleware.Invoke(HttpContext httpContext)
   at Microsoft.AspNetCore.Authentication.AuthenticationMiddleware.Invoke(HttpContext context)
   at Microsoft.AspNetCore.Diagnostics.DeveloperExceptionPageMiddlewareImpl.Invoke(HttpContext context)    at CallSite.Target(Closure, CallSite, Type, Object)
   at AspNetCoreGeneratedDocument.Pages_Article_Index.ExecuteAsync()
   at Microsoft.AspNetCore.Mvc.Razor.RazorView.RenderPageCoreAsync(IRazorPage page, ViewContext context)
   at Microsoft.AspNetCore.Mvc.Razor.RazorView.RenderPageAsync(IRazorPage page, ViewContext context, Boolean invokeViewStarts)
   at Microsoft.AspNetCore.Mvc.Razor.RazorView.RenderAsync(ViewContext context)
   at Microsoft.AspNetCore.Mvc.ViewFeatures.ViewExecutor.ExecuteAsync(ViewContext viewContext, String contentType, Nullable`1 statusCode)
   at Microsoft.AspNetCore.Mvc.ViewFeatures.ViewExecutor.ExecuteAsync(ViewContext viewContext, String contentType, Nullable`1 statusCode)
   at Microsoft.AspNetCore.Mvc.Infrastructure.ResourceInvoker.<InvokeNextResultFilterAsync>g__Awaited|30_0[TFilter,TFilterAsync](ResourceInvoker invoker, Task lastTask, State next, Scope scope, Object state, Boolean isCompleted)
   at Microsoft.AspNetCore.Mvc.Infrastructure.ResourceInvoker.Rethrow(ResultExecutedContextSealed context)
   at Microsoft.AspNetCore.Mvc.Infrastructure.ResourceInvoker.ResultNext[TFilter,TFilterAsync](State& next, Scope& scope, Object& state, Boolean& isCompleted)
   at Microsoft.AspNetCore.Mvc.Infrastructure.ResourceInvoker.<InvokeResultFilters>g__Awaited|28_0(ResourceInvoker invoker, Task lastTask, State next, Scope scope, Object state, Boolean isCompleted)
   at Microsoft.AspNetCore.Mvc.Infrastructure.ResourceInvoker.<InvokeNextResourceFilter>g__Awaited|25_0(ResourceInvoker invoker, Task lastTask, State next, Scope scope, Object state, Boolean isCompleted)
   at Microsoft.AspNetCore.Mvc.Infrastructure.ResourceInvoker.Rethrow(ResourceExecutedContextSealed context)
   at Microsoft.AspNetCore.Mvc.Infrastructure.ResourceInvoker.Next(State& next, Scope& scope, Object& state, Boolean& isCompleted)
   at Microsoft.AspNetCore.Mvc.Infrastructure.ResourceInvoker.<InvokeFilterPipelineAsync>g__Awaited|20_0(ResourceInvoker invoker, Task lastTask, State next, Scope scope, Object state, Boolean isCompleted)
   at Microsoft.AspNetCore.Mvc.Infrastructure.ResourceInvoker.<InvokeAsync>g__Awaited|17_0(ResourceInvoker invoker, Task task, IDisposable scope)
   at Microsoft.AspNetCore.Mvc.Infrastructure.ResourceInvoker.<InvokeAsync>g__Awaited|17_0(ResourceInvoker invoker, Task task, IDisposable scope)
   at SixLabors.ImageSharp.Web.Middleware.ImageSharpMiddleware.Invoke(HttpContext httpContext, Boolean retry)
   at Microsoft.AspNetCore.Authorization.AuthorizationMiddleware.Invoke(HttpContext context)
   at OrchardCore.Liquid.ScriptsMiddleware.Invoke(HttpContext httpContext)
   at Microsoft.AspNetCore.Authentication.AuthenticationMiddleware.Invoke(HttpContext context)
   at OrchardCore.Diagnostics.DiagnosticsStartupFilter.<>c__DisplayClass3_0.<<Configure>b__1>d.MoveNext()
--- End of stack trace from previous location ---
   at Microsoft.AspNetCore.Diagnostics.StatusCodePagesMiddleware.Invoke(HttpContext context)
   at OrchardCore.ContentPreview.PreviewStartupFilter.<>c.<<Configure>b__0_1>d.MoveNext()
--- End of stack trace from previous location ---
   at OrchardCore.Users.Services.ExternalAuthenticationsStartupFilter.<>c.<<Configure>b__0_1>d.MoveNext()
--- End of stack trace from previous location ---
   at OrchardCore.Modules.ModularTenantRouterMiddleware.Invoke(HttpContext httpContext)
   at OrchardCore.Modules.ModularTenantContainerMiddleware.<>c__DisplayClass4_0.<<Invoke>b__0>d.MoveNext()
--- End of stack trace from previous location ---
   at OrchardCore.Environment.Shell.Scope.ShellScope.UsingAsync(Func`2 execute, Boolean activateShell)
   at OrchardCore.Environment.Shell.Scope.ShellScope.UsingAsync(Func`2 execute, Boolean activateShell)
   at OrchardCore.Environment.Shell.Scope.ShellScope.UsingAsync(Func`2 execute, Boolean activateShell)
   at OrchardCore.Environment.Shell.Scope.ShellScope.UsingAsync(Func`2 execute, Boolean activateShell)
   at OrchardCore.Environment.Shell.Scope.ShellScope.UsingAsync(Func`2 execute, Boolean activateShell)
   at OrchardCore.Modules.ModularTenantContainerMiddleware.Invoke(HttpContext httpContext)
   at Microsoft.AspNetCore.Authentication.AuthenticationMiddleware.Invoke(HttpContext context)
   at Microsoft.AspNetCore.Diagnostics.DeveloperExceptionPageMiddlewareImpl.Invoke(HttpContext context)
2026-01-07 10:52:18.6230|Default|00-0c79e9fd100831f23c35c7ccbfd946d1-a43ab5821884e2dc-00|1|Microsoft.AspNetCore.Diagnostics.DeveloperExceptionPageMiddleware|ERROR|An unhandled exception has occurred while executing the request. NLog message: Exception in NLog.LayoutRenderers.ExceptionLayoutRenderer.AppendToString(): System.TypeLoadException. 
2026-01-07 10:52:18.7493|Default|00-0c79e9fd100831f23c35c7ccbfd946d1-a43ab5821884e2dc-00|2|Microsoft.AspNetCore.Server.IIS.Core.IISHttpServer|ERROR|Connection ID "18230571326760813158", Request ID "40000267-0008-fd00-b63f-84710c7967bb": An unhandled exception was thrown by the application. System.AggregateException: An error occurred while writing to logger(s). (Could not resolve type 'AspNetCoreGeneratedDocument.Pages_Article_ArticleDetail' in assembly 'TechVerse.Cms, Version=1.0.0.0, Culture=neutral, PublicKeyToken=null'.) (Could not resolve type 'AspNetCoreGeneratedDocument.Pages_Article_ArticleDetail' in assembly 'TechVerse.Cms, Version=1.0.0.0, Culture=neutral, PublicKeyToken=null'.) (Could not resolve type 'AspNetCoreGeneratedDocument.Pages_Article_ArticleDetail' in assembly 'TechVerse.Cms, Version=1.0.0.0, Culture=neutral, PublicKeyToken=null'.)
 ---> System.TypeLoadException: Could not resolve type 'AspNetCoreGeneratedDocument.Pages_Article_ArticleDetail' in assembly 'TechVerse.Cms, Version=1.0.0.0, Culture=neutral, PublicKeyToken=null'.
   at System.Reflection.TypeNameParser.GetTypeFromDefaultAssemblies(String typeName, ReadOnlySpan`1 nestedTypeNames)
   at System.Reflection.TypeNameParser.GetType(String typeName, ReadOnlySpan`1 nestedTypeNames, String assemblyNameIfAny)
   at System.Reflection.TypeNameParser.NestedNamespaceTypeName.ResolveType(TypeNameParser& parser, String containingAssemblyIfAny)
   at System.Reflection.TypeNameParser.GetTypeHelper(Char* pTypeName, RuntimeAssembly requestingAssembly, Boolean throwOnError, Boolean requireAssemblyQualifiedName)
   at System.Reflection.CustomAttribute._CreateCaObject(RuntimeModule pModule, RuntimeType type, IRuntimeMethodInfo pCtor, Byte** ppBlob, Byte* pEndBlob, Int32* pcNamedArgs)
   at System.Reflection.CustomAttribute.AddCustomAttributes(ListBuilder`1& attributes, RuntimeModule decoratedModule, Int32 decoratedMetadataToken, RuntimeType attributeFilterType, Boolean mustBeInheritable, ListBuilder`1 derivedAttributes)
   at System.Reflection.CustomAttribute.GetCustomAttributes(RuntimeModule decoratedModule, Int32 decoratedMetadataToken, Int32 pcaCount, RuntimeType attributeFilterType)
   at System.Reflection.CustomAttribute.GetCustomAttributes(RuntimeMethodInfo method, RuntimeType caType, Boolean inherit)
   at System.Attribute.GetCustomAttributes(MemberInfo element, Type attributeType, Boolean inherit)
   at System.Diagnostics.StackTrace.TryResolveStateMachineMethod(MethodBase& method, Type& declaringType)
   at System.Diagnostics.StackTrace.ToString(TraceFormat traceFormat, StringBuilder sb)
   at System.Diagnostics.StackTrace.ToString(TraceFormat traceFormat)
   at System.Exception.get_StackTrace()
   at System.Exception.ToString()
   at Microsoft.Extensions.Logging.Console.SimpleConsoleFormatter.CreateDefaultLogMessage[TState](TextWriter textWriter, LogEntry`1& logEntry, String message, IExternalScopeProvider scopeProvider)
   at Microsoft.Extensions.Logging.Console.SimpleConsoleFormatter.Write[TState](LogEntry`1& logEntry, IExternalScopeProvider scopeProvider, TextWriter textWriter)
   at Microsoft.Extensions.Logging.Console.ConsoleLogger.Log[TState](LogLevel logLevel, EventId eventId, TState state, Exception exception, Func`3 formatter)
   at Microsoft.Extensions.Logging.Logger.<Log>g__LoggerLog|14_0[TState](LogLevel logLevel, EventId eventId, ILogger logger, Exception exception, Func`3 formatter, List`1& exceptions, TState& state)
   --- End of inner exception stack trace ---
 ---> (Inner Exception #1) System.TypeLoadException: Could not resolve type 'AspNetCoreGeneratedDocument.Pages_Article_ArticleDetail' in assembly 'TechVerse.Cms, Version=1.0.0.0, Culture=neutral, PublicKeyToken=null'.
   at System.Reflection.TypeNameParser.GetTypeFromDefaultAssemblies(String typeName, ReadOnlySpan`1 nestedTypeNames)
   at System.Reflection.TypeNameParser.GetType(String typeName, ReadOnlySpan`1 nestedTypeNames, String assemblyNameIfAny)
   at System.Reflection.TypeNameParser.NestedNamespaceTypeName.ResolveType(TypeNameParser& parser, String containingAssemblyIfAny)
   at System.Reflection.TypeNameParser.GetTypeHelper(Char* pTypeName, RuntimeAssembly requestingAssembly, Boolean throwOnError, Boolean requireAssemblyQualifiedName)
   at System.Reflection.CustomAttribute._CreateCaObject(RuntimeModule pModule, RuntimeType type, IRuntimeMethodInfo pCtor, Byte** ppBlob, Byte* pEndBlob, Int32* pcNamedArgs)
   at System.Reflection.CustomAttribute.AddCustomAttributes(ListBuilder`1& attributes, RuntimeModule decoratedModule, Int32 decoratedMetadataToken, RuntimeType attributeFilterType, Boolean mustBeInheritable, ListBuilder`1 derivedAttributes)
   at System.Reflection.CustomAttribute.GetCustomAttributes(RuntimeModule decoratedModule, Int32 decoratedMetadataToken, Int32 pcaCount, RuntimeType attributeFilterType)
   at System.Reflection.CustomAttribute.GetCustomAttributes(RuntimeMethodInfo method, RuntimeType caType, Boolean inherit)
   at System.Attribute.GetCustomAttributes(MemberInfo element, Type attributeType, Boolean inherit)
   at System.Diagnostics.StackTrace.TryResolveStateMachineMethod(MethodBase& method, Type& declaringType)
   at System.Diagnostics.StackTrace.ToString(TraceFormat traceFormat, StringBuilder sb)
   at System.Diagnostics.StackTrace.ToString(TraceFormat traceFormat)
   at System.Exception.get_StackTrace()
   at System.Exception.ToString()
   at Microsoft.Extensions.Logging.Debug.DebugLogger.Log[TState](LogLevel logLevel, EventId eventId, TState state, Exception exception, Func`3 formatter)
   at Microsoft.Extensions.Logging.Logger.<Log>g__LoggerLog|14_0[TState](LogLevel logLevel, EventId eventId, ILogger logger, Exception exception, Func`3 formatter, List`1& exceptions, TState& state)<---

 ---> (Inner Exception #2) System.TypeLoadException: Could not resolve type 'AspNetCoreGeneratedDocument.Pages_Article_ArticleDetail' in assembly 'TechVerse.Cms, Version=1.0.0.0, Culture=neutral, PublicKeyToken=null'.
   at System.Reflection.TypeNameParser.GetTypeFromDefaultAssemblies(String typeName, ReadOnlySpan`1 nestedTypeNames)
   at System.Reflection.TypeNameParser.GetType(String typeName, ReadOnlySpan`1 nestedTypeNames, String assemblyNameIfAny)
   at System.Reflection.TypeNameParser.NestedNamespaceTypeName.ResolveType(TypeNameParser& parser, String containingAssemblyIfAny)
   at System.Reflection.TypeNameParser.GetTypeHelper(Char* pTypeName, RuntimeAssembly requestingAssembly, Boolean throwOnError, Boolean requireAssemblyQualifiedName)
   at System.Reflection.CustomAttribute._CreateCaObject(RuntimeModule pModule, RuntimeType type, IRuntimeMethodInfo pCtor, Byte** ppBlob, Byte* pEndBlob, Int32* pcNamedArgs)
   at System.Reflection.CustomAttribute.AddCustomAttributes(ListBuilder`1& attributes, RuntimeModule decoratedModule, Int32 decoratedMetadataToken, RuntimeType attributeFilterType, Boolean mustBeInheritable, ListBuilder`1 derivedAttributes)
   at System.Reflection.CustomAttribute.GetCustomAttributes(RuntimeModule decoratedModule, Int32 decoratedMetadataToken, Int32 pcaCount, RuntimeType attributeFilterType)
   at System.Reflection.CustomAttribute.GetCustomAttributes(RuntimeMethodInfo method, RuntimeType caType, Boolean inherit)
   at System.Attribute.GetCustomAttributes(MemberInfo element, Type attributeType, Boolean inherit)
   at System.Diagnostics.StackTrace.TryResolveStateMachineMethod(MethodBase& method, Type& declaringType)
   at System.Diagnostics.StackTrace.ToString(TraceFormat traceFormat, StringBuilder sb)
   at System.Diagnostics.StackTrace.ToString(TraceFormat traceFormat)
   at System.Exception.get_StackTrace()
   at System.Exception.ToString()
   at System.Text.StringBuilder.Append(Object value)
   at Microsoft.Extensions.Logging.EventLog.EventLogLogger.Log[TState](LogLevel logLevel, EventId eventId, TState state, Exception exception, Func`3 formatter)
   at Microsoft.Extensions.Logging.Logger.<Log>g__LoggerLog|14_0[TState](LogLevel logLevel, EventId eventId, ILogger logger, Exception exception, Func`3 formatter, List`1& exceptions, TState& state)<---

2026-01-07 10:53:28.9843||||Microsoft.Hosting.Lifetime|INFO|Application started. Press Ctrl+C to shut down. 
2026-01-07 10:53:29.0209||||Microsoft.Hosting.Lifetime|INFO|Hosting environment: Development 
2026-01-07 10:53:29.0277||||Microsoft.Hosting.Lifetime|INFO|Content root path: C:\Users\Wanwi\OneDrive\Desktop\TechVerse\TechVerse.Cms 
2026-01-07 10:54:10.3222|Default|00-96afef7ce13de5667d62e76f0a6b9bac-29a6c124313ef995-00|1|Microsoft.AspNetCore.Diagnostics.DeveloperExceptionPageMiddleware|ERROR|An unhandled exception has occurred while executing the request. Microsoft.CSharp.RuntimeBinder.RuntimeBinderException: The best overloaded method match for 'string.IsNullOrEmpty(string)' has some invalid arguments
   at CallSite.Target(Closure, CallSite, Type, Object)
   at System.Dynamic.UpdateDelegates.UpdateAndExecute2[T0,T1,TRet](CallSite site, T0 arg0, T1 arg1)
   at AspNetCoreGeneratedDocument.Pages_Article_ArticleDetail.ExecuteAsync() in C:\Users\Wanwi\OneDrive\Desktop\TechVerse\TechVerse.Cms\Pages\Article\ArticleDetail.cshtml:line 37
   at Microsoft.AspNetCore.Mvc.Razor.RazorView.RenderPageCoreAsync(IRazorPage page, ViewContext context)
   at Microsoft.AspNetCore.Mvc.Razor.RazorView.RenderPageAsync(IRazorPage page, ViewContext context, Boolean invokeViewStarts)
   at Microsoft.AspNetCore.Mvc.Razor.RazorView.RenderAsync(ViewContext context)
   at Microsoft.AspNetCore.Mvc.ViewFeatures.ViewExecutor.ExecuteAsync(ViewContext viewContext, String contentType, Nullable`1 statusCode)
   at Microsoft.AspNetCore.Mvc.ViewFeatures.ViewExecutor.ExecuteAsync(ViewContext viewContext, String contentType, Nullable`1 statusCode)
   at Microsoft.AspNetCore.Mvc.Infrastructure.ResourceInvoker.<InvokeNextResultFilterAsync>g__Awaited|30_0[TFilter,TFilterAsync](ResourceInvoker invoker, Task lastTask, State next, Scope scope, Object state, Boolean isCompleted)
   at Microsoft.AspNetCore.Mvc.Infrastructure.ResourceInvoker.Rethrow(ResultExecutedContextSealed context)
   at Microsoft.AspNetCore.Mvc.Infrastructure.ResourceInvoker.ResultNext[TFilter,TFilterAsync](State& next, Scope& scope, Object& state, Boolean& isCompleted)
   at Microsoft.AspNetCore.Mvc.Infrastructure.ResourceInvoker.<InvokeResultFilters>g__Awaited|28_0(ResourceInvoker invoker, Task lastTask, State next, Scope scope, Object state, Boolean isCompleted)
   at Microsoft.AspNetCore.Mvc.Infrastructure.ResourceInvoker.<InvokeNextResourceFilter>g__Awaited|25_0(ResourceInvoker invoker, Task lastTask, State next, Scope scope, Object state, Boolean isCompleted)
   at Microsoft.AspNetCore.Mvc.Infrastructure.ResourceInvoker.Rethrow(ResourceExecutedContextSealed context)
   at Microsoft.AspNetCore.Mvc.Infrastructure.ResourceInvoker.Next(State& next, Scope& scope, Object& state, Boolean& isCompleted)
   at Microsoft.AspNetCore.Mvc.Infrastructure.ResourceInvoker.<InvokeFilterPipelineAsync>g__Awaited|20_0(ResourceInvoker invoker, Task lastTask, State next, Scope scope, Object state, Boolean isCompleted)
   at Microsoft.AspNetCore.Mvc.Infrastructure.ResourceInvoker.<InvokeAsync>g__Awaited|17_0(ResourceInvoker invoker, Task task, IDisposable scope)
   at Microsoft.AspNetCore.Mvc.Infrastructure.ResourceInvoker.<InvokeAsync>g__Awaited|17_0(ResourceInvoker invoker, Task task, IDisposable scope)
   at SixLabors.ImageSharp.Web.Middleware.ImageSharpMiddleware.Invoke(HttpContext httpContext, Boolean retry)
   at Microsoft.AspNetCore.Authorization.AuthorizationMiddleware.Invoke(HttpContext context)
   at OrchardCore.Liquid.ScriptsMiddleware.Invoke(HttpContext httpContext)
   at Microsoft.AspNetCore.Authentication.AuthenticationMiddleware.Invoke(HttpContext context)
   at OrchardCore.Diagnostics.DiagnosticsStartupFilter.<>c__DisplayClass3_0.<<Configure>b__1>d.MoveNext()
--- End of stack trace from previous location ---
   at Microsoft.AspNetCore.Diagnostics.StatusCodePagesMiddleware.Invoke(HttpContext context)
   at OrchardCore.ContentPreview.PreviewStartupFilter.<>c.<<Configure>b__0_1>d.MoveNext()
--- End of stack trace from previous location ---
   at OrchardCore.Users.Services.ExternalAuthenticationsStartupFilter.<>c.<<Configure>b__0_1>d.MoveNext()
--- End of stack trace from previous location ---
   at OrchardCore.Modules.ModularTenantRouterMiddleware.Invoke(HttpContext httpContext)
   at OrchardCore.Modules.ModularTenantContainerMiddleware.<>c__DisplayClass4_0.<<Invoke>b__0>d.MoveNext()
--- End of stack trace from previous location ---
   at OrchardCore.Environment.Shell.Scope.ShellScope.UsingAsync(Func`2 execute, Boolean activateShell)
   at OrchardCore.Environment.Shell.Scope.ShellScope.UsingAsync(Func`2 execute, Boolean activateShell)
   at OrchardCore.Environment.Shell.Scope.ShellScope.UsingAsync(Func`2 execute, Boolean activateShell)
   at OrchardCore.Environment.Shell.Scope.ShellScope.UsingAsync(Func`2 execute, Boolean activateShell)
   at OrchardCore.Environment.Shell.Scope.ShellScope.UsingAsync(Func`2 execute, Boolean activateShell)
   at OrchardCore.Modules.ModularTenantContainerMiddleware.Invoke(HttpContext httpContext)
   at Microsoft.AspNetCore.Authentication.AuthenticationMiddleware.Invoke(HttpContext context)
   at Microsoft.AspNetCore.Diagnostics.DeveloperExceptionPageMiddlewareImpl.Invoke(HttpContext context)    at CallSite.Target(Closure, CallSite, Type, Object)
   at System.Dynamic.UpdateDelegates.UpdateAndExecute2[T0,T1,TRet](CallSite site, T0 arg0, T1 arg1)
   at AspNetCoreGeneratedDocument.Pages_Article_ArticleDetail.ExecuteAsync() in C:\Users\Wanwi\OneDrive\Desktop\TechVerse\TechVerse.Cms\Pages\Article\ArticleDetail.cshtml:line 37
   at Microsoft.AspNetCore.Mvc.Razor.RazorView.RenderPageCoreAsync(IRazorPage page, ViewContext context)
   at Microsoft.AspNetCore.Mvc.Razor.RazorView.RenderPageAsync(IRazorPage page, ViewContext context, Boolean invokeViewStarts)
   at Microsoft.AspNetCore.Mvc.Razor.RazorView.RenderAsync(ViewContext context)
   at Microsoft.AspNetCore.Mvc.ViewFeatures.ViewExecutor.ExecuteAsync(ViewContext viewContext, String contentType, Nullable`1 statusCode)
   at Microsoft.AspNetCore.Mvc.ViewFeatures.ViewExecutor.ExecuteAsync(ViewContext viewContext, String contentType, Nullable`1 statusCode)
   at Microsoft.AspNetCore.Mvc.Infrastructure.ResourceInvoker.<InvokeNextResultFilterAsync>g__Awaited|30_0[TFilter,TFilterAsync](ResourceInvoker invoker, Task lastTask, State next, Scope scope, Object state, Boolean isCompleted)
   at Microsoft.AspNetCore.Mvc.Infrastructure.ResourceInvoker.Rethrow(ResultExecutedContextSealed context)
   at Microsoft.AspNetCore.Mvc.Infrastructure.ResourceInvoker.ResultNext[TFilter,TFilterAsync](State& next, Scope& scope, Object& state, Boolean& isCompleted)
   at Microsoft.AspNetCore.Mvc.Infrastructure.ResourceInvoker.<InvokeResultFilters>g__Awaited|28_0(ResourceInvoker invoker, Task lastTask, State next, Scope scope, Object state, Boolean isCompleted)
   at Microsoft.AspNetCore.Mvc.Infrastructure.ResourceInvoker.<InvokeNextResourceFilter>g__Awaited|25_0(ResourceInvoker invoker, Task lastTask, State next, Scope scope, Object state, Boolean isCompleted)
   at Microsoft.AspNetCore.Mvc.Infrastructure.ResourceInvoker.Rethrow(ResourceExecutedContextSealed context)
   at Microsoft.AspNetCore.Mvc.Infrastructure.ResourceInvoker.Next(State& next, Scope& scope, Object& state, Boolean& isCompleted)
   at Microsoft.AspNetCore.Mvc.Infrastructure.ResourceInvoker.<InvokeFilterPipelineAsync>g__Awaited|20_0(ResourceInvoker invoker, Task lastTask, State next, Scope scope, Object state, Boolean isCompleted)
   at Microsoft.AspNetCore.Mvc.Infrastructure.ResourceInvoker.<InvokeAsync>g__Awaited|17_0(ResourceInvoker invoker, Task task, IDisposable scope)
   at Microsoft.AspNetCore.Mvc.Infrastructure.ResourceInvoker.<InvokeAsync>g__Awaited|17_0(ResourceInvoker invoker, Task task, IDisposable scope)
   at SixLabors.ImageSharp.Web.Middleware.ImageSharpMiddleware.Invoke(HttpContext httpContext, Boolean retry)
   at Microsoft.AspNetCore.Authorization.AuthorizationMiddleware.Invoke(HttpContext context)
   at OrchardCore.Liquid.ScriptsMiddleware.Invoke(HttpContext httpContext)
   at Microsoft.AspNetCore.Authentication.AuthenticationMiddleware.Invoke(HttpContext context)
   at OrchardCore.Diagnostics.DiagnosticsStartupFilter.<>c__DisplayClass3_0.<<Configure>b__1>d.MoveNext()
--- End of stack trace from previous location ---
   at Microsoft.AspNetCore.Diagnostics.StatusCodePagesMiddleware.Invoke(HttpContext context)
   at OrchardCore.ContentPreview.PreviewStartupFilter.<>c.<<Configure>b__0_1>d.MoveNext()
--- End of stack trace from previous location ---
   at OrchardCore.Users.Services.ExternalAuthenticationsStartupFilter.<>c.<<Configure>b__0_1>d.MoveNext()
--- End of stack trace from previous location ---
   at OrchardCore.Modules.ModularTenantRouterMiddleware.Invoke(HttpContext httpContext)
   at OrchardCore.Modules.ModularTenantContainerMiddleware.<>c__DisplayClass4_0.<<Invoke>b__0>d.MoveNext()
--- End of stack trace from previous location ---
   at OrchardCore.Environment.Shell.Scope.ShellScope.UsingAsync(Func`2 execute, Boolean activateShell)
   at OrchardCore.Environment.Shell.Scope.ShellScope.UsingAsync(Func`2 execute, Boolean activateShell)
   at OrchardCore.Environment.Shell.Scope.ShellScope.UsingAsync(Func`2 execute, Boolean activateShell)
   at OrchardCore.Environment.Shell.Scope.ShellScope.UsingAsync(Func`2 execute, Boolean activateShell)
   at OrchardCore.Environment.Shell.Scope.ShellScope.UsingAsync(Func`2 execute, Boolean activateShell)
   at OrchardCore.Modules.ModularTenantContainerMiddleware.Invoke(HttpContext httpContext)
   at Microsoft.AspNetCore.Authentication.AuthenticationMiddleware.Invoke(HttpContext context)
   at Microsoft.AspNetCore.Diagnostics.DeveloperExceptionPageMiddlewareImpl.Invoke(HttpContext context)
2026-01-07 10:54:55.9150|Default|00-c739325e099fcf62241622fd41bda75e-e81fd33639944fca-00|1|Microsoft.AspNetCore.Diagnostics.DeveloperExceptionPageMiddleware|ERROR|An unhandled exception has occurred while executing the request. Microsoft.CSharp.RuntimeBinder.RuntimeBinderException: The best overloaded method match for 'string.IsNullOrEmpty(string)' has some invalid arguments
   at CallSite.Target(Closure, CallSite, Type, Object)
   at AspNetCoreGeneratedDocument.Pages_Article_ArticleDetail.ExecuteAsync()
   at Microsoft.AspNetCore.Mvc.Razor.RazorView.RenderPageCoreAsync(IRazorPage page, ViewContext context)
   at Microsoft.AspNetCore.Mvc.Razor.RazorView.RenderPageAsync(IRazorPage page, ViewContext context, Boolean invokeViewStarts)
   at Microsoft.AspNetCore.Mvc.Razor.RazorView.RenderAsync(ViewContext context)
   at Microsoft.AspNetCore.Mvc.ViewFeatures.ViewExecutor.ExecuteAsync(ViewContext viewContext, String contentType, Nullable`1 statusCode)
   at Microsoft.AspNetCore.Mvc.ViewFeatures.ViewExecutor.ExecuteAsync(ViewContext viewContext, String contentType, Nullable`1 statusCode)
   at Microsoft.AspNetCore.Mvc.Infrastructure.ResourceInvoker.<InvokeNextResultFilterAsync>g__Awaited|30_0[TFilter,TFilterAsync](ResourceInvoker invoker, Task lastTask, State next, Scope scope, Object state, Boolean isCompleted)
   at Microsoft.AspNetCore.Mvc.Infrastructure.ResourceInvoker.Rethrow(ResultExecutedContextSealed context)
   at Microsoft.AspNetCore.Mvc.Infrastructure.ResourceInvoker.ResultNext[TFilter,TFilterAsync](State& next, Scope& scope, Object& state, Boolean& isCompleted)
   at Microsoft.AspNetCore.Mvc.Infrastructure.ResourceInvoker.<InvokeResultFilters>g__Awaited|28_0(ResourceInvoker invoker, Task lastTask, State next, Scope scope, Object state, Boolean isCompleted)
   at Microsoft.AspNetCore.Mvc.Infrastructure.ResourceInvoker.<InvokeNextResourceFilter>g__Awaited|25_0(ResourceInvoker invoker, Task lastTask, State next, Scope scope, Object state, Boolean isCompleted)
   at Microsoft.AspNetCore.Mvc.Infrastructure.ResourceInvoker.Rethrow(ResourceExecutedContextSealed context)
   at Microsoft.AspNetCore.Mvc.Infrastructure.ResourceInvoker.Next(State& next, Scope& scope, Object& state, Boolean& isCompleted)
   at Microsoft.AspNetCore.Mvc.Infrastructure.ResourceInvoker.<InvokeFilterPipelineAsync>g__Awaited|20_0(ResourceInvoker invoker, Task lastTask, State next, Scope scope, Object state, Boolean isCompleted)
   at Microsoft.AspNetCore.Mvc.Infrastructure.ResourceInvoker.<InvokeAsync>g__Awaited|17_0(ResourceInvoker invoker, Task task, IDisposable scope)
   at Microsoft.AspNetCore.Mvc.Infrastructure.ResourceInvoker.<InvokeAsync>g__Awaited|17_0(ResourceInvoker invoker, Task task, IDisposable scope)
   at SixLabors.ImageSharp.Web.Middleware.ImageSharpMiddleware.Invoke(HttpContext httpContext, Boolean retry)
   at Microsoft.AspNetCore.Authorization.AuthorizationMiddleware.Invoke(HttpContext context)
   at OrchardCore.Liquid.ScriptsMiddleware.Invoke(HttpContext httpContext)
   at Microsoft.AspNetCore.Authentication.AuthenticationMiddleware.Invoke(HttpContext context)
   at OrchardCore.Diagnostics.DiagnosticsStartupFilter.<>c__DisplayClass3_0.<<Configure>b__1>d.MoveNext()
--- End of stack trace from previous location ---
   at Microsoft.AspNetCore.Diagnostics.StatusCodePagesMiddleware.Invoke(HttpContext context)
   at OrchardCore.ContentPreview.PreviewStartupFilter.<>c.<<Configure>b__0_1>d.MoveNext()
--- End of stack trace from previous location ---
   at OrchardCore.Users.Services.ExternalAuthenticationsStartupFilter.<>c.<<Configure>b__0_1>d.MoveNext()
--- End of stack trace from previous location ---
   at OrchardCore.Modules.ModularTenantRouterMiddleware.Invoke(HttpContext httpContext)
   at OrchardCore.Modules.ModularTenantContainerMiddleware.<>c__DisplayClass4_0.<<Invoke>b__0>d.MoveNext()
--- End of stack trace from previous location ---
   at OrchardCore.Environment.Shell.Scope.ShellScope.UsingAsync(Func`2 execute, Boolean activateShell)
   at OrchardCore.Environment.Shell.Scope.ShellScope.UsingAsync(Func`2 execute, Boolean activateShell)
   at OrchardCore.Environment.Shell.Scope.ShellScope.UsingAsync(Func`2 execute, Boolean activateShell)
   at OrchardCore.Environment.Shell.Scope.ShellScope.UsingAsync(Func`2 execute, Boolean activateShell)
   at OrchardCore.Environment.Shell.Scope.ShellScope.UsingAsync(Func`2 execute, Boolean activateShell)
   at OrchardCore.Modules.ModularTenantContainerMiddleware.Invoke(HttpContext httpContext)
   at Microsoft.AspNetCore.Authentication.AuthenticationMiddleware.Invoke(HttpContext context)
   at Microsoft.AspNetCore.Diagnostics.DeveloperExceptionPageMiddlewareImpl.Invoke(HttpContext context)    at CallSite.Target(Closure, CallSite, Type, Object)
   at AspNetCoreGeneratedDocument.Pages_Article_ArticleDetail.ExecuteAsync()
   at Microsoft.AspNetCore.Mvc.Razor.RazorView.RenderPageCoreAsync(IRazorPage page, ViewContext context)
   at Microsoft.AspNetCore.Mvc.Razor.RazorView.RenderPageAsync(IRazorPage page, ViewContext context, Boolean invokeViewStarts)
   at Microsoft.AspNetCore.Mvc.Razor.RazorView.RenderAsync(ViewContext context)
   at Microsoft.AspNetCore.Mvc.ViewFeatures.ViewExecutor.ExecuteAsync(ViewContext viewContext, String contentType, Nullable`1 statusCode)
   at Microsoft.AspNetCore.Mvc.ViewFeatures.ViewExecutor.ExecuteAsync(ViewContext viewContext, String contentType, Nullable`1 statusCode)
   at Microsoft.AspNetCore.Mvc.Infrastructure.ResourceInvoker.<InvokeNextResultFilterAsync>g__Awaited|30_0[TFilter,TFilterAsync](ResourceInvoker invoker, Task lastTask, State next, Scope scope, Object state, Boolean isCompleted)
   at Microsoft.AspNetCore.Mvc.Infrastructure.ResourceInvoker.Rethrow(ResultExecutedContextSealed context)
   at Microsoft.AspNetCore.Mvc.Infrastructure.ResourceInvoker.ResultNext[TFilter,TFilterAsync](State& next, Scope& scope, Object& state, Boolean& isCompleted)
   at Microsoft.AspNetCore.Mvc.Infrastructure.ResourceInvoker.<InvokeResultFilters>g__Awaited|28_0(ResourceInvoker invoker, Task lastTask, State next, Scope scope, Object state, Boolean isCompleted)
   at Microsoft.AspNetCore.Mvc.Infrastructure.ResourceInvoker.<InvokeNextResourceFilter>g__Awaited|25_0(ResourceInvoker invoker, Task lastTask, State next, Scope scope, Object state, Boolean isCompleted)
   at Microsoft.AspNetCore.Mvc.Infrastructure.ResourceInvoker.Rethrow(ResourceExecutedContextSealed context)
   at Microsoft.AspNetCore.Mvc.Infrastructure.ResourceInvoker.Next(State& next, Scope& scope, Object& state, Boolean& isCompleted)
   at Microsoft.AspNetCore.Mvc.Infrastructure.ResourceInvoker.<InvokeFilterPipelineAsync>g__Awaited|20_0(ResourceInvoker invoker, Task lastTask, State next, Scope scope, Object state, Boolean isCompleted)
   at Microsoft.AspNetCore.Mvc.Infrastructure.ResourceInvoker.<InvokeAsync>g__Awaited|17_0(ResourceInvoker invoker, Task task, IDisposable scope)
   at Microsoft.AspNetCore.Mvc.Infrastructure.ResourceInvoker.<InvokeAsync>g__Awaited|17_0(ResourceInvoker invoker, Task task, IDisposable scope)
   at SixLabors.ImageSharp.Web.Middleware.ImageSharpMiddleware.Invoke(HttpContext httpContext, Boolean retry)
   at Microsoft.AspNetCore.Authorization.AuthorizationMiddleware.Invoke(HttpContext context)
   at OrchardCore.Liquid.ScriptsMiddleware.Invoke(HttpContext httpContext)
   at Microsoft.AspNetCore.Authentication.AuthenticationMiddleware.Invoke(HttpContext context)
   at OrchardCore.Diagnostics.DiagnosticsStartupFilter.<>c__DisplayClass3_0.<<Configure>b__1>d.MoveNext()
--- End of stack trace from previous location ---
   at Microsoft.AspNetCore.Diagnostics.StatusCodePagesMiddleware.Invoke(HttpContext context)
   at OrchardCore.ContentPreview.PreviewStartupFilter.<>c.<<Configure>b__0_1>d.MoveNext()
--- End of stack trace from previous location ---
   at OrchardCore.Users.Services.ExternalAuthenticationsStartupFilter.<>c.<<Configure>b__0_1>d.MoveNext()
--- End of stack trace from previous location ---
   at OrchardCore.Modules.ModularTenantRouterMiddleware.Invoke(HttpContext httpContext)
   at OrchardCore.Modules.ModularTenantContainerMiddleware.<>c__DisplayClass4_0.<<Invoke>b__0>d.MoveNext()
--- End of stack trace from previous location ---
   at OrchardCore.Environment.Shell.Scope.ShellScope.UsingAsync(Func`2 execute, Boolean activateShell)
   at OrchardCore.Environment.Shell.Scope.ShellScope.UsingAsync(Func`2 execute, Boolean activateShell)
   at OrchardCore.Environment.Shell.Scope.ShellScope.UsingAsync(Func`2 execute, Boolean activateShell)
   at OrchardCore.Environment.Shell.Scope.ShellScope.UsingAsync(Func`2 execute, Boolean activateShell)
   at OrchardCore.Environment.Shell.Scope.ShellScope.UsingAsync(Func`2 execute, Boolean activateShell)
   at OrchardCore.Modules.ModularTenantContainerMiddleware.Invoke(HttpContext httpContext)
   at Microsoft.AspNetCore.Authentication.AuthenticationMiddleware.Invoke(HttpContext context)
   at Microsoft.AspNetCore.Diagnostics.DeveloperExceptionPageMiddlewareImpl.Invoke(HttpContext context)
2026-01-07 10:54:56.7889|Default|00-8b0b32cea23aa32bcfa0f624e8794600-57c1376425c7e343-00|1|Microsoft.AspNetCore.Diagnostics.DeveloperExceptionPageMiddleware|ERROR|An unhandled exception has occurred while executing the request. NLog message: Exception in NLog.LayoutRenderers.ExceptionLayoutRenderer.AppendToString(): System.TypeLoadException. 
2026-01-07 10:54:56.8524|Default|00-8b0b32cea23aa32bcfa0f624e8794600-57c1376425c7e343-00|2|Microsoft.AspNetCore.Server.IIS.Core.IISHttpServer|ERROR|Connection ID "18302628903618872030", Request ID "400002df-0004-fe00-b63f-84710c7967bb": An unhandled exception was thrown by the application. System.AggregateException: An error occurred while writing to logger(s). (Could not resolve type 'AspNetCoreGeneratedDocument.Pages_Article_ArticleDetail' in assembly 'TechVerse.Cms, Version=1.0.0.0, Culture=neutral, PublicKeyToken=null'.) (Could not resolve type 'AspNetCoreGeneratedDocument.Pages_Article_ArticleDetail' in assembly 'TechVerse.Cms, Version=1.0.0.0, Culture=neutral, PublicKeyToken=null'.) (Could not resolve type 'AspNetCoreGeneratedDocument.Pages_Article_ArticleDetail' in assembly 'TechVerse.Cms, Version=1.0.0.0, Culture=neutral, PublicKeyToken=null'.)
 ---> System.TypeLoadException: Could not resolve type 'AspNetCoreGeneratedDocument.Pages_Article_ArticleDetail' in assembly 'TechVerse.Cms, Version=1.0.0.0, Culture=neutral, PublicKeyToken=null'.
   at System.Reflection.TypeNameParser.GetTypeFromDefaultAssemblies(String typeName, ReadOnlySpan`1 nestedTypeNames)
   at System.Reflection.TypeNameParser.GetType(String typeName, ReadOnlySpan`1 nestedTypeNames, String assemblyNameIfAny)
   at System.Reflection.TypeNameParser.NestedNamespaceTypeName.ResolveType(TypeNameParser& parser, String containingAssemblyIfAny)
   at System.Reflection.TypeNameParser.GetTypeHelper(Char* pTypeName, RuntimeAssembly requestingAssembly, Boolean throwOnError, Boolean requireAssemblyQualifiedName)
   at System.Reflection.CustomAttribute._CreateCaObject(RuntimeModule pModule, RuntimeType type, IRuntimeMethodInfo pCtor, Byte** ppBlob, Byte* pEndBlob, Int32* pcNamedArgs)
   at System.Reflection.CustomAttribute.AddCustomAttributes(ListBuilder`1& attributes, RuntimeModule decoratedModule, Int32 decoratedMetadataToken, RuntimeType attributeFilterType, Boolean mustBeInheritable, ListBuilder`1 derivedAttributes)
   at System.Reflection.CustomAttribute.GetCustomAttributes(RuntimeModule decoratedModule, Int32 decoratedMetadataToken, Int32 pcaCount, RuntimeType attributeFilterType)
   at System.Reflection.CustomAttribute.GetCustomAttributes(RuntimeMethodInfo method, RuntimeType caType, Boolean inherit)
   at System.Attribute.GetCustomAttributes(MemberInfo element, Type attributeType, Boolean inherit)
   at System.Diagnostics.StackTrace.TryResolveStateMachineMethod(MethodBase& method, Type& declaringType)
   at System.Diagnostics.StackTrace.ToString(TraceFormat traceFormat, StringBuilder sb)
   at System.Diagnostics.StackTrace.ToString(TraceFormat traceFormat)
   at System.Exception.get_StackTrace()
   at System.Exception.ToString()
   at Microsoft.Extensions.Logging.Console.SimpleConsoleFormatter.CreateDefaultLogMessage[TState](TextWriter textWriter, LogEntry`1& logEntry, String message, IExternalScopeProvider scopeProvider)
   at Microsoft.Extensions.Logging.Console.SimpleConsoleFormatter.Write[TState](LogEntry`1& logEntry, IExternalScopeProvider scopeProvider, TextWriter textWriter)
   at Microsoft.Extensions.Logging.Console.ConsoleLogger.Log[TState](LogLevel logLevel, EventId eventId, TState state, Exception exception, Func`3 formatter)
   at Microsoft.Extensions.Logging.Logger.<Log>g__LoggerLog|14_0[TState](LogLevel logLevel, EventId eventId, ILogger logger, Exception exception, Func`3 formatter, List`1& exceptions, TState& state)
   --- End of inner exception stack trace ---
 ---> (Inner Exception #1) System.TypeLoadException: Could not resolve type 'AspNetCoreGeneratedDocument.Pages_Article_ArticleDetail' in assembly 'TechVerse.Cms, Version=1.0.0.0, Culture=neutral, PublicKeyToken=null'.
   at System.Reflection.TypeNameParser.GetTypeFromDefaultAssemblies(String typeName, ReadOnlySpan`1 nestedTypeNames)
   at System.Reflection.TypeNameParser.GetType(String typeName, ReadOnlySpan`1 nestedTypeNames, String assemblyNameIfAny)
   at System.Reflection.TypeNameParser.NestedNamespaceTypeName.ResolveType(TypeNameParser& parser, String containingAssemblyIfAny)
   at System.Reflection.TypeNameParser.GetTypeHelper(Char* pTypeName, RuntimeAssembly requestingAssembly, Boolean throwOnError, Boolean requireAssemblyQualifiedName)
   at System.Reflection.CustomAttribute._CreateCaObject(RuntimeModule pModule, RuntimeType type, IRuntimeMethodInfo pCtor, Byte** ppBlob, Byte* pEndBlob, Int32* pcNamedArgs)
   at System.Reflection.CustomAttribute.AddCustomAttributes(ListBuilder`1& attributes, RuntimeModule decoratedModule, Int32 decoratedMetadataToken, RuntimeType attributeFilterType, Boolean mustBeInheritable, ListBuilder`1 derivedAttributes)
   at System.Reflection.CustomAttribute.GetCustomAttributes(RuntimeModule decoratedModule, Int32 decoratedMetadataToken, Int32 pcaCount, RuntimeType attributeFilterType)
   at System.Reflection.CustomAttribute.GetCustomAttributes(RuntimeMethodInfo method, RuntimeType caType, Boolean inherit)
   at System.Attribute.GetCustomAttributes(MemberInfo element, Type attributeType, Boolean inherit)
   at System.Diagnostics.StackTrace.TryResolveStateMachineMethod(MethodBase& method, Type& declaringType)
   at System.Diagnostics.StackTrace.ToString(TraceFormat traceFormat, StringBuilder sb)
   at System.Diagnostics.StackTrace.ToString(TraceFormat traceFormat)
   at System.Exception.get_StackTrace()
   at System.Exception.ToString()
   at Microsoft.Extensions.Logging.Debug.DebugLogger.Log[TState](LogLevel logLevel, EventId eventId, TState state, Exception exception, Func`3 formatter)
   at Microsoft.Extensions.Logging.Logger.<Log>g__LoggerLog|14_0[TState](LogLevel logLevel, EventId eventId, ILogger logger, Exception exception, Func`3 formatter, List`1& exceptions, TState& state)<---

 ---> (Inner Exception #2) System.TypeLoadException: Could not resolve type 'AspNetCoreGeneratedDocument.Pages_Article_ArticleDetail' in assembly 'TechVerse.Cms, Version=1.0.0.0, Culture=neutral, PublicKeyToken=null'.
   at System.Reflection.TypeNameParser.GetTypeFromDefaultAssemblies(String typeName, ReadOnlySpan`1 nestedTypeNames)
   at System.Reflection.TypeNameParser.GetType(String typeName, ReadOnlySpan`1 nestedTypeNames, String assemblyNameIfAny)
   at System.Reflection.TypeNameParser.NestedNamespaceTypeName.ResolveType(TypeNameParser& parser, String containingAssemblyIfAny)
   at System.Reflection.TypeNameParser.GetTypeHelper(Char* pTypeName, RuntimeAssembly requestingAssembly, Boolean throwOnError, Boolean requireAssemblyQualifiedName)
   at System.Reflection.CustomAttribute._CreateCaObject(RuntimeModule pModule, RuntimeType type, IRuntimeMethodInfo pCtor, Byte** ppBlob, Byte* pEndBlob, Int32* pcNamedArgs)
   at System.Reflection.CustomAttribute.AddCustomAttributes(ListBuilder`1& attributes, RuntimeModule decoratedModule, Int32 decoratedMetadataToken, RuntimeType attributeFilterType, Boolean mustBeInheritable, ListBuilder`1 derivedAttributes)
   at System.Reflection.CustomAttribute.GetCustomAttributes(RuntimeModule decoratedModule, Int32 decoratedMetadataToken, Int32 pcaCount, RuntimeType attributeFilterType)
   at System.Reflection.CustomAttribute.GetCustomAttributes(RuntimeMethodInfo method, RuntimeType caType, Boolean inherit)
   at System.Attribute.GetCustomAttributes(MemberInfo element, Type attributeType, Boolean inherit)
   at System.Diagnostics.StackTrace.TryResolveStateMachineMethod(MethodBase& method, Type& declaringType)
   at System.Diagnostics.StackTrace.ToString(TraceFormat traceFormat, StringBuilder sb)
   at System.Diagnostics.StackTrace.ToString(TraceFormat traceFormat)
   at System.Exception.get_StackTrace()
   at System.Exception.ToString()
   at System.Text.StringBuilder.Append(Object value)
   at Microsoft.Extensions.Logging.EventLog.EventLogLogger.Log[TState](LogLevel logLevel, EventId eventId, TState state, Exception exception, Func`3 formatter)
   at Microsoft.Extensions.Logging.Logger.<Log>g__LoggerLog|14_0[TState](LogLevel logLevel, EventId eventId, ILogger logger, Exception exception, Func`3 formatter, List`1& exceptions, TState& state)<---

2026-01-07 10:54:57.8359|Default|00-d458c448fd075cc4c1f88f17fed114d3-5be971944536455e-00|1|Microsoft.AspNetCore.Diagnostics.DeveloperExceptionPageMiddleware|ERROR|An unhandled exception has occurred while executing the request. NLog message: Exception in NLog.LayoutRenderers.ExceptionLayoutRenderer.AppendToString(): System.TypeLoadException. 
2026-01-07 10:54:57.8701|Default|00-d458c448fd075cc4c1f88f17fed114d3-5be971944536455e-00|2|Microsoft.AspNetCore.Server.IIS.Core.IISHttpServer|ERROR|Connection ID "18302628886439002785", Request ID "400002a2-0000-fe00-b63f-84710c7967bb": An unhandled exception was thrown by the application. System.AggregateException: An error occurred while writing to logger(s). (Could not resolve type 'AspNetCoreGeneratedDocument.Pages_Article_ArticleDetail' in assembly 'TechVerse.Cms, Version=1.0.0.0, Culture=neutral, PublicKeyToken=null'.) (Could not resolve type 'AspNetCoreGeneratedDocument.Pages_Article_ArticleDetail' in assembly 'TechVerse.Cms, Version=1.0.0.0, Culture=neutral, PublicKeyToken=null'.) (Could not resolve type 'AspNetCoreGeneratedDocument.Pages_Article_ArticleDetail' in assembly 'TechVerse.Cms, Version=1.0.0.0, Culture=neutral, PublicKeyToken=null'.)
 ---> System.TypeLoadException: Could not resolve type 'AspNetCoreGeneratedDocument.Pages_Article_ArticleDetail' in assembly 'TechVerse.Cms, Version=1.0.0.0, Culture=neutral, PublicKeyToken=null'.
   at System.Reflection.TypeNameParser.GetTypeFromDefaultAssemblies(String typeName, ReadOnlySpan`1 nestedTypeNames)
   at System.Reflection.TypeNameParser.GetType(String typeName, ReadOnlySpan`1 nestedTypeNames, String assemblyNameIfAny)
   at System.Reflection.TypeNameParser.NestedNamespaceTypeName.ResolveType(TypeNameParser& parser, String containingAssemblyIfAny)
   at System.Reflection.TypeNameParser.GetTypeHelper(Char* pTypeName, RuntimeAssembly requestingAssembly, Boolean throwOnError, Boolean requireAssemblyQualifiedName)
   at System.Reflection.CustomAttribute._CreateCaObject(RuntimeModule pModule, RuntimeType type, IRuntimeMethodInfo pCtor, Byte** ppBlob, Byte* pEndBlob, Int32* pcNamedArgs)
   at System.Reflection.CustomAttribute.AddCustomAttributes(ListBuilder`1& attributes, RuntimeModule decoratedModule, Int32 decoratedMetadataToken, RuntimeType attributeFilterType, Boolean mustBeInheritable, ListBuilder`1 derivedAttributes)
   at System.Reflection.CustomAttribute.GetCustomAttributes(RuntimeModule decoratedModule, Int32 decoratedMetadataToken, Int32 pcaCount, RuntimeType attributeFilterType)
   at System.Reflection.CustomAttribute.GetCustomAttributes(RuntimeMethodInfo method, RuntimeType caType, Boolean inherit)
   at System.Attribute.GetCustomAttributes(MemberInfo element, Type attributeType, Boolean inherit)
   at System.Diagnostics.StackTrace.TryResolveStateMachineMethod(MethodBase& method, Type& declaringType)
   at System.Diagnostics.StackTrace.ToString(TraceFormat traceFormat, StringBuilder sb)
   at System.Diagnostics.StackTrace.ToString(TraceFormat traceFormat)
   at System.Exception.get_StackTrace()
   at System.Exception.ToString()
   at Microsoft.Extensions.Logging.Console.SimpleConsoleFormatter.CreateDefaultLogMessage[TState](TextWriter textWriter, LogEntry`1& logEntry, String message, IExternalScopeProvider scopeProvider)
   at Microsoft.Extensions.Logging.Console.SimpleConsoleFormatter.Write[TState](LogEntry`1& logEntry, IExternalScopeProvider scopeProvider, TextWriter textWriter)
   at Microsoft.Extensions.Logging.Console.ConsoleLogger.Log[TState](LogLevel logLevel, EventId eventId, TState state, Exception exception, Func`3 formatter)
   at Microsoft.Extensions.Logging.Logger.<Log>g__LoggerLog|14_0[TState](LogLevel logLevel, EventId eventId, ILogger logger, Exception exception, Func`3 formatter, List`1& exceptions, TState& state)
   --- End of inner exception stack trace ---
 ---> (Inner Exception #1) System.TypeLoadException: Could not resolve type 'AspNetCoreGeneratedDocument.Pages_Article_ArticleDetail' in assembly 'TechVerse.Cms, Version=1.0.0.0, Culture=neutral, PublicKeyToken=null'.
   at System.Reflection.TypeNameParser.GetTypeFromDefaultAssemblies(String typeName, ReadOnlySpan`1 nestedTypeNames)
   at System.Reflection.TypeNameParser.GetType(String typeName, ReadOnlySpan`1 nestedTypeNames, String assemblyNameIfAny)
   at System.Reflection.TypeNameParser.NestedNamespaceTypeName.ResolveType(TypeNameParser& parser, String containingAssemblyIfAny)
   at System.Reflection.TypeNameParser.GetTypeHelper(Char* pTypeName, RuntimeAssembly requestingAssembly, Boolean throwOnError, Boolean requireAssemblyQualifiedName)
   at System.Reflection.CustomAttribute._CreateCaObject(RuntimeModule pModule, RuntimeType type, IRuntimeMethodInfo pCtor, Byte** ppBlob, Byte* pEndBlob, Int32* pcNamedArgs)
   at System.Reflection.CustomAttribute.AddCustomAttributes(ListBuilder`1& attributes, RuntimeModule decoratedModule, Int32 decoratedMetadataToken, RuntimeType attributeFilterType, Boolean mustBeInheritable, ListBuilder`1 derivedAttributes)
   at System.Reflection.CustomAttribute.GetCustomAttributes(RuntimeModule decoratedModule, Int32 decoratedMetadataToken, Int32 pcaCount, RuntimeType attributeFilterType)
   at System.Reflection.CustomAttribute.GetCustomAttributes(RuntimeMethodInfo method, RuntimeType caType, Boolean inherit)
   at System.Attribute.GetCustomAttributes(MemberInfo element, Type attributeType, Boolean inherit)
   at System.Diagnostics.StackTrace.TryResolveStateMachineMethod(MethodBase& method, Type& declaringType)
   at System.Diagnostics.StackTrace.ToString(TraceFormat traceFormat, StringBuilder sb)
   at System.Diagnostics.StackTrace.ToString(TraceFormat traceFormat)
   at System.Exception.get_StackTrace()
   at System.Exception.ToString()
   at Microsoft.Extensions.Logging.Debug.DebugLogger.Log[TState](LogLevel logLevel, EventId eventId, TState state, Exception exception, Func`3 formatter)
   at Microsoft.Extensions.Logging.Logger.<Log>g__LoggerLog|14_0[TState](LogLevel logLevel, EventId eventId, ILogger logger, Exception exception, Func`3 formatter, List`1& exceptions, TState& state)<---

 ---> (Inner Exception #2) System.TypeLoadException: Could not resolve type 'AspNetCoreGeneratedDocument.Pages_Article_ArticleDetail' in assembly 'TechVerse.Cms, Version=1.0.0.0, Culture=neutral, PublicKeyToken=null'.
   at System.Reflection.TypeNameParser.GetTypeFromDefaultAssemblies(String typeName, ReadOnlySpan`1 nestedTypeNames)
   at System.Reflection.TypeNameParser.GetType(String typeName, ReadOnlySpan`1 nestedTypeNames, String assemblyNameIfAny)
   at System.Reflection.TypeNameParser.NestedNamespaceTypeName.ResolveType(TypeNameParser& parser, String containingAssemblyIfAny)
   at System.Reflection.TypeNameParser.GetTypeHelper(Char* pTypeName, RuntimeAssembly requestingAssembly, Boolean throwOnError, Boolean requireAssemblyQualifiedName)
   at System.Reflection.CustomAttribute._CreateCaObject(RuntimeModule pModule, RuntimeType type, IRuntimeMethodInfo pCtor, Byte** ppBlob, Byte* pEndBlob, Int32* pcNamedArgs)
   at System.Reflection.CustomAttribute.AddCustomAttributes(ListBuilder`1& attributes, RuntimeModule decoratedModule, Int32 decoratedMetadataToken, RuntimeType attributeFilterType, Boolean mustBeInheritable, ListBuilder`1 derivedAttributes)
   at System.Reflection.CustomAttribute.GetCustomAttributes(RuntimeModule decoratedModule, Int32 decoratedMetadataToken, Int32 pcaCount, RuntimeType attributeFilterType)
   at System.Reflection.CustomAttribute.GetCustomAttributes(RuntimeMethodInfo method, RuntimeType caType, Boolean inherit)
   at System.Attribute.GetCustomAttributes(MemberInfo element, Type attributeType, Boolean inherit)
   at System.Diagnostics.StackTrace.TryResolveStateMachineMethod(MethodBase& method, Type& declaringType)
   at System.Diagnostics.StackTrace.ToString(TraceFormat traceFormat, StringBuilder sb)
   at System.Diagnostics.StackTrace.ToString(TraceFormat traceFormat)
   at System.Exception.get_StackTrace()
   at System.Exception.ToString()
   at System.Text.StringBuilder.Append(Object value)
   at Microsoft.Extensions.Logging.EventLog.EventLogLogger.Log[TState](LogLevel logLevel, EventId eventId, TState state, Exception exception, Func`3 formatter)
   at Microsoft.Extensions.Logging.Logger.<Log>g__LoggerLog|14_0[TState](LogLevel logLevel, EventId eventId, ILogger logger, Exception exception, Func`3 formatter, List`1& exceptions, TState& state)<---

2026-01-07 10:55:01.7536|Default|00-2142f06d5e7994a8029297ce8ceccbf4-8162dfbdea823eb0-00|1|Microsoft.AspNetCore.Diagnostics.DeveloperExceptionPageMiddleware|ERROR|An unhandled exception has occurred while executing the request. NLog message: Exception in NLog.LayoutRenderers.ExceptionLayoutRenderer.AppendToString(): System.TypeLoadException. 
2026-01-07 10:55:01.7849|Default|00-2142f06d5e7994a8029297ce8ceccbf4-8162dfbdea823eb0-00|2|Microsoft.AspNetCore.Server.IIS.Core.IISHttpServer|ERROR|Connection ID "18302628886439002787", Request ID "400002a4-0000-fe00-b63f-84710c7967bb": An unhandled exception was thrown by the application. System.AggregateException: An error occurred while writing to logger(s). (Could not resolve type 'AspNetCoreGeneratedDocument.Pages_Article_ArticleDetail' in assembly 'TechVerse.Cms, Version=1.0.0.0, Culture=neutral, PublicKeyToken=null'.) (Could not resolve type 'AspNetCoreGeneratedDocument.Pages_Article_ArticleDetail' in assembly 'TechVerse.Cms, Version=1.0.0.0, Culture=neutral, PublicKeyToken=null'.) (Could not resolve type 'AspNetCoreGeneratedDocument.Pages_Article_ArticleDetail' in assembly 'TechVerse.Cms, Version=1.0.0.0, Culture=neutral, PublicKeyToken=null'.)
 ---> System.TypeLoadException: Could not resolve type 'AspNetCoreGeneratedDocument.Pages_Article_ArticleDetail' in assembly 'TechVerse.Cms, Version=1.0.0.0, Culture=neutral, PublicKeyToken=null'.
   at System.Reflection.TypeNameParser.GetTypeFromDefaultAssemblies(String typeName, ReadOnlySpan`1 nestedTypeNames)
   at System.Reflection.TypeNameParser.GetType(String typeName, ReadOnlySpan`1 nestedTypeNames, String assemblyNameIfAny)
   at System.Reflection.TypeNameParser.NestedNamespaceTypeName.ResolveType(TypeNameParser& parser, String containingAssemblyIfAny)
   at System.Reflection.TypeNameParser.GetTypeHelper(Char* pTypeName, RuntimeAssembly requestingAssembly, Boolean throwOnError, Boolean requireAssemblyQualifiedName)
   at System.Reflection.CustomAttribute._CreateCaObject(RuntimeModule pModule, RuntimeType type, IRuntimeMethodInfo pCtor, Byte** ppBlob, Byte* pEndBlob, Int32* pcNamedArgs)
   at System.Reflection.CustomAttribute.AddCustomAttributes(ListBuilder`1& attributes, RuntimeModule decoratedModule, Int32 decoratedMetadataToken, RuntimeType attributeFilterType, Boolean mustBeInheritable, ListBuilder`1 derivedAttributes)
   at System.Reflection.CustomAttribute.GetCustomAttributes(RuntimeModule decoratedModule, Int32 decoratedMetadataToken, Int32 pcaCount, RuntimeType attributeFilterType)
   at System.Reflection.CustomAttribute.GetCustomAttributes(RuntimeMethodInfo method, RuntimeType caType, Boolean inherit)
   at System.Attribute.GetCustomAttributes(MemberInfo element, Type attributeType, Boolean inherit)
   at System.Diagnostics.StackTrace.TryResolveStateMachineMethod(MethodBase& method, Type& declaringType)
   at System.Diagnostics.StackTrace.ToString(TraceFormat traceFormat, StringBuilder sb)
   at System.Exception.get_StackTrace()
   at System.Exception.ToString()
   at Microsoft.Extensions.Logging.Console.SimpleConsoleFormatter.CreateDefaultLogMessage[TState](TextWriter textWriter, LogEntry`1& logEntry, String message, IExternalScopeProvider scopeProvider)
   at Microsoft.Extensions.Logging.Console.SimpleConsoleFormatter.Write[TState](LogEntry`1& logEntry, IExternalScopeProvider scopeProvider, TextWriter textWriter)
   at Microsoft.Extensions.Logging.Console.ConsoleLogger.Log[TState](LogLevel logLevel, EventId eventId, TState state, Exception exception, Func`3 formatter)
   at Microsoft.Extensions.Logging.Logger.<Log>g__LoggerLog|14_0[TState](LogLevel logLevel, EventId eventId, ILogger logger, Exception exception, Func`3 formatter, List`1& exceptions, TState& state)
   --- End of inner exception stack trace ---
 ---> (Inner Exception #1) System.TypeLoadException: Could not resolve type 'AspNetCoreGeneratedDocument.Pages_Article_ArticleDetail' in assembly 'TechVerse.Cms, Version=1.0.0.0, Culture=neutral, PublicKeyToken=null'.
   at System.Reflection.TypeNameParser.GetTypeFromDefaultAssemblies(String typeName, ReadOnlySpan`1 nestedTypeNames)
   at System.Reflection.TypeNameParser.GetType(String typeName, ReadOnlySpan`1 nestedTypeNames, String assemblyNameIfAny)
   at System.Reflection.TypeNameParser.NestedNamespaceTypeName.ResolveType(TypeNameParser& parser, String containingAssemblyIfAny)
   at System.Reflection.TypeNameParser.GetTypeHelper(Char* pTypeName, RuntimeAssembly requestingAssembly, Boolean throwOnError, Boolean requireAssemblyQualifiedName)
   at System.Reflection.CustomAttribute._CreateCaObject(RuntimeModule pModule, RuntimeType type, IRuntimeMethodInfo pCtor, Byte** ppBlob, Byte* pEndBlob, Int32* pcNamedArgs)
   at System.Reflection.CustomAttribute.AddCustomAttributes(ListBuilder`1& attributes, RuntimeModule decoratedModule, Int32 decoratedMetadataToken, RuntimeType attributeFilterType, Boolean mustBeInheritable, ListBuilder`1 derivedAttributes)
   at System.Reflection.CustomAttribute.GetCustomAttributes(RuntimeModule decoratedModule, Int32 decoratedMetadataToken, Int32 pcaCount, RuntimeType attributeFilterType)
   at System.Reflection.CustomAttribute.GetCustomAttributes(RuntimeMethodInfo method, RuntimeType caType, Boolean inherit)
   at System.Attribute.GetCustomAttributes(MemberInfo element, Type attributeType, Boolean inherit)
   at System.Diagnostics.StackTrace.TryResolveStateMachineMethod(MethodBase& method, Type& declaringType)
   at System.Diagnostics.StackTrace.ToString(TraceFormat traceFormat, StringBuilder sb)
   at System.Exception.get_StackTrace()
   at System.Exception.ToString()
   at Microsoft.Extensions.Logging.Debug.DebugLogger.Log[TState](LogLevel logLevel, EventId eventId, TState state, Exception exception, Func`3 formatter)
   at Microsoft.Extensions.Logging.Logger.<Log>g__LoggerLog|14_0[TState](LogLevel logLevel, EventId eventId, ILogger logger, Exception exception, Func`3 formatter, List`1& exceptions, TState& state)<---

 ---> (Inner Exception #2) System.TypeLoadException: Could not resolve type 'AspNetCoreGeneratedDocument.Pages_Article_ArticleDetail' in assembly 'TechVerse.Cms, Version=1.0.0.0, Culture=neutral, PublicKeyToken=null'.
   at System.Reflection.TypeNameParser.GetTypeFromDefaultAssemblies(String typeName, ReadOnlySpan`1 nestedTypeNames)
   at System.Reflection.TypeNameParser.GetType(String typeName, ReadOnlySpan`1 nestedTypeNames, String assemblyNameIfAny)
   at System.Reflection.TypeNameParser.NestedNamespaceTypeName.ResolveType(TypeNameParser& parser, String containingAssemblyIfAny)
   at System.Reflection.TypeNameParser.GetTypeHelper(Char* pTypeName, RuntimeAssembly requestingAssembly, Boolean throwOnError, Boolean requireAssemblyQualifiedName)
   at System.Reflection.CustomAttribute._CreateCaObject(RuntimeModule pModule, RuntimeType type, IRuntimeMethodInfo pCtor, Byte** ppBlob, Byte* pEndBlob, Int32* pcNamedArgs)
   at System.Reflection.CustomAttribute.AddCustomAttributes(ListBuilder`1& attributes, RuntimeModule decoratedModule, Int32 decoratedMetadataToken, RuntimeType attributeFilterType, Boolean mustBeInheritable, ListBuilder`1 derivedAttributes)
   at System.Reflection.CustomAttribute.GetCustomAttributes(RuntimeModule decoratedModule, Int32 decoratedMetadataToken, Int32 pcaCount, RuntimeType attributeFilterType)
   at System.Reflection.CustomAttribute.GetCustomAttributes(RuntimeMethodInfo method, RuntimeType caType, Boolean inherit)
   at System.Attribute.GetCustomAttributes(MemberInfo element, Type attributeType, Boolean inherit)
   at System.Diagnostics.StackTrace.TryResolveStateMachineMethod(MethodBase& method, Type& declaringType)
   at System.Diagnostics.StackTrace.ToString(TraceFormat traceFormat, StringBuilder sb)
   at System.Exception.get_StackTrace()
   at System.Exception.ToString()
   at System.Text.StringBuilder.Append(Object value)
   at Microsoft.Extensions.Logging.EventLog.EventLogLogger.Log[TState](LogLevel logLevel, EventId eventId, TState state, Exception exception, Func`3 formatter)
   at Microsoft.Extensions.Logging.Logger.<Log>g__LoggerLog|14_0[TState](LogLevel logLevel, EventId eventId, ILogger logger, Exception exception, Func`3 formatter, List`1& exceptions, TState& state)<---

2026-01-07 10:55:18.6173||||Microsoft.Hosting.Lifetime|INFO|Application started. Press Ctrl+C to shut down. 
2026-01-07 10:55:18.7052||||Microsoft.Hosting.Lifetime|INFO|Hosting environment: Development 
2026-01-07 10:55:18.7121||||Microsoft.Hosting.Lifetime|INFO|Content root path: C:\Users\Wanwi\OneDrive\Desktop\TechVerse\TechVerse.Cms 
2026-01-07 10:55:36.1942|Default|00-b045bf6fc6b7e8cdad9e51aab933c870-47ef39b5a3727483-00|1|Microsoft.AspNetCore.Diagnostics.DeveloperExceptionPageMiddleware|ERROR|An unhandled exception has occurred while executing the request. Microsoft.CSharp.RuntimeBinder.RuntimeBinderException: The best overloaded method match for 'string.IsNullOrEmpty(string)' has some invalid arguments
   at CallSite.Target(Closure, CallSite, Type, Object)
   at System.Dynamic.UpdateDelegates.UpdateAndExecute2[T0,T1,TRet](CallSite site, T0 arg0, T1 arg1)
   at AspNetCoreGeneratedDocument.Pages_Article_ArticleDetail.ExecuteAsync() in C:\Users\Wanwi\OneDrive\Desktop\TechVerse\TechVerse.Cms\Pages\Article\ArticleDetail.cshtml:line 37
   at Microsoft.AspNetCore.Mvc.Razor.RazorView.RenderPageCoreAsync(IRazorPage page, ViewContext context)
   at Microsoft.AspNetCore.Mvc.Razor.RazorView.RenderPageAsync(IRazorPage page, ViewContext context, Boolean invokeViewStarts)
   at Microsoft.AspNetCore.Mvc.Razor.RazorView.RenderAsync(ViewContext context)
   at Microsoft.AspNetCore.Mvc.ViewFeatures.ViewExecutor.ExecuteAsync(ViewContext viewContext, String contentType, Nullable`1 statusCode)
   at Microsoft.AspNetCore.Mvc.ViewFeatures.ViewExecutor.ExecuteAsync(ViewContext viewContext, String contentType, Nullable`1 statusCode)
   at Microsoft.AspNetCore.Mvc.Infrastructure.ResourceInvoker.<InvokeNextResultFilterAsync>g__Awaited|30_0[TFilter,TFilterAsync](ResourceInvoker invoker, Task lastTask, State next, Scope scope, Object state, Boolean isCompleted)
   at Microsoft.AspNetCore.Mvc.Infrastructure.ResourceInvoker.Rethrow(ResultExecutedContextSealed context)
   at Microsoft.AspNetCore.Mvc.Infrastructure.ResourceInvoker.ResultNext[TFilter,TFilterAsync](State& next, Scope& scope, Object& state, Boolean& isCompleted)
   at Microsoft.AspNetCore.Mvc.Infrastructure.ResourceInvoker.<InvokeResultFilters>g__Awaited|28_0(ResourceInvoker invoker, Task lastTask, State next, Scope scope, Object state, Boolean isCompleted)
   at Microsoft.AspNetCore.Mvc.Infrastructure.ResourceInvoker.<InvokeNextResourceFilter>g__Awaited|25_0(ResourceInvoker invoker, Task lastTask, State next, Scope scope, Object state, Boolean isCompleted)
   at Microsoft.AspNetCore.Mvc.Infrastructure.ResourceInvoker.Rethrow(ResourceExecutedContextSealed context)
   at Microsoft.AspNetCore.Mvc.Infrastructure.ResourceInvoker.Next(State& next, Scope& scope, Object& state, Boolean& isCompleted)
   at Microsoft.AspNetCore.Mvc.Infrastructure.ResourceInvoker.<InvokeFilterPipelineAsync>g__Awaited|20_0(ResourceInvoker invoker, Task lastTask, State next, Scope scope, Object state, Boolean isCompleted)
   at Microsoft.AspNetCore.Mvc.Infrastructure.ResourceInvoker.<InvokeAsync>g__Awaited|17_0(ResourceInvoker invoker, Task task, IDisposable scope)
   at Microsoft.AspNetCore.Mvc.Infrastructure.ResourceInvoker.<InvokeAsync>g__Awaited|17_0(ResourceInvoker invoker, Task task, IDisposable scope)
   at SixLabors.ImageSharp.Web.Middleware.ImageSharpMiddleware.Invoke(HttpContext httpContext, Boolean retry)
   at Microsoft.AspNetCore.Authorization.AuthorizationMiddleware.Invoke(HttpContext context)
   at OrchardCore.Liquid.ScriptsMiddleware.Invoke(HttpContext httpContext)
   at Microsoft.AspNetCore.Authentication.AuthenticationMiddleware.Invoke(HttpContext context)
   at OrchardCore.Diagnostics.DiagnosticsStartupFilter.<>c__DisplayClass3_0.<<Configure>b__1>d.MoveNext()
--- End of stack trace from previous location ---
   at Microsoft.AspNetCore.Diagnostics.StatusCodePagesMiddleware.Invoke(HttpContext context)
   at OrchardCore.ContentPreview.PreviewStartupFilter.<>c.<<Configure>b__0_1>d.MoveNext()
--- End of stack trace from previous location ---
   at OrchardCore.Users.Services.ExternalAuthenticationsStartupFilter.<>c.<<Configure>b__0_1>d.MoveNext()
--- End of stack trace from previous location ---
   at OrchardCore.Modules.ModularTenantRouterMiddleware.Invoke(HttpContext httpContext)
   at OrchardCore.Modules.ModularTenantContainerMiddleware.<>c__DisplayClass4_0.<<Invoke>b__0>d.MoveNext()
--- End of stack trace from previous location ---
   at OrchardCore.Environment.Shell.Scope.ShellScope.UsingAsync(Func`2 execute, Boolean activateShell)
   at OrchardCore.Environment.Shell.Scope.ShellScope.UsingAsync(Func`2 execute, Boolean activateShell)
   at OrchardCore.Environment.Shell.Scope.ShellScope.UsingAsync(Func`2 execute, Boolean activateShell)
   at OrchardCore.Environment.Shell.Scope.ShellScope.UsingAsync(Func`2 execute, Boolean activateShell)
   at OrchardCore.Environment.Shell.Scope.ShellScope.UsingAsync(Func`2 execute, Boolean activateShell)
   at OrchardCore.Modules.ModularTenantContainerMiddleware.Invoke(HttpContext httpContext)
   at Microsoft.AspNetCore.Authentication.AuthenticationMiddleware.Invoke(HttpContext context)
   at Microsoft.AspNetCore.Diagnostics.DeveloperExceptionPageMiddlewareImpl.Invoke(HttpContext context)    at CallSite.Target(Closure, CallSite, Type, Object)
   at System.Dynamic.UpdateDelegates.UpdateAndExecute2[T0,T1,TRet](CallSite site, T0 arg0, T1 arg1)
   at AspNetCoreGeneratedDocument.Pages_Article_ArticleDetail.ExecuteAsync() in C:\Users\Wanwi\OneDrive\Desktop\TechVerse\TechVerse.Cms\Pages\Article\ArticleDetail.cshtml:line 37
   at Microsoft.AspNetCore.Mvc.Razor.RazorView.RenderPageCoreAsync(IRazorPage page, ViewContext context)
   at Microsoft.AspNetCore.Mvc.Razor.RazorView.RenderPageAsync(IRazorPage page, ViewContext context, Boolean invokeViewStarts)
   at Microsoft.AspNetCore.Mvc.Razor.RazorView.RenderAsync(ViewContext context)
   at Microsoft.AspNetCore.Mvc.ViewFeatures.ViewExecutor.ExecuteAsync(ViewContext viewContext, String contentType, Nullable`1 statusCode)
   at Microsoft.AspNetCore.Mvc.ViewFeatures.ViewExecutor.ExecuteAsync(ViewContext viewContext, String contentType, Nullable`1 statusCode)
   at Microsoft.AspNetCore.Mvc.Infrastructure.ResourceInvoker.<InvokeNextResultFilterAsync>g__Awaited|30_0[TFilter,TFilterAsync](ResourceInvoker invoker, Task lastTask, State next, Scope scope, Object state, Boolean isCompleted)
   at Microsoft.AspNetCore.Mvc.Infrastructure.ResourceInvoker.Rethrow(ResultExecutedContextSealed context)
   at Microsoft.AspNetCore.Mvc.Infrastructure.ResourceInvoker.ResultNext[TFilter,TFilterAsync](State& next, Scope& scope, Object& state, Boolean& isCompleted)
   at Microsoft.AspNetCore.Mvc.Infrastructure.ResourceInvoker.<InvokeResultFilters>g__Awaited|28_0(ResourceInvoker invoker, Task lastTask, State next, Scope scope, Object state, Boolean isCompleted)
   at Microsoft.AspNetCore.Mvc.Infrastructure.ResourceInvoker.<InvokeNextResourceFilter>g__Awaited|25_0(ResourceInvoker invoker, Task lastTask, State next, Scope scope, Object state, Boolean isCompleted)
   at Microsoft.AspNetCore.Mvc.Infrastructure.ResourceInvoker.Rethrow(ResourceExecutedContextSealed context)
   at Microsoft.AspNetCore.Mvc.Infrastructure.ResourceInvoker.Next(State& next, Scope& scope, Object& state, Boolean& isCompleted)
   at Microsoft.AspNetCore.Mvc.Infrastructure.ResourceInvoker.<InvokeFilterPipelineAsync>g__Awaited|20_0(ResourceInvoker invoker, Task lastTask, State next, Scope scope, Object state, Boolean isCompleted)
   at Microsoft.AspNetCore.Mvc.Infrastructure.ResourceInvoker.<InvokeAsync>g__Awaited|17_0(ResourceInvoker invoker, Task task, IDisposable scope)
   at Microsoft.AspNetCore.Mvc.Infrastructure.ResourceInvoker.<InvokeAsync>g__Awaited|17_0(ResourceInvoker invoker, Task task, IDisposable scope)
   at SixLabors.ImageSharp.Web.Middleware.ImageSharpMiddleware.Invoke(HttpContext httpContext, Boolean retry)
   at Microsoft.AspNetCore.Authorization.AuthorizationMiddleware.Invoke(HttpContext context)
   at OrchardCore.Liquid.ScriptsMiddleware.Invoke(HttpContext httpContext)
   at Microsoft.AspNetCore.Authentication.AuthenticationMiddleware.Invoke(HttpContext context)
   at OrchardCore.Diagnostics.DiagnosticsStartupFilter.<>c__DisplayClass3_0.<<Configure>b__1>d.MoveNext()
--- End of stack trace from previous location ---
   at Microsoft.AspNetCore.Diagnostics.StatusCodePagesMiddleware.Invoke(HttpContext context)
   at OrchardCore.ContentPreview.PreviewStartupFilter.<>c.<<Configure>b__0_1>d.MoveNext()
--- End of stack trace from previous location ---
   at OrchardCore.Users.Services.ExternalAuthenticationsStartupFilter.<>c.<<Configure>b__0_1>d.MoveNext()
--- End of stack trace from previous location ---
   at OrchardCore.Modules.ModularTenantRouterMiddleware.Invoke(HttpContext httpContext)
   at OrchardCore.Modules.ModularTenantContainerMiddleware.<>c__DisplayClass4_0.<<Invoke>b__0>d.MoveNext()
--- End of stack trace from previous location ---
   at OrchardCore.Environment.Shell.Scope.ShellScope.UsingAsync(Func`2 execute, Boolean activateShell)
   at OrchardCore.Environment.Shell.Scope.ShellScope.UsingAsync(Func`2 execute, Boolean activateShell)
   at OrchardCore.Environment.Shell.Scope.ShellScope.UsingAsync(Func`2 execute, Boolean activateShell)
   at OrchardCore.Environment.Shell.Scope.ShellScope.UsingAsync(Func`2 execute, Boolean activateShell)
   at OrchardCore.Environment.Shell.Scope.ShellScope.UsingAsync(Func`2 execute, Boolean activateShell)
   at OrchardCore.Modules.ModularTenantContainerMiddleware.Invoke(HttpContext httpContext)
   at Microsoft.AspNetCore.Authentication.AuthenticationMiddleware.Invoke(HttpContext context)
   at Microsoft.AspNetCore.Diagnostics.DeveloperExceptionPageMiddlewareImpl.Invoke(HttpContext context)
2026-01-07 10:56:41.9067||||Microsoft.Hosting.Lifetime|INFO|Application started. Press Ctrl+C to shut down. 
2026-01-07 10:56:41.9715||||Microsoft.Hosting.Lifetime|INFO|Hosting environment: Development 
2026-01-07 10:56:41.9843||||Microsoft.Hosting.Lifetime|INFO|Content root path: C:\Users\Wanwi\OneDrive\Desktop\TechVerse\TechVerse.Cms 
2026-01-07 10:57:07.0530|Default|00-c07a6f62122f3b9ea2e8d3547cccaa98-db9e49fe841d3804-00|1|Microsoft.AspNetCore.Diagnostics.DeveloperExceptionPageMiddleware|ERROR|An unhandled exception has occurred while executing the request. Microsoft.CSharp.RuntimeBinder.RuntimeBinderException: Cannot perform runtime binding on a null reference
   at CallSite.Target(Closure, CallSite, Object)
   at System.Dynamic.UpdateDelegates.UpdateAndExecute1[T0,TRet](CallSite site, T0 arg0)
   at AspNetCoreGeneratedDocument.Pages_Article_ArticleDetail.ExecuteAsync() in C:\Users\Wanwi\OneDrive\Desktop\TechVerse\TechVerse.Cms\Pages\Article\ArticleDetail.cshtml:line 59
   at Microsoft.AspNetCore.Mvc.Razor.RazorView.RenderPageCoreAsync(IRazorPage page, ViewContext context)
   at Microsoft.AspNetCore.Mvc.Razor.RazorView.RenderPageAsync(IRazorPage page, ViewContext context, Boolean invokeViewStarts)
   at Microsoft.AspNetCore.Mvc.Razor.RazorView.RenderAsync(ViewContext context)
   at Microsoft.AspNetCore.Mvc.ViewFeatures.ViewExecutor.ExecuteAsync(ViewContext viewContext, String contentType, Nullable`1 statusCode)
   at Microsoft.AspNetCore.Mvc.ViewFeatures.ViewExecutor.ExecuteAsync(ViewContext viewContext, String contentType, Nullable`1 statusCode)
   at Microsoft.AspNetCore.Mvc.Infrastructure.ResourceInvoker.<InvokeNextResultFilterAsync>g__Awaited|30_0[TFilter,TFilterAsync](ResourceInvoker invoker, Task lastTask, State next, Scope scope, Object state, Boolean isCompleted)
   at Microsoft.AspNetCore.Mvc.Infrastructure.ResourceInvoker.Rethrow(ResultExecutedContextSealed context)
   at Microsoft.AspNetCore.Mvc.Infrastructure.ResourceInvoker.ResultNext[TFilter,TFilterAsync](State& next, Scope& scope, Object& state, Boolean& isCompleted)
   at Microsoft.AspNetCore.Mvc.Infrastructure.ResourceInvoker.<InvokeResultFilters>g__Awaited|28_0(ResourceInvoker invoker, Task lastTask, State next, Scope scope, Object state, Boolean isCompleted)
   at Microsoft.AspNetCore.Mvc.Infrastructure.ResourceInvoker.<InvokeNextResourceFilter>g__Awaited|25_0(ResourceInvoker invoker, Task lastTask, State next, Scope scope, Object state, Boolean isCompleted)
   at Microsoft.AspNetCore.Mvc.Infrastructure.ResourceInvoker.Rethrow(ResourceExecutedContextSealed context)
   at Microsoft.AspNetCore.Mvc.Infrastructure.ResourceInvoker.Next(State& next, Scope& scope, Object& state, Boolean& isCompleted)
   at Microsoft.AspNetCore.Mvc.Infrastructure.ResourceInvoker.<InvokeFilterPipelineAsync>g__Awaited|20_0(ResourceInvoker invoker, Task lastTask, State next, Scope scope, Object state, Boolean isCompleted)
   at Microsoft.AspNetCore.Mvc.Infrastructure.ResourceInvoker.<InvokeAsync>g__Awaited|17_0(ResourceInvoker invoker, Task task, IDisposable scope)
   at Microsoft.AspNetCore.Mvc.Infrastructure.ResourceInvoker.<InvokeAsync>g__Awaited|17_0(ResourceInvoker invoker, Task task, IDisposable scope)
   at SixLabors.ImageSharp.Web.Middleware.ImageSharpMiddleware.Invoke(HttpContext httpContext, Boolean retry)
   at Microsoft.AspNetCore.Authorization.AuthorizationMiddleware.Invoke(HttpContext context)
   at OrchardCore.Liquid.ScriptsMiddleware.Invoke(HttpContext httpContext)
   at Microsoft.AspNetCore.Authentication.AuthenticationMiddleware.Invoke(HttpContext context)
   at OrchardCore.Diagnostics.DiagnosticsStartupFilter.<>c__DisplayClass3_0.<<Configure>b__1>d.MoveNext()
--- End of stack trace from previous location ---
   at Microsoft.AspNetCore.Diagnostics.StatusCodePagesMiddleware.Invoke(HttpContext context)
   at OrchardCore.ContentPreview.PreviewStartupFilter.<>c.<<Configure>b__0_1>d.MoveNext()
--- End of stack trace from previous location ---
   at OrchardCore.Users.Services.ExternalAuthenticationsStartupFilter.<>c.<<Configure>b__0_1>d.MoveNext()
--- End of stack trace from previous location ---
   at OrchardCore.Modules.ModularTenantRouterMiddleware.Invoke(HttpContext httpContext)
   at OrchardCore.Modules.ModularTenantContainerMiddleware.<>c__DisplayClass4_0.<<Invoke>b__0>d.MoveNext()
--- End of stack trace from previous location ---
   at OrchardCore.Environment.Shell.Scope.ShellScope.UsingAsync(Func`2 execute, Boolean activateShell)
   at OrchardCore.Environment.Shell.Scope.ShellScope.UsingAsync(Func`2 execute, Boolean activateShell)
   at OrchardCore.Environment.Shell.Scope.ShellScope.UsingAsync(Func`2 execute, Boolean activateShell)
   at OrchardCore.Environment.Shell.Scope.ShellScope.UsingAsync(Func`2 execute, Boolean activateShell)
   at OrchardCore.Environment.Shell.Scope.ShellScope.UsingAsync(Func`2 execute, Boolean activateShell)
   at OrchardCore.Modules.ModularTenantContainerMiddleware.Invoke(HttpContext httpContext)
   at Microsoft.AspNetCore.Authentication.AuthenticationMiddleware.Invoke(HttpContext context)
   at Microsoft.AspNetCore.Diagnostics.DeveloperExceptionPageMiddlewareImpl.Invoke(HttpContext context)    at CallSite.Target(Closure, CallSite, Object)
   at System.Dynamic.UpdateDelegates.UpdateAndExecute1[T0,TRet](CallSite site, T0 arg0)
   at AspNetCoreGeneratedDocument.Pages_Article_ArticleDetail.ExecuteAsync() in C:\Users\Wanwi\OneDrive\Desktop\TechVerse\TechVerse.Cms\Pages\Article\ArticleDetail.cshtml:line 59
   at Microsoft.AspNetCore.Mvc.Razor.RazorView.RenderPageCoreAsync(IRazorPage page, ViewContext context)
   at Microsoft.AspNetCore.Mvc.Razor.RazorView.RenderPageAsync(IRazorPage page, ViewContext context, Boolean invokeViewStarts)
   at Microsoft.AspNetCore.Mvc.Razor.RazorView.RenderAsync(ViewContext context)
   at Microsoft.AspNetCore.Mvc.ViewFeatures.ViewExecutor.ExecuteAsync(ViewContext viewContext, String contentType, Nullable`1 statusCode)
   at Microsoft.AspNetCore.Mvc.ViewFeatures.ViewExecutor.ExecuteAsync(ViewContext viewContext, String contentType, Nullable`1 statusCode)
   at Microsoft.AspNetCore.Mvc.Infrastructure.ResourceInvoker.<InvokeNextResultFilterAsync>g__Awaited|30_0[TFilter,TFilterAsync](ResourceInvoker invoker, Task lastTask, State next, Scope scope, Object state, Boolean isCompleted)
   at Microsoft.AspNetCore.Mvc.Infrastructure.ResourceInvoker.Rethrow(ResultExecutedContextSealed context)
   at Microsoft.AspNetCore.Mvc.Infrastructure.ResourceInvoker.ResultNext[TFilter,TFilterAsync](State& next, Scope& scope, Object& state, Boolean& isCompleted)
   at Microsoft.AspNetCore.Mvc.Infrastructure.ResourceInvoker.<InvokeResultFilters>g__Awaited|28_0(ResourceInvoker invoker, Task lastTask, State next, Scope scope, Object state, Boolean isCompleted)
   at Microsoft.AspNetCore.Mvc.Infrastructure.ResourceInvoker.<InvokeNextResourceFilter>g__Awaited|25_0(ResourceInvoker invoker, Task lastTask, State next, Scope scope, Object state, Boolean isCompleted)
   at Microsoft.AspNetCore.Mvc.Infrastructure.ResourceInvoker.Rethrow(ResourceExecutedContextSealed context)
   at Microsoft.AspNetCore.Mvc.Infrastructure.ResourceInvoker.Next(State& next, Scope& scope, Object& state, Boolean& isCompleted)
   at Microsoft.AspNetCore.Mvc.Infrastructure.ResourceInvoker.<InvokeFilterPipelineAsync>g__Awaited|20_0(ResourceInvoker invoker, Task lastTask, State next, Scope scope, Object state, Boolean isCompleted)
   at Microsoft.AspNetCore.Mvc.Infrastructure.ResourceInvoker.<InvokeAsync>g__Awaited|17_0(ResourceInvoker invoker, Task task, IDisposable scope)
   at Microsoft.AspNetCore.Mvc.Infrastructure.ResourceInvoker.<InvokeAsync>g__Awaited|17_0(ResourceInvoker invoker, Task task, IDisposable scope)
   at SixLabors.ImageSharp.Web.Middleware.ImageSharpMiddleware.Invoke(HttpContext httpContext, Boolean retry)
   at Microsoft.AspNetCore.Authorization.AuthorizationMiddleware.Invoke(HttpContext context)
   at OrchardCore.Liquid.ScriptsMiddleware.Invoke(HttpContext httpContext)
   at Microsoft.AspNetCore.Authentication.AuthenticationMiddleware.Invoke(HttpContext context)
   at OrchardCore.Diagnostics.DiagnosticsStartupFilter.<>c__DisplayClass3_0.<<Configure>b__1>d.MoveNext()
--- End of stack trace from previous location ---
   at Microsoft.AspNetCore.Diagnostics.StatusCodePagesMiddleware.Invoke(HttpContext context)
   at OrchardCore.ContentPreview.PreviewStartupFilter.<>c.<<Configure>b__0_1>d.MoveNext()
--- End of stack trace from previous location ---
   at OrchardCore.Users.Services.ExternalAuthenticationsStartupFilter.<>c.<<Configure>b__0_1>d.MoveNext()
--- End of stack trace from previous location ---
   at OrchardCore.Modules.ModularTenantRouterMiddleware.Invoke(HttpContext httpContext)
   at OrchardCore.Modules.ModularTenantContainerMiddleware.<>c__DisplayClass4_0.<<Invoke>b__0>d.MoveNext()
--- End of stack trace from previous location ---
   at OrchardCore.Environment.Shell.Scope.ShellScope.UsingAsync(Func`2 execute, Boolean activateShell)
   at OrchardCore.Environment.Shell.Scope.ShellScope.UsingAsync(Func`2 execute, Boolean activateShell)
   at OrchardCore.Environment.Shell.Scope.ShellScope.UsingAsync(Func`2 execute, Boolean activateShell)
   at OrchardCore.Environment.Shell.Scope.ShellScope.UsingAsync(Func`2 execute, Boolean activateShell)
   at OrchardCore.Environment.Shell.Scope.ShellScope.UsingAsync(Func`2 execute, Boolean activateShell)
   at OrchardCore.Modules.ModularTenantContainerMiddleware.Invoke(HttpContext httpContext)
   at Microsoft.AspNetCore.Authentication.AuthenticationMiddleware.Invoke(HttpContext context)
   at Microsoft.AspNetCore.Diagnostics.DeveloperExceptionPageMiddlewareImpl.Invoke(HttpContext context)
2026-01-07 10:57:40.6394|Default|00-c9e5803f935f6a3bbf48fdb836081e03-ec1e031e0264d7eb-00|1|Microsoft.AspNetCore.Diagnostics.DeveloperExceptionPageMiddleware|ERROR|An unhandled exception has occurred while executing the request. Microsoft.CSharp.RuntimeBinder.RuntimeBinderException: Cannot perform runtime binding on a null reference
   at CallSite.Target(Closure, CallSite, Object)
   at AspNetCoreGeneratedDocument.Pages_Article_ArticleDetail.ExecuteAsync()
   at Microsoft.AspNetCore.Mvc.Razor.RazorView.RenderPageCoreAsync(IRazorPage page, ViewContext context)
   at Microsoft.AspNetCore.Mvc.Razor.RazorView.RenderPageAsync(IRazorPage page, ViewContext context, Boolean invokeViewStarts)
   at Microsoft.AspNetCore.Mvc.Razor.RazorView.RenderAsync(ViewContext context)
   at Microsoft.AspNetCore.Mvc.ViewFeatures.ViewExecutor.ExecuteAsync(ViewContext viewContext, String contentType, Nullable`1 statusCode)
   at Microsoft.AspNetCore.Mvc.ViewFeatures.ViewExecutor.ExecuteAsync(ViewContext viewContext, String contentType, Nullable`1 statusCode)
   at Microsoft.AspNetCore.Mvc.Infrastructure.ResourceInvoker.<InvokeNextResultFilterAsync>g__Awaited|30_0[TFilter,TFilterAsync](ResourceInvoker invoker, Task lastTask, State next, Scope scope, Object state, Boolean isCompleted)
   at Microsoft.AspNetCore.Mvc.Infrastructure.ResourceInvoker.Rethrow(ResultExecutedContextSealed context)
   at Microsoft.AspNetCore.Mvc.Infrastructure.ResourceInvoker.ResultNext[TFilter,TFilterAsync](State& next, Scope& scope, Object& state, Boolean& isCompleted)
   at Microsoft.AspNetCore.Mvc.Infrastructure.ResourceInvoker.<InvokeResultFilters>g__Awaited|28_0(ResourceInvoker invoker, Task lastTask, State next, Scope scope, Object state, Boolean isCompleted)
   at Microsoft.AspNetCore.Mvc.Infrastructure.ResourceInvoker.<InvokeNextResourceFilter>g__Awaited|25_0(ResourceInvoker invoker, Task lastTask, State next, Scope scope, Object state, Boolean isCompleted)
   at Microsoft.AspNetCore.Mvc.Infrastructure.ResourceInvoker.Rethrow(ResourceExecutedContextSealed context)
   at Microsoft.AspNetCore.Mvc.Infrastructure.ResourceInvoker.Next(State& next, Scope& scope, Object& state, Boolean& isCompleted)
   at Microsoft.AspNetCore.Mvc.Infrastructure.ResourceInvoker.<InvokeFilterPipelineAsync>g__Awaited|20_0(ResourceInvoker invoker, Task lastTask, State next, Scope scope, Object state, Boolean isCompleted)
   at Microsoft.AspNetCore.Mvc.Infrastructure.ResourceInvoker.<InvokeAsync>g__Awaited|17_0(ResourceInvoker invoker, Task task, IDisposable scope)
   at Microsoft.AspNetCore.Mvc.Infrastructure.ResourceInvoker.<InvokeAsync>g__Awaited|17_0(ResourceInvoker invoker, Task task, IDisposable scope)
   at SixLabors.ImageSharp.Web.Middleware.ImageSharpMiddleware.Invoke(HttpContext httpContext, Boolean retry)
   at Microsoft.AspNetCore.Authorization.AuthorizationMiddleware.Invoke(HttpContext context)
   at OrchardCore.Liquid.ScriptsMiddleware.Invoke(HttpContext httpContext)
   at Microsoft.AspNetCore.Authentication.AuthenticationMiddleware.Invoke(HttpContext context)
   at OrchardCore.Diagnostics.DiagnosticsStartupFilter.<>c__DisplayClass3_0.<<Configure>b__1>d.MoveNext()
--- End of stack trace from previous location ---
   at Microsoft.AspNetCore.Diagnostics.StatusCodePagesMiddleware.Invoke(HttpContext context)
   at OrchardCore.ContentPreview.PreviewStartupFilter.<>c.<<Configure>b__0_1>d.MoveNext()
--- End of stack trace from previous location ---
   at OrchardCore.Users.Services.ExternalAuthenticationsStartupFilter.<>c.<<Configure>b__0_1>d.MoveNext()
--- End of stack trace from previous location ---
   at OrchardCore.Modules.ModularTenantRouterMiddleware.Invoke(HttpContext httpContext)
   at OrchardCore.Modules.ModularTenantContainerMiddleware.<>c__DisplayClass4_0.<<Invoke>b__0>d.MoveNext()
--- End of stack trace from previous location ---
   at OrchardCore.Environment.Shell.Scope.ShellScope.UsingAsync(Func`2 execute, Boolean activateShell)
   at OrchardCore.Environment.Shell.Scope.ShellScope.UsingAsync(Func`2 execute, Boolean activateShell)
   at OrchardCore.Environment.Shell.Scope.ShellScope.UsingAsync(Func`2 execute, Boolean activateShell)
   at OrchardCore.Environment.Shell.Scope.ShellScope.UsingAsync(Func`2 execute, Boolean activateShell)
   at OrchardCore.Environment.Shell.Scope.ShellScope.UsingAsync(Func`2 execute, Boolean activateShell)
   at OrchardCore.Modules.ModularTenantContainerMiddleware.Invoke(HttpContext httpContext)
   at Microsoft.AspNetCore.Authentication.AuthenticationMiddleware.Invoke(HttpContext context)
   at Microsoft.AspNetCore.Diagnostics.DeveloperExceptionPageMiddlewareImpl.Invoke(HttpContext context)    at CallSite.Target(Closure, CallSite, Object)
   at AspNetCoreGeneratedDocument.Pages_Article_ArticleDetail.ExecuteAsync()
   at Microsoft.AspNetCore.Mvc.Razor.RazorView.RenderPageCoreAsync(IRazorPage page, ViewContext context)
   at Microsoft.AspNetCore.Mvc.Razor.RazorView.RenderPageAsync(IRazorPage page, ViewContext context, Boolean invokeViewStarts)
   at Microsoft.AspNetCore.Mvc.Razor.RazorView.RenderAsync(ViewContext context)
   at Microsoft.AspNetCore.Mvc.ViewFeatures.ViewExecutor.ExecuteAsync(ViewContext viewContext, String contentType, Nullable`1 statusCode)
   at Microsoft.AspNetCore.Mvc.ViewFeatures.ViewExecutor.ExecuteAsync(ViewContext viewContext, String contentType, Nullable`1 statusCode)
   at Microsoft.AspNetCore.Mvc.Infrastructure.ResourceInvoker.<InvokeNextResultFilterAsync>g__Awaited|30_0[TFilter,TFilterAsync](ResourceInvoker invoker, Task lastTask, State next, Scope scope, Object state, Boolean isCompleted)
   at Microsoft.AspNetCore.Mvc.Infrastructure.ResourceInvoker.Rethrow(ResultExecutedContextSealed context)
   at Microsoft.AspNetCore.Mvc.Infrastructure.ResourceInvoker.ResultNext[TFilter,TFilterAsync](State& next, Scope& scope, Object& state, Boolean& isCompleted)
   at Microsoft.AspNetCore.Mvc.Infrastructure.ResourceInvoker.<InvokeResultFilters>g__Awaited|28_0(ResourceInvoker invoker, Task lastTask, State next, Scope scope, Object state, Boolean isCompleted)
   at Microsoft.AspNetCore.Mvc.Infrastructure.ResourceInvoker.<InvokeNextResourceFilter>g__Awaited|25_0(ResourceInvoker invoker, Task lastTask, State next, Scope scope, Object state, Boolean isCompleted)
   at Microsoft.AspNetCore.Mvc.Infrastructure.ResourceInvoker.Rethrow(ResourceExecutedContextSealed context)
   at Microsoft.AspNetCore.Mvc.Infrastructure.ResourceInvoker.Next(State& next, Scope& scope, Object& state, Boolean& isCompleted)
   at Microsoft.AspNetCore.Mvc.Infrastructure.ResourceInvoker.<InvokeFilterPipelineAsync>g__Awaited|20_0(ResourceInvoker invoker, Task lastTask, State next, Scope scope, Object state, Boolean isCompleted)
   at Microsoft.AspNetCore.Mvc.Infrastructure.ResourceInvoker.<InvokeAsync>g__Awaited|17_0(ResourceInvoker invoker, Task task, IDisposable scope)
   at Microsoft.AspNetCore.Mvc.Infrastructure.ResourceInvoker.<InvokeAsync>g__Awaited|17_0(ResourceInvoker invoker, Task task, IDisposable scope)
   at SixLabors.ImageSharp.Web.Middleware.ImageSharpMiddleware.Invoke(HttpContext httpContext, Boolean retry)
   at Microsoft.AspNetCore.Authorization.AuthorizationMiddleware.Invoke(HttpContext context)
   at OrchardCore.Liquid.ScriptsMiddleware.Invoke(HttpContext httpContext)
   at Microsoft.AspNetCore.Authentication.AuthenticationMiddleware.Invoke(HttpContext context)
   at OrchardCore.Diagnostics.DiagnosticsStartupFilter.<>c__DisplayClass3_0.<<Configure>b__1>d.MoveNext()
--- End of stack trace from previous location ---
   at Microsoft.AspNetCore.Diagnostics.StatusCodePagesMiddleware.Invoke(HttpContext context)
   at OrchardCore.ContentPreview.PreviewStartupFilter.<>c.<<Configure>b__0_1>d.MoveNext()
--- End of stack trace from previous location ---
   at OrchardCore.Users.Services.ExternalAuthenticationsStartupFilter.<>c.<<Configure>b__0_1>d.MoveNext()
--- End of stack trace from previous location ---
   at OrchardCore.Modules.ModularTenantRouterMiddleware.Invoke(HttpContext httpContext)
   at OrchardCore.Modules.ModularTenantContainerMiddleware.<>c__DisplayClass4_0.<<Invoke>b__0>d.MoveNext()
--- End of stack trace from previous location ---
   at OrchardCore.Environment.Shell.Scope.ShellScope.UsingAsync(Func`2 execute, Boolean activateShell)
   at OrchardCore.Environment.Shell.Scope.ShellScope.UsingAsync(Func`2 execute, Boolean activateShell)
   at OrchardCore.Environment.Shell.Scope.ShellScope.UsingAsync(Func`2 execute, Boolean activateShell)
   at OrchardCore.Environment.Shell.Scope.ShellScope.UsingAsync(Func`2 execute, Boolean activateShell)
   at OrchardCore.Environment.Shell.Scope.ShellScope.UsingAsync(Func`2 execute, Boolean activateShell)
   at OrchardCore.Modules.ModularTenantContainerMiddleware.Invoke(HttpContext httpContext)
   at Microsoft.AspNetCore.Authentication.AuthenticationMiddleware.Invoke(HttpContext context)
   at Microsoft.AspNetCore.Diagnostics.DeveloperExceptionPageMiddlewareImpl.Invoke(HttpContext context)
2026-01-07 11:10:13.4550||||Microsoft.Hosting.Lifetime|INFO|Application started. Press Ctrl+C to shut down. 
2026-01-07 11:10:13.4945||||Microsoft.Hosting.Lifetime|INFO|Hosting environment: Development 
2026-01-07 11:10:13.4945||||Microsoft.Hosting.Lifetime|INFO|Content root path: C:\Users\Wanwi\OneDrive\Desktop\TechVerse\TechVerse.Cms 
2026-01-07 11:30:20.1716|Default|00-665b38d021c1fc3960fc9e340358354a-c478e63992da8e72-00|1|Microsoft.AspNetCore.Diagnostics.DeveloperExceptionPageMiddleware|ERROR|An unhandled exception has occurred while executing the request. NLog message: Exception in NLog.LayoutRenderers.ExceptionLayoutRenderer.AppendToString(): System.TypeLoadException. 
2026-01-07 11:30:20.3249|Default|00-665b38d021c1fc3960fc9e340358354a-c478e63992da8e72-00|2|Microsoft.AspNetCore.Server.IIS.Core.IISHttpServer|ERROR|Connection ID "18014398553236964045", Request ID "400002ce-000a-fa00-b63f-84710c7967bb": An unhandled exception was thrown by the application. System.AggregateException: An error occurred while writing to logger(s). (Could not resolve type 'AspNetCoreGeneratedDocument.Pages_News_NewsDetail' in assembly 'TechVerse.Cms, Version=1.0.0.0, Culture=neutral, PublicKeyToken=null'.) (Could not resolve type 'AspNetCoreGeneratedDocument.Pages_News_NewsDetail' in assembly 'TechVerse.Cms, Version=1.0.0.0, Culture=neutral, PublicKeyToken=null'.) (Could not resolve type 'AspNetCoreGeneratedDocument.Pages_News_NewsDetail' in assembly 'TechVerse.Cms, Version=1.0.0.0, Culture=neutral, PublicKeyToken=null'.)
 ---> System.TypeLoadException: Could not resolve type 'AspNetCoreGeneratedDocument.Pages_News_NewsDetail' in assembly 'TechVerse.Cms, Version=1.0.0.0, Culture=neutral, PublicKeyToken=null'.
   at System.Reflection.TypeNameParser.GetTypeFromDefaultAssemblies(String typeName, ReadOnlySpan`1 nestedTypeNames)
   at System.Reflection.TypeNameParser.GetType(String typeName, ReadOnlySpan`1 nestedTypeNames, String assemblyNameIfAny)
   at System.Reflection.TypeNameParser.NestedNamespaceTypeName.ResolveType(TypeNameParser& parser, String containingAssemblyIfAny)
   at System.Reflection.TypeNameParser.GetTypeHelper(Char* pTypeName, RuntimeAssembly requestingAssembly, Boolean throwOnError, Boolean requireAssemblyQualifiedName)
   at System.Reflection.CustomAttribute._CreateCaObject(RuntimeModule pModule, RuntimeType type, IRuntimeMethodInfo pCtor, Byte** ppBlob, Byte* pEndBlob, Int32* pcNamedArgs)
   at System.Reflection.CustomAttribute.CreateCaObject(RuntimeModule module, RuntimeType type, IRuntimeMethodInfo ctor, IntPtr& blob, IntPtr blobEnd, Int32& namedArgs)
   at System.Reflection.CustomAttribute.AddCustomAttributes(ListBuilder`1& attributes, RuntimeModule decoratedModule, Int32 decoratedMetadataToken, RuntimeType attributeFilterType, Boolean mustBeInheritable, ListBuilder`1 derivedAttributes)
   at System.Reflection.CustomAttribute.GetCustomAttributes(RuntimeModule decoratedModule, Int32 decoratedMetadataToken, Int32 pcaCount, RuntimeType attributeFilterType)
   at System.Reflection.CustomAttribute.GetCustomAttributes(RuntimeMethodInfo method, RuntimeType caType, Boolean inherit)
   at System.Attribute.GetCustomAttributes(MemberInfo element, Type attributeType, Boolean inherit)
   at System.Diagnostics.StackTrace.TryResolveStateMachineMethod(MethodBase& method, Type& declaringType)
   at System.Diagnostics.StackTrace.ToString(TraceFormat traceFormat, StringBuilder sb)
   at System.Diagnostics.StackTrace.ToString(TraceFormat traceFormat)
   at System.Exception.get_StackTrace()
   at System.Exception.ToString()
   at Microsoft.Extensions.Logging.Console.SimpleConsoleFormatter.CreateDefaultLogMessage[TState](TextWriter textWriter, LogEntry`1& logEntry, String message, IExternalScopeProvider scopeProvider)
   at Microsoft.Extensions.Logging.Console.SimpleConsoleFormatter.Write[TState](LogEntry`1& logEntry, IExternalScopeProvider scopeProvider, TextWriter textWriter)
   at Microsoft.Extensions.Logging.Console.ConsoleLogger.Log[TState](LogLevel logLevel, EventId eventId, TState state, Exception exception, Func`3 formatter)
   at Microsoft.Extensions.Logging.Logger.<Log>g__LoggerLog|14_0[TState](LogLevel logLevel, EventId eventId, ILogger logger, Exception exception, Func`3 formatter, List`1& exceptions, TState& state)
   --- End of inner exception stack trace ---
 ---> (Inner Exception #1) System.TypeLoadException: Could not resolve type 'AspNetCoreGeneratedDocument.Pages_News_NewsDetail' in assembly 'TechVerse.Cms, Version=1.0.0.0, Culture=neutral, PublicKeyToken=null'.
   at System.Reflection.TypeNameParser.GetTypeFromDefaultAssemblies(String typeName, ReadOnlySpan`1 nestedTypeNames)
   at System.Reflection.TypeNameParser.GetType(String typeName, ReadOnlySpan`1 nestedTypeNames, String assemblyNameIfAny)
   at System.Reflection.TypeNameParser.NestedNamespaceTypeName.ResolveType(TypeNameParser& parser, String containingAssemblyIfAny)
   at System.Reflection.TypeNameParser.GetTypeHelper(Char* pTypeName, RuntimeAssembly requestingAssembly, Boolean throwOnError, Boolean requireAssemblyQualifiedName)
   at System.Reflection.CustomAttribute._CreateCaObject(RuntimeModule pModule, RuntimeType type, IRuntimeMethodInfo pCtor, Byte** ppBlob, Byte* pEndBlob, Int32* pcNamedArgs)
   at System.Reflection.CustomAttribute.CreateCaObject(RuntimeModule module, RuntimeType type, IRuntimeMethodInfo ctor, IntPtr& blob, IntPtr blobEnd, Int32& namedArgs)
   at System.Reflection.CustomAttribute.AddCustomAttributes(ListBuilder`1& attributes, RuntimeModule decoratedModule, Int32 decoratedMetadataToken, RuntimeType attributeFilterType, Boolean mustBeInheritable, ListBuilder`1 derivedAttributes)
   at System.Reflection.CustomAttribute.GetCustomAttributes(RuntimeModule decoratedModule, Int32 decoratedMetadataToken, Int32 pcaCount, RuntimeType attributeFilterType)
   at System.Reflection.CustomAttribute.GetCustomAttributes(RuntimeMethodInfo method, RuntimeType caType, Boolean inherit)
   at System.Attribute.GetCustomAttributes(MemberInfo element, Type attributeType, Boolean inherit)
   at System.Diagnostics.StackTrace.TryResolveStateMachineMethod(MethodBase& method, Type& declaringType)
   at System.Diagnostics.StackTrace.ToString(TraceFormat traceFormat, StringBuilder sb)
   at System.Diagnostics.StackTrace.ToString(TraceFormat traceFormat)
   at System.Exception.get_StackTrace()
   at System.Exception.ToString()
   at Microsoft.Extensions.Logging.Debug.DebugLogger.Log[TState](LogLevel logLevel, EventId eventId, TState state, Exception exception, Func`3 formatter)
   at Microsoft.Extensions.Logging.Logger.<Log>g__LoggerLog|14_0[TState](LogLevel logLevel, EventId eventId, ILogger logger, Exception exception, Func`3 formatter, List`1& exceptions, TState& state)<---

 ---> (Inner Exception #2) System.TypeLoadException: Could not resolve type 'AspNetCoreGeneratedDocument.Pages_News_NewsDetail' in assembly 'TechVerse.Cms, Version=1.0.0.0, Culture=neutral, PublicKeyToken=null'.
   at System.Reflection.TypeNameParser.GetTypeFromDefaultAssemblies(String typeName, ReadOnlySpan`1 nestedTypeNames)
   at System.Reflection.TypeNameParser.GetType(String typeName, ReadOnlySpan`1 nestedTypeNames, String assemblyNameIfAny)
   at System.Reflection.TypeNameParser.NestedNamespaceTypeName.ResolveType(TypeNameParser& parser, String containingAssemblyIfAny)
   at System.Reflection.TypeNameParser.GetTypeHelper(Char* pTypeName, RuntimeAssembly requestingAssembly, Boolean throwOnError, Boolean requireAssemblyQualifiedName)
   at System.Reflection.CustomAttribute._CreateCaObject(RuntimeModule pModule, RuntimeType type, IRuntimeMethodInfo pCtor, Byte** ppBlob, Byte* pEndBlob, Int32* pcNamedArgs)
   at System.Reflection.CustomAttribute.CreateCaObject(RuntimeModule module, RuntimeType type, IRuntimeMethodInfo ctor, IntPtr& blob, IntPtr blobEnd, Int32& namedArgs)
   at System.Reflection.CustomAttribute.AddCustomAttributes(ListBuilder`1& attributes, RuntimeModule decoratedModule, Int32 decoratedMetadataToken, RuntimeType attributeFilterType, Boolean mustBeInheritable, ListBuilder`1 derivedAttributes)
   at System.Reflection.CustomAttribute.GetCustomAttributes(RuntimeModule decoratedModule, Int32 decoratedMetadataToken, Int32 pcaCount, RuntimeType attributeFilterType)
   at System.Reflection.CustomAttribute.GetCustomAttributes(RuntimeMethodInfo method, RuntimeType caType, Boolean inherit)
   at System.Attribute.GetCustomAttributes(MemberInfo element, Type attributeType, Boolean inherit)
   at System.Diagnostics.StackTrace.TryResolveStateMachineMethod(MethodBase& method, Type& declaringType)
   at System.Diagnostics.StackTrace.ToString(TraceFormat traceFormat, StringBuilder sb)
   at System.Diagnostics.StackTrace.ToString(TraceFormat traceFormat)
   at System.Exception.get_StackTrace()
   at System.Exception.ToString()
   at System.Text.StringBuilder.Append(Object value)
   at Microsoft.Extensions.Logging.EventLog.EventLogLogger.Log[TState](LogLevel logLevel, EventId eventId, TState state, Exception exception, Func`3 formatter)
   at Microsoft.Extensions.Logging.Logger.<Log>g__LoggerLog|14_0[TState](LogLevel logLevel, EventId eventId, ILogger logger, Exception exception, Func`3 formatter, List`1& exceptions, TState& state)<---

2026-01-07 11:30:57.3557||||Microsoft.Hosting.Lifetime|INFO|Application started. Press Ctrl+C to shut down. 
2026-01-07 11:30:57.3958||||Microsoft.Hosting.Lifetime|INFO|Hosting environment: Development 
2026-01-07 11:30:57.4022||||Microsoft.Hosting.Lifetime|INFO|Content root path: C:\Users\Wanwi\OneDrive\Desktop\TechVerse\TechVerse.Cms 
2026-01-07 11:31:13.2426|Default|00-a5c7bea66475b6aacc6ff54466efd86c-f7072bff69b73fbd-00|1|Microsoft.AspNetCore.Diagnostics.DeveloperExceptionPageMiddleware|ERROR|An unhandled exception has occurred while executing the request. Microsoft.CSharp.RuntimeBinder.RuntimeBinderException: Cannot invoke a non-delegate type
   at CallSite.Target(Closure, CallSite, Object)
   at System.Dynamic.UpdateDelegates.UpdateAndExecute1[T0,TRet](CallSite site, T0 arg0)
   at AspNetCoreGeneratedDocument.Pages_News_NewsDetail.ExecuteAsync() in C:\Users\Wanwi\OneDrive\Desktop\TechVerse\TechVerse.Cms\Pages\News\NewsDetail.cshtml:line 17
   at Microsoft.AspNetCore.Mvc.Razor.RazorView.RenderPageCoreAsync(IRazorPage page, ViewContext context)
   at Microsoft.AspNetCore.Mvc.Razor.RazorView.RenderPageAsync(IRazorPage page, ViewContext context, Boolean invokeViewStarts)
   at Microsoft.AspNetCore.Mvc.Razor.RazorView.RenderAsync(ViewContext context)
   at Microsoft.AspNetCore.Mvc.ViewFeatures.ViewExecutor.ExecuteAsync(ViewContext viewContext, String contentType, Nullable`1 statusCode)
   at Microsoft.AspNetCore.Mvc.ViewFeatures.ViewExecutor.ExecuteAsync(ViewContext viewContext, String contentType, Nullable`1 statusCode)
   at Microsoft.AspNetCore.Mvc.Infrastructure.ResourceInvoker.<InvokeNextResultFilterAsync>g__Awaited|30_0[TFilter,TFilterAsync](ResourceInvoker invoker, Task lastTask, State next, Scope scope, Object state, Boolean isCompleted)
   at Microsoft.AspNetCore.Mvc.Infrastructure.ResourceInvoker.Rethrow(ResultExecutedContextSealed context)
   at Microsoft.AspNetCore.Mvc.Infrastructure.ResourceInvoker.ResultNext[TFilter,TFilterAsync](State& next, Scope& scope, Object& state, Boolean& isCompleted)
   at Microsoft.AspNetCore.Mvc.Infrastructure.ResourceInvoker.<InvokeResultFilters>g__Awaited|28_0(ResourceInvoker invoker, Task lastTask, State next, Scope scope, Object state, Boolean isCompleted)
   at Microsoft.AspNetCore.Mvc.Infrastructure.ResourceInvoker.<InvokeNextResourceFilter>g__Awaited|25_0(ResourceInvoker invoker, Task lastTask, State next, Scope scope, Object state, Boolean isCompleted)
   at Microsoft.AspNetCore.Mvc.Infrastructure.ResourceInvoker.Rethrow(ResourceExecutedContextSealed context)
   at Microsoft.AspNetCore.Mvc.Infrastructure.ResourceInvoker.Next(State& next, Scope& scope, Object& state, Boolean& isCompleted)
   at Microsoft.AspNetCore.Mvc.Infrastructure.ResourceInvoker.<InvokeFilterPipelineAsync>g__Awaited|20_0(ResourceInvoker invoker, Task lastTask, State next, Scope scope, Object state, Boolean isCompleted)
   at Microsoft.AspNetCore.Mvc.Infrastructure.ResourceInvoker.<InvokeAsync>g__Awaited|17_0(ResourceInvoker invoker, Task task, IDisposable scope)
   at Microsoft.AspNetCore.Mvc.Infrastructure.ResourceInvoker.<InvokeAsync>g__Awaited|17_0(ResourceInvoker invoker, Task task, IDisposable scope)
   at SixLabors.ImageSharp.Web.Middleware.ImageSharpMiddleware.Invoke(HttpContext httpContext, Boolean retry)
   at Microsoft.AspNetCore.Authorization.AuthorizationMiddleware.Invoke(HttpContext context)
   at OrchardCore.Liquid.ScriptsMiddleware.Invoke(HttpContext httpContext)
   at Microsoft.AspNetCore.Authentication.AuthenticationMiddleware.Invoke(HttpContext context)
   at OrchardCore.Diagnostics.DiagnosticsStartupFilter.<>c__DisplayClass3_0.<<Configure>b__1>d.MoveNext()
--- End of stack trace from previous location ---
   at Microsoft.AspNetCore.Diagnostics.StatusCodePagesMiddleware.Invoke(HttpContext context)
   at OrchardCore.ContentPreview.PreviewStartupFilter.<>c.<<Configure>b__0_1>d.MoveNext()
--- End of stack trace from previous location ---
   at OrchardCore.Users.Services.ExternalAuthenticationsStartupFilter.<>c.<<Configure>b__0_1>d.MoveNext()
--- End of stack trace from previous location ---
   at OrchardCore.Modules.ModularTenantRouterMiddleware.Invoke(HttpContext httpContext)
   at OrchardCore.Modules.ModularTenantContainerMiddleware.<>c__DisplayClass4_0.<<Invoke>b__0>d.MoveNext()
--- End of stack trace from previous location ---
   at OrchardCore.Environment.Shell.Scope.ShellScope.UsingAsync(Func`2 execute, Boolean activateShell)
   at OrchardCore.Environment.Shell.Scope.ShellScope.UsingAsync(Func`2 execute, Boolean activateShell)
   at OrchardCore.Environment.Shell.Scope.ShellScope.UsingAsync(Func`2 execute, Boolean activateShell)
   at OrchardCore.Environment.Shell.Scope.ShellScope.UsingAsync(Func`2 execute, Boolean activateShell)
   at OrchardCore.Environment.Shell.Scope.ShellScope.UsingAsync(Func`2 execute, Boolean activateShell)
   at OrchardCore.Modules.ModularTenantContainerMiddleware.Invoke(HttpContext httpContext)
   at Microsoft.AspNetCore.Authentication.AuthenticationMiddleware.Invoke(HttpContext context)
   at Microsoft.AspNetCore.Diagnostics.DeveloperExceptionPageMiddlewareImpl.Invoke(HttpContext context)    at CallSite.Target(Closure, CallSite, Object)
   at System.Dynamic.UpdateDelegates.UpdateAndExecute1[T0,TRet](CallSite site, T0 arg0)
   at AspNetCoreGeneratedDocument.Pages_News_NewsDetail.ExecuteAsync() in C:\Users\Wanwi\OneDrive\Desktop\TechVerse\TechVerse.Cms\Pages\News\NewsDetail.cshtml:line 17
   at Microsoft.AspNetCore.Mvc.Razor.RazorView.RenderPageCoreAsync(IRazorPage page, ViewContext context)
   at Microsoft.AspNetCore.Mvc.Razor.RazorView.RenderPageAsync(IRazorPage page, ViewContext context, Boolean invokeViewStarts)
   at Microsoft.AspNetCore.Mvc.Razor.RazorView.RenderAsync(ViewContext context)
   at Microsoft.AspNetCore.Mvc.ViewFeatures.ViewExecutor.ExecuteAsync(ViewContext viewContext, String contentType, Nullable`1 statusCode)
   at Microsoft.AspNetCore.Mvc.ViewFeatures.ViewExecutor.ExecuteAsync(ViewContext viewContext, String contentType, Nullable`1 statusCode)
   at Microsoft.AspNetCore.Mvc.Infrastructure.ResourceInvoker.<InvokeNextResultFilterAsync>g__Awaited|30_0[TFilter,TFilterAsync](ResourceInvoker invoker, Task lastTask, State next, Scope scope, Object state, Boolean isCompleted)
   at Microsoft.AspNetCore.Mvc.Infrastructure.ResourceInvoker.Rethrow(ResultExecutedContextSealed context)
   at Microsoft.AspNetCore.Mvc.Infrastructure.ResourceInvoker.ResultNext[TFilter,TFilterAsync](State& next, Scope& scope, Object& state, Boolean& isCompleted)
   at Microsoft.AspNetCore.Mvc.Infrastructure.ResourceInvoker.<InvokeResultFilters>g__Awaited|28_0(ResourceInvoker invoker, Task lastTask, State next, Scope scope, Object state, Boolean isCompleted)
   at Microsoft.AspNetCore.Mvc.Infrastructure.ResourceInvoker.<InvokeNextResourceFilter>g__Awaited|25_0(ResourceInvoker invoker, Task lastTask, State next, Scope scope, Object state, Boolean isCompleted)
   at Microsoft.AspNetCore.Mvc.Infrastructure.ResourceInvoker.Rethrow(ResourceExecutedContextSealed context)
   at Microsoft.AspNetCore.Mvc.Infrastructure.ResourceInvoker.Next(State& next, Scope& scope, Object& state, Boolean& isCompleted)
   at Microsoft.AspNetCore.Mvc.Infrastructure.ResourceInvoker.<InvokeFilterPipelineAsync>g__Awaited|20_0(ResourceInvoker invoker, Task lastTask, State next, Scope scope, Object state, Boolean isCompleted)
   at Microsoft.AspNetCore.Mvc.Infrastructure.ResourceInvoker.<InvokeAsync>g__Awaited|17_0(ResourceInvoker invoker, Task task, IDisposable scope)
   at Microsoft.AspNetCore.Mvc.Infrastructure.ResourceInvoker.<InvokeAsync>g__Awaited|17_0(ResourceInvoker invoker, Task task, IDisposable scope)
   at SixLabors.ImageSharp.Web.Middleware.ImageSharpMiddleware.Invoke(HttpContext httpContext, Boolean retry)
   at Microsoft.AspNetCore.Authorization.AuthorizationMiddleware.Invoke(HttpContext context)
   at OrchardCore.Liquid.ScriptsMiddleware.Invoke(HttpContext httpContext)
   at Microsoft.AspNetCore.Authentication.AuthenticationMiddleware.Invoke(HttpContext context)
   at OrchardCore.Diagnostics.DiagnosticsStartupFilter.<>c__DisplayClass3_0.<<Configure>b__1>d.MoveNext()
--- End of stack trace from previous location ---
   at Microsoft.AspNetCore.Diagnostics.StatusCodePagesMiddleware.Invoke(HttpContext context)
   at OrchardCore.ContentPreview.PreviewStartupFilter.<>c.<<Configure>b__0_1>d.MoveNext()
--- End of stack trace from previous location ---
   at OrchardCore.Users.Services.ExternalAuthenticationsStartupFilter.<>c.<<Configure>b__0_1>d.MoveNext()
--- End of stack trace from previous location ---
   at OrchardCore.Modules.ModularTenantRouterMiddleware.Invoke(HttpContext httpContext)
   at OrchardCore.Modules.ModularTenantContainerMiddleware.<>c__DisplayClass4_0.<<Invoke>b__0>d.MoveNext()
--- End of stack trace from previous location ---
   at OrchardCore.Environment.Shell.Scope.ShellScope.UsingAsync(Func`2 execute, Boolean activateShell)
   at OrchardCore.Environment.Shell.Scope.ShellScope.UsingAsync(Func`2 execute, Boolean activateShell)
   at OrchardCore.Environment.Shell.Scope.ShellScope.UsingAsync(Func`2 execute, Boolean activateShell)
   at OrchardCore.Environment.Shell.Scope.ShellScope.UsingAsync(Func`2 execute, Boolean activateShell)
   at OrchardCore.Environment.Shell.Scope.ShellScope.UsingAsync(Func`2 execute, Boolean activateShell)
   at OrchardCore.Modules.ModularTenantContainerMiddleware.Invoke(HttpContext httpContext)
   at Microsoft.AspNetCore.Authentication.AuthenticationMiddleware.Invoke(HttpContext context)
   at Microsoft.AspNetCore.Diagnostics.DeveloperExceptionPageMiddlewareImpl.Invoke(HttpContext context)
2026-01-07 11:32:52.8121|Default|00-25942823a5cd8f1b3c87964e9643a3a7-0f274f63d8088104-00|1|Microsoft.AspNetCore.Diagnostics.DeveloperExceptionPageMiddleware|ERROR|An unhandled exception has occurred while executing the request. Microsoft.CSharp.RuntimeBinder.RuntimeBinderException: Cannot invoke a non-delegate type
   at CallSite.Target(Closure, CallSite, Object)
   at AspNetCoreGeneratedDocument.Pages_News_NewsDetail.ExecuteAsync() in C:\Users\Wanwi\OneDrive\Desktop\TechVerse\TechVerse.Cms\Pages\News\NewsDetail.cshtml:line 17
   at Microsoft.AspNetCore.Mvc.Razor.RazorView.RenderPageCoreAsync(IRazorPage page, ViewContext context)
   at Microsoft.AspNetCore.Mvc.Razor.RazorView.RenderPageAsync(IRazorPage page, ViewContext context, Boolean invokeViewStarts)
   at Microsoft.AspNetCore.Mvc.Razor.RazorView.RenderAsync(ViewContext context)
   at Microsoft.AspNetCore.Mvc.ViewFeatures.ViewExecutor.ExecuteAsync(ViewContext viewContext, String contentType, Nullable`1 statusCode)
   at Microsoft.AspNetCore.Mvc.ViewFeatures.ViewExecutor.ExecuteAsync(ViewContext viewContext, String contentType, Nullable`1 statusCode)
   at Microsoft.AspNetCore.Mvc.Infrastructure.ResourceInvoker.<InvokeNextResultFilterAsync>g__Awaited|30_0[TFilter,TFilterAsync](ResourceInvoker invoker, Task lastTask, State next, Scope scope, Object state, Boolean isCompleted)
   at Microsoft.AspNetCore.Mvc.Infrastructure.ResourceInvoker.Rethrow(ResultExecutedContextSealed context)
   at Microsoft.AspNetCore.Mvc.Infrastructure.ResourceInvoker.ResultNext[TFilter,TFilterAsync](State& next, Scope& scope, Object& state, Boolean& isCompleted)
   at Microsoft.AspNetCore.Mvc.Infrastructure.ResourceInvoker.<InvokeResultFilters>g__Awaited|28_0(ResourceInvoker invoker, Task lastTask, State next, Scope scope, Object state, Boolean isCompleted)
   at Microsoft.AspNetCore.Mvc.Infrastructure.ResourceInvoker.<InvokeNextResourceFilter>g__Awaited|25_0(ResourceInvoker invoker, Task lastTask, State next, Scope scope, Object state, Boolean isCompleted)
   at Microsoft.AspNetCore.Mvc.Infrastructure.ResourceInvoker.Rethrow(ResourceExecutedContextSealed context)
   at Microsoft.AspNetCore.Mvc.Infrastructure.ResourceInvoker.Next(State& next, Scope& scope, Object& state, Boolean& isCompleted)
   at Microsoft.AspNetCore.Mvc.Infrastructure.ResourceInvoker.<InvokeFilterPipelineAsync>g__Awaited|20_0(ResourceInvoker invoker, Task lastTask, State next, Scope scope, Object state, Boolean isCompleted)
   at Microsoft.AspNetCore.Mvc.Infrastructure.ResourceInvoker.<InvokeAsync>g__Awaited|17_0(ResourceInvoker invoker, Task task, IDisposable scope)
   at Microsoft.AspNetCore.Mvc.Infrastructure.ResourceInvoker.<InvokeAsync>g__Awaited|17_0(ResourceInvoker invoker, Task task, IDisposable scope)
   at SixLabors.ImageSharp.Web.Middleware.ImageSharpMiddleware.Invoke(HttpContext httpContext, Boolean retry)
   at Microsoft.AspNetCore.Authorization.AuthorizationMiddleware.Invoke(HttpContext context)
   at OrchardCore.Liquid.ScriptsMiddleware.Invoke(HttpContext httpContext)
   at Microsoft.AspNetCore.Authentication.AuthenticationMiddleware.Invoke(HttpContext context)
   at OrchardCore.Diagnostics.DiagnosticsStartupFilter.<>c__DisplayClass3_0.<<Configure>b__1>d.MoveNext()
--- End of stack trace from previous location ---
   at Microsoft.AspNetCore.Diagnostics.StatusCodePagesMiddleware.Invoke(HttpContext context)
   at OrchardCore.ContentPreview.PreviewStartupFilter.<>c.<<Configure>b__0_1>d.MoveNext()
--- End of stack trace from previous location ---
   at OrchardCore.Users.Services.ExternalAuthenticationsStartupFilter.<>c.<<Configure>b__0_1>d.MoveNext()
--- End of stack trace from previous location ---
   at OrchardCore.Modules.ModularTenantRouterMiddleware.Invoke(HttpContext httpContext)
   at OrchardCore.Modules.ModularTenantContainerMiddleware.<>c__DisplayClass4_0.<<Invoke>b__0>d.MoveNext()
--- End of stack trace from previous location ---
   at OrchardCore.Environment.Shell.Scope.ShellScope.UsingAsync(Func`2 execute, Boolean activateShell)
   at OrchardCore.Environment.Shell.Scope.ShellScope.UsingAsync(Func`2 execute, Boolean activateShell)
   at OrchardCore.Environment.Shell.Scope.ShellScope.UsingAsync(Func`2 execute, Boolean activateShell)
   at OrchardCore.Environment.Shell.Scope.ShellScope.UsingAsync(Func`2 execute, Boolean activateShell)
   at OrchardCore.Environment.Shell.Scope.ShellScope.UsingAsync(Func`2 execute, Boolean activateShell)
   at OrchardCore.Modules.ModularTenantContainerMiddleware.Invoke(HttpContext httpContext)
   at Microsoft.AspNetCore.Authentication.AuthenticationMiddleware.Invoke(HttpContext context)
   at Microsoft.AspNetCore.Diagnostics.DeveloperExceptionPageMiddlewareImpl.Invoke(HttpContext context)    at CallSite.Target(Closure, CallSite, Object)
   at AspNetCoreGeneratedDocument.Pages_News_NewsDetail.ExecuteAsync() in C:\Users\Wanwi\OneDrive\Desktop\TechVerse\TechVerse.Cms\Pages\News\NewsDetail.cshtml:line 17
   at Microsoft.AspNetCore.Mvc.Razor.RazorView.RenderPageCoreAsync(IRazorPage page, ViewContext context)
   at Microsoft.AspNetCore.Mvc.Razor.RazorView.RenderPageAsync(IRazorPage page, ViewContext context, Boolean invokeViewStarts)
   at Microsoft.AspNetCore.Mvc.Razor.RazorView.RenderAsync(ViewContext context)
   at Microsoft.AspNetCore.Mvc.ViewFeatures.ViewExecutor.ExecuteAsync(ViewContext viewContext, String contentType, Nullable`1 statusCode)
   at Microsoft.AspNetCore.Mvc.ViewFeatures.ViewExecutor.ExecuteAsync(ViewContext viewContext, String contentType, Nullable`1 statusCode)
   at Microsoft.AspNetCore.Mvc.Infrastructure.ResourceInvoker.<InvokeNextResultFilterAsync>g__Awaited|30_0[TFilter,TFilterAsync](ResourceInvoker invoker, Task lastTask, State next, Scope scope, Object state, Boolean isCompleted)
   at Microsoft.AspNetCore.Mvc.Infrastructure.ResourceInvoker.Rethrow(ResultExecutedContextSealed context)
   at Microsoft.AspNetCore.Mvc.Infrastructure.ResourceInvoker.ResultNext[TFilter,TFilterAsync](State& next, Scope& scope, Object& state, Boolean& isCompleted)
   at Microsoft.AspNetCore.Mvc.Infrastructure.ResourceInvoker.<InvokeResultFilters>g__Awaited|28_0(ResourceInvoker invoker, Task lastTask, State next, Scope scope, Object state, Boolean isCompleted)
   at Microsoft.AspNetCore.Mvc.Infrastructure.ResourceInvoker.<InvokeNextResourceFilter>g__Awaited|25_0(ResourceInvoker invoker, Task lastTask, State next, Scope scope, Object state, Boolean isCompleted)
   at Microsoft.AspNetCore.Mvc.Infrastructure.ResourceInvoker.Rethrow(ResourceExecutedContextSealed context)
   at Microsoft.AspNetCore.Mvc.Infrastructure.ResourceInvoker.Next(State& next, Scope& scope, Object& state, Boolean& isCompleted)
   at Microsoft.AspNetCore.Mvc.Infrastructure.ResourceInvoker.<InvokeFilterPipelineAsync>g__Awaited|20_0(ResourceInvoker invoker, Task lastTask, State next, Scope scope, Object state, Boolean isCompleted)
   at Microsoft.AspNetCore.Mvc.Infrastructure.ResourceInvoker.<InvokeAsync>g__Awaited|17_0(ResourceInvoker invoker, Task task, IDisposable scope)
   at Microsoft.AspNetCore.Mvc.Infrastructure.ResourceInvoker.<InvokeAsync>g__Awaited|17_0(ResourceInvoker invoker, Task task, IDisposable scope)
   at SixLabors.ImageSharp.Web.Middleware.ImageSharpMiddleware.Invoke(HttpContext httpContext, Boolean retry)
   at Microsoft.AspNetCore.Authorization.AuthorizationMiddleware.Invoke(HttpContext context)
   at OrchardCore.Liquid.ScriptsMiddleware.Invoke(HttpContext httpContext)
   at Microsoft.AspNetCore.Authentication.AuthenticationMiddleware.Invoke(HttpContext context)
   at OrchardCore.Diagnostics.DiagnosticsStartupFilter.<>c__DisplayClass3_0.<<Configure>b__1>d.MoveNext()
--- End of stack trace from previous location ---
   at Microsoft.AspNetCore.Diagnostics.StatusCodePagesMiddleware.Invoke(HttpContext context)
   at OrchardCore.ContentPreview.PreviewStartupFilter.<>c.<<Configure>b__0_1>d.MoveNext()
--- End of stack trace from previous location ---
   at OrchardCore.Users.Services.ExternalAuthenticationsStartupFilter.<>c.<<Configure>b__0_1>d.MoveNext()
--- End of stack trace from previous location ---
   at OrchardCore.Modules.ModularTenantRouterMiddleware.Invoke(HttpContext httpContext)
   at OrchardCore.Modules.ModularTenantContainerMiddleware.<>c__DisplayClass4_0.<<Invoke>b__0>d.MoveNext()
--- End of stack trace from previous location ---
   at OrchardCore.Environment.Shell.Scope.ShellScope.UsingAsync(Func`2 execute, Boolean activateShell)
   at OrchardCore.Environment.Shell.Scope.ShellScope.UsingAsync(Func`2 execute, Boolean activateShell)
   at OrchardCore.Environment.Shell.Scope.ShellScope.UsingAsync(Func`2 execute, Boolean activateShell)
   at OrchardCore.Environment.Shell.Scope.ShellScope.UsingAsync(Func`2 execute, Boolean activateShell)
   at OrchardCore.Environment.Shell.Scope.ShellScope.UsingAsync(Func`2 execute, Boolean activateShell)
   at OrchardCore.Modules.ModularTenantContainerMiddleware.Invoke(HttpContext httpContext)
   at Microsoft.AspNetCore.Authentication.AuthenticationMiddleware.Invoke(HttpContext context)
   at Microsoft.AspNetCore.Diagnostics.DeveloperExceptionPageMiddlewareImpl.Invoke(HttpContext context)
2026-01-07 11:32:53.9823|Default|00-26635677d87a52e14c05f841157727e8-0038470f3db64d0e-00|1|Microsoft.AspNetCore.Diagnostics.DeveloperExceptionPageMiddleware|ERROR|An unhandled exception has occurred while executing the request. Microsoft.CSharp.RuntimeBinder.RuntimeBinderException: Cannot invoke a non-delegate type
   at CallSite.Target(Closure, CallSite, Object)
   at AspNetCoreGeneratedDocument.Pages_News_NewsDetail.ExecuteAsync() in C:\Users\Wanwi\OneDrive\Desktop\TechVerse\TechVerse.Cms\Pages\News\NewsDetail.cshtml:line 17
   at Microsoft.AspNetCore.Mvc.Razor.RazorView.RenderPageCoreAsync(IRazorPage page, ViewContext context)
   at Microsoft.AspNetCore.Mvc.Razor.RazorView.RenderPageAsync(IRazorPage page, ViewContext context, Boolean invokeViewStarts)
   at Microsoft.AspNetCore.Mvc.Razor.RazorView.RenderAsync(ViewContext context)
   at Microsoft.AspNetCore.Mvc.ViewFeatures.ViewExecutor.ExecuteAsync(ViewContext viewContext, String contentType, Nullable`1 statusCode)
   at Microsoft.AspNetCore.Mvc.ViewFeatures.ViewExecutor.ExecuteAsync(ViewContext viewContext, String contentType, Nullable`1 statusCode)
   at Microsoft.AspNetCore.Mvc.Infrastructure.ResourceInvoker.<InvokeNextResultFilterAsync>g__Awaited|30_0[TFilter,TFilterAsync](ResourceInvoker invoker, Task lastTask, State next, Scope scope, Object state, Boolean isCompleted)
   at Microsoft.AspNetCore.Mvc.Infrastructure.ResourceInvoker.Rethrow(ResultExecutedContextSealed context)
   at Microsoft.AspNetCore.Mvc.Infrastructure.ResourceInvoker.ResultNext[TFilter,TFilterAsync](State& next, Scope& scope, Object& state, Boolean& isCompleted)
   at Microsoft.AspNetCore.Mvc.Infrastructure.ResourceInvoker.<InvokeResultFilters>g__Awaited|28_0(ResourceInvoker invoker, Task lastTask, State next, Scope scope, Object state, Boolean isCompleted)
   at Microsoft.AspNetCore.Mvc.Infrastructure.ResourceInvoker.<InvokeNextResourceFilter>g__Awaited|25_0(ResourceInvoker invoker, Task lastTask, State next, Scope scope, Object state, Boolean isCompleted)
   at Microsoft.AspNetCore.Mvc.Infrastructure.ResourceInvoker.Rethrow(ResourceExecutedContextSealed context)
   at Microsoft.AspNetCore.Mvc.Infrastructure.ResourceInvoker.Next(State& next, Scope& scope, Object& state, Boolean& isCompleted)
   at Microsoft.AspNetCore.Mvc.Infrastructure.ResourceInvoker.<InvokeFilterPipelineAsync>g__Awaited|20_0(ResourceInvoker invoker, Task lastTask, State next, Scope scope, Object state, Boolean isCompleted)
   at Microsoft.AspNetCore.Mvc.Infrastructure.ResourceInvoker.<InvokeAsync>g__Awaited|17_0(ResourceInvoker invoker, Task task, IDisposable scope)
   at Microsoft.AspNetCore.Mvc.Infrastructure.ResourceInvoker.<InvokeAsync>g__Awaited|17_0(ResourceInvoker invoker, Task task, IDisposable scope)
   at SixLabors.ImageSharp.Web.Middleware.ImageSharpMiddleware.Invoke(HttpContext httpContext, Boolean retry)
   at Microsoft.AspNetCore.Authorization.AuthorizationMiddleware.Invoke(HttpContext context)
   at OrchardCore.Liquid.ScriptsMiddleware.Invoke(HttpContext httpContext)
   at Microsoft.AspNetCore.Authentication.AuthenticationMiddleware.Invoke(HttpContext context)
   at OrchardCore.Diagnostics.DiagnosticsStartupFilter.<>c__DisplayClass3_0.<<Configure>b__1>d.MoveNext()
--- End of stack trace from previous location ---
   at Microsoft.AspNetCore.Diagnostics.StatusCodePagesMiddleware.Invoke(HttpContext context)
   at OrchardCore.ContentPreview.PreviewStartupFilter.<>c.<<Configure>b__0_1>d.MoveNext()
--- End of stack trace from previous location ---
   at OrchardCore.Users.Services.ExternalAuthenticationsStartupFilter.<>c.<<Configure>b__0_1>d.MoveNext()
--- End of stack trace from previous location ---
   at OrchardCore.Modules.ModularTenantRouterMiddleware.Invoke(HttpContext httpContext)
   at OrchardCore.Modules.ModularTenantContainerMiddleware.<>c__DisplayClass4_0.<<Invoke>b__0>d.MoveNext()
--- End of stack trace from previous location ---
   at OrchardCore.Environment.Shell.Scope.ShellScope.UsingAsync(Func`2 execute, Boolean activateShell)
   at OrchardCore.Environment.Shell.Scope.ShellScope.UsingAsync(Func`2 execute, Boolean activateShell)
   at OrchardCore.Environment.Shell.Scope.ShellScope.UsingAsync(Func`2 execute, Boolean activateShell)
   at OrchardCore.Environment.Shell.Scope.ShellScope.UsingAsync(Func`2 execute, Boolean activateShell)
   at OrchardCore.Environment.Shell.Scope.ShellScope.UsingAsync(Func`2 execute, Boolean activateShell)
   at OrchardCore.Modules.ModularTenantContainerMiddleware.Invoke(HttpContext httpContext)
   at Microsoft.AspNetCore.Authentication.AuthenticationMiddleware.Invoke(HttpContext context)
   at Microsoft.AspNetCore.Diagnostics.DeveloperExceptionPageMiddlewareImpl.Invoke(HttpContext context)    at CallSite.Target(Closure, CallSite, Object)
   at AspNetCoreGeneratedDocument.Pages_News_NewsDetail.ExecuteAsync() in C:\Users\Wanwi\OneDrive\Desktop\TechVerse\TechVerse.Cms\Pages\News\NewsDetail.cshtml:line 17
   at Microsoft.AspNetCore.Mvc.Razor.RazorView.RenderPageCoreAsync(IRazorPage page, ViewContext context)
   at Microsoft.AspNetCore.Mvc.Razor.RazorView.RenderPageAsync(IRazorPage page, ViewContext context, Boolean invokeViewStarts)
   at Microsoft.AspNetCore.Mvc.Razor.RazorView.RenderAsync(ViewContext context)
   at Microsoft.AspNetCore.Mvc.ViewFeatures.ViewExecutor.ExecuteAsync(ViewContext viewContext, String contentType, Nullable`1 statusCode)
   at Microsoft.AspNetCore.Mvc.ViewFeatures.ViewExecutor.ExecuteAsync(ViewContext viewContext, String contentType, Nullable`1 statusCode)
   at Microsoft.AspNetCore.Mvc.Infrastructure.ResourceInvoker.<InvokeNextResultFilterAsync>g__Awaited|30_0[TFilter,TFilterAsync](ResourceInvoker invoker, Task lastTask, State next, Scope scope, Object state, Boolean isCompleted)
   at Microsoft.AspNetCore.Mvc.Infrastructure.ResourceInvoker.Rethrow(ResultExecutedContextSealed context)
   at Microsoft.AspNetCore.Mvc.Infrastructure.ResourceInvoker.ResultNext[TFilter,TFilterAsync](State& next, Scope& scope, Object& state, Boolean& isCompleted)
   at Microsoft.AspNetCore.Mvc.Infrastructure.ResourceInvoker.<InvokeResultFilters>g__Awaited|28_0(ResourceInvoker invoker, Task lastTask, State next, Scope scope, Object state, Boolean isCompleted)
   at Microsoft.AspNetCore.Mvc.Infrastructure.ResourceInvoker.<InvokeNextResourceFilter>g__Awaited|25_0(ResourceInvoker invoker, Task lastTask, State next, Scope scope, Object state, Boolean isCompleted)
   at Microsoft.AspNetCore.Mvc.Infrastructure.ResourceInvoker.Rethrow(ResourceExecutedContextSealed context)
   at Microsoft.AspNetCore.Mvc.Infrastructure.ResourceInvoker.Next(State& next, Scope& scope, Object& state, Boolean& isCompleted)
   at Microsoft.AspNetCore.Mvc.Infrastructure.ResourceInvoker.<InvokeFilterPipelineAsync>g__Awaited|20_0(ResourceInvoker invoker, Task lastTask, State next, Scope scope, Object state, Boolean isCompleted)
   at Microsoft.AspNetCore.Mvc.Infrastructure.ResourceInvoker.<InvokeAsync>g__Awaited|17_0(ResourceInvoker invoker, Task task, IDisposable scope)
   at Microsoft.AspNetCore.Mvc.Infrastructure.ResourceInvoker.<InvokeAsync>g__Awaited|17_0(ResourceInvoker invoker, Task task, IDisposable scope)
   at SixLabors.ImageSharp.Web.Middleware.ImageSharpMiddleware.Invoke(HttpContext httpContext, Boolean retry)
   at Microsoft.AspNetCore.Authorization.AuthorizationMiddleware.Invoke(HttpContext context)
   at OrchardCore.Liquid.ScriptsMiddleware.Invoke(HttpContext httpContext)
   at Microsoft.AspNetCore.Authentication.AuthenticationMiddleware.Invoke(HttpContext context)
   at OrchardCore.Diagnostics.DiagnosticsStartupFilter.<>c__DisplayClass3_0.<<Configure>b__1>d.MoveNext()
--- End of stack trace from previous location ---
   at Microsoft.AspNetCore.Diagnostics.StatusCodePagesMiddleware.Invoke(HttpContext context)
   at OrchardCore.ContentPreview.PreviewStartupFilter.<>c.<<Configure>b__0_1>d.MoveNext()
--- End of stack trace from previous location ---
   at OrchardCore.Users.Services.ExternalAuthenticationsStartupFilter.<>c.<<Configure>b__0_1>d.MoveNext()
--- End of stack trace from previous location ---
   at OrchardCore.Modules.ModularTenantRouterMiddleware.Invoke(HttpContext httpContext)
   at OrchardCore.Modules.ModularTenantContainerMiddleware.<>c__DisplayClass4_0.<<Invoke>b__0>d.MoveNext()
--- End of stack trace from previous location ---
   at OrchardCore.Environment.Shell.Scope.ShellScope.UsingAsync(Func`2 execute, Boolean activateShell)
   at OrchardCore.Environment.Shell.Scope.ShellScope.UsingAsync(Func`2 execute, Boolean activateShell)
   at OrchardCore.Environment.Shell.Scope.ShellScope.UsingAsync(Func`2 execute, Boolean activateShell)
   at OrchardCore.Environment.Shell.Scope.ShellScope.UsingAsync(Func`2 execute, Boolean activateShell)
   at OrchardCore.Environment.Shell.Scope.ShellScope.UsingAsync(Func`2 execute, Boolean activateShell)
   at OrchardCore.Modules.ModularTenantContainerMiddleware.Invoke(HttpContext httpContext)
   at Microsoft.AspNetCore.Authentication.AuthenticationMiddleware.Invoke(HttpContext context)
   at Microsoft.AspNetCore.Diagnostics.DeveloperExceptionPageMiddlewareImpl.Invoke(HttpContext context)
2026-01-07 11:32:56.5335|Default|00-9d41bdd902302d70516e3264dce09fbc-8c1dd47814e0125b-00|1|Microsoft.AspNetCore.Diagnostics.DeveloperExceptionPageMiddleware|ERROR|An unhandled exception has occurred while executing the request. Microsoft.CSharp.RuntimeBinder.RuntimeBinderException: Cannot invoke a non-delegate type
   at CallSite.Target(Closure, CallSite, Object)
   at AspNetCoreGeneratedDocument.Pages_News_NewsDetail.ExecuteAsync() in C:\Users\Wanwi\OneDrive\Desktop\TechVerse\TechVerse.Cms\Pages\News\NewsDetail.cshtml:line 17
   at Microsoft.AspNetCore.Mvc.Razor.RazorView.RenderPageCoreAsync(IRazorPage page, ViewContext context)
   at Microsoft.AspNetCore.Mvc.Razor.RazorView.RenderPageAsync(IRazorPage page, ViewContext context, Boolean invokeViewStarts)
   at Microsoft.AspNetCore.Mvc.Razor.RazorView.RenderAsync(ViewContext context)
   at Microsoft.AspNetCore.Mvc.ViewFeatures.ViewExecutor.ExecuteAsync(ViewContext viewContext, String contentType, Nullable`1 statusCode)
   at Microsoft.AspNetCore.Mvc.ViewFeatures.ViewExecutor.ExecuteAsync(ViewContext viewContext, String contentType, Nullable`1 statusCode)
   at Microsoft.AspNetCore.Mvc.Infrastructure.ResourceInvoker.<InvokeNextResultFilterAsync>g__Awaited|30_0[TFilter,TFilterAsync](ResourceInvoker invoker, Task lastTask, State next, Scope scope, Object state, Boolean isCompleted)
   at Microsoft.AspNetCore.Mvc.Infrastructure.ResourceInvoker.Rethrow(ResultExecutedContextSealed context)
   at Microsoft.AspNetCore.Mvc.Infrastructure.ResourceInvoker.ResultNext[TFilter,TFilterAsync](State& next, Scope& scope, Object& state, Boolean& isCompleted)
   at Microsoft.AspNetCore.Mvc.Infrastructure.ResourceInvoker.<InvokeResultFilters>g__Awaited|28_0(ResourceInvoker invoker, Task lastTask, State next, Scope scope, Object state, Boolean isCompleted)
   at Microsoft.AspNetCore.Mvc.Infrastructure.ResourceInvoker.<InvokeNextResourceFilter>g__Awaited|25_0(ResourceInvoker invoker, Task lastTask, State next, Scope scope, Object state, Boolean isCompleted)
   at Microsoft.AspNetCore.Mvc.Infrastructure.ResourceInvoker.Rethrow(ResourceExecutedContextSealed context)
   at Microsoft.AspNetCore.Mvc.Infrastructure.ResourceInvoker.Next(State& next, Scope& scope, Object& state, Boolean& isCompleted)
   at Microsoft.AspNetCore.Mvc.Infrastructure.ResourceInvoker.<InvokeFilterPipelineAsync>g__Awaited|20_0(ResourceInvoker invoker, Task lastTask, State next, Scope scope, Object state, Boolean isCompleted)
   at Microsoft.AspNetCore.Mvc.Infrastructure.ResourceInvoker.<InvokeAsync>g__Awaited|17_0(ResourceInvoker invoker, Task task, IDisposable scope)
   at Microsoft.AspNetCore.Mvc.Infrastructure.ResourceInvoker.<InvokeAsync>g__Awaited|17_0(ResourceInvoker invoker, Task task, IDisposable scope)
   at SixLabors.ImageSharp.Web.Middleware.ImageSharpMiddleware.Invoke(HttpContext httpContext, Boolean retry)
   at Microsoft.AspNetCore.Authorization.AuthorizationMiddleware.Invoke(HttpContext context)
   at OrchardCore.Liquid.ScriptsMiddleware.Invoke(HttpContext httpContext)
   at Microsoft.AspNetCore.Authentication.AuthenticationMiddleware.Invoke(HttpContext context)
   at OrchardCore.Diagnostics.DiagnosticsStartupFilter.<>c__DisplayClass3_0.<<Configure>b__1>d.MoveNext()
--- End of stack trace from previous location ---
   at Microsoft.AspNetCore.Diagnostics.StatusCodePagesMiddleware.Invoke(HttpContext context)
   at OrchardCore.ContentPreview.PreviewStartupFilter.<>c.<<Configure>b__0_1>d.MoveNext()
--- End of stack trace from previous location ---
   at OrchardCore.Users.Services.ExternalAuthenticationsStartupFilter.<>c.<<Configure>b__0_1>d.MoveNext()
--- End of stack trace from previous location ---
   at OrchardCore.Modules.ModularTenantRouterMiddleware.Invoke(HttpContext httpContext)
   at OrchardCore.Modules.ModularTenantContainerMiddleware.<>c__DisplayClass4_0.<<Invoke>b__0>d.MoveNext()
--- End of stack trace from previous location ---
   at OrchardCore.Environment.Shell.Scope.ShellScope.UsingAsync(Func`2 execute, Boolean activateShell)
   at OrchardCore.Environment.Shell.Scope.ShellScope.UsingAsync(Func`2 execute, Boolean activateShell)
   at OrchardCore.Environment.Shell.Scope.ShellScope.UsingAsync(Func`2 execute, Boolean activateShell)
   at OrchardCore.Environment.Shell.Scope.ShellScope.UsingAsync(Func`2 execute, Boolean activateShell)
   at OrchardCore.Environment.Shell.Scope.ShellScope.UsingAsync(Func`2 execute, Boolean activateShell)
   at OrchardCore.Modules.ModularTenantContainerMiddleware.Invoke(HttpContext httpContext)
   at Microsoft.AspNetCore.Authentication.AuthenticationMiddleware.Invoke(HttpContext context)
   at Microsoft.AspNetCore.Diagnostics.DeveloperExceptionPageMiddlewareImpl.Invoke(HttpContext context)    at CallSite.Target(Closure, CallSite, Object)
   at AspNetCoreGeneratedDocument.Pages_News_NewsDetail.ExecuteAsync() in C:\Users\Wanwi\OneDrive\Desktop\TechVerse\TechVerse.Cms\Pages\News\NewsDetail.cshtml:line 17
   at Microsoft.AspNetCore.Mvc.Razor.RazorView.RenderPageCoreAsync(IRazorPage page, ViewContext context)
   at Microsoft.AspNetCore.Mvc.Razor.RazorView.RenderPageAsync(IRazorPage page, ViewContext context, Boolean invokeViewStarts)
   at Microsoft.AspNetCore.Mvc.Razor.RazorView.RenderAsync(ViewContext context)
   at Microsoft.AspNetCore.Mvc.ViewFeatures.ViewExecutor.ExecuteAsync(ViewContext viewContext, String contentType, Nullable`1 statusCode)
   at Microsoft.AspNetCore.Mvc.ViewFeatures.ViewExecutor.ExecuteAsync(ViewContext viewContext, String contentType, Nullable`1 statusCode)
   at Microsoft.AspNetCore.Mvc.Infrastructure.ResourceInvoker.<InvokeNextResultFilterAsync>g__Awaited|30_0[TFilter,TFilterAsync](ResourceInvoker invoker, Task lastTask, State next, Scope scope, Object state, Boolean isCompleted)
   at Microsoft.AspNetCore.Mvc.Infrastructure.ResourceInvoker.Rethrow(ResultExecutedContextSealed context)
   at Microsoft.AspNetCore.Mvc.Infrastructure.ResourceInvoker.ResultNext[TFilter,TFilterAsync](State& next, Scope& scope, Object& state, Boolean& isCompleted)
   at Microsoft.AspNetCore.Mvc.Infrastructure.ResourceInvoker.<InvokeResultFilters>g__Awaited|28_0(ResourceInvoker invoker, Task lastTask, State next, Scope scope, Object state, Boolean isCompleted)
   at Microsoft.AspNetCore.Mvc.Infrastructure.ResourceInvoker.<InvokeNextResourceFilter>g__Awaited|25_0(ResourceInvoker invoker, Task lastTask, State next, Scope scope, Object state, Boolean isCompleted)
   at Microsoft.AspNetCore.Mvc.Infrastructure.ResourceInvoker.Rethrow(ResourceExecutedContextSealed context)
   at Microsoft.AspNetCore.Mvc.Infrastructure.ResourceInvoker.Next(State& next, Scope& scope, Object& state, Boolean& isCompleted)
   at Microsoft.AspNetCore.Mvc.Infrastructure.ResourceInvoker.<InvokeFilterPipelineAsync>g__Awaited|20_0(ResourceInvoker invoker, Task lastTask, State next, Scope scope, Object state, Boolean isCompleted)
   at Microsoft.AspNetCore.Mvc.Infrastructure.ResourceInvoker.<InvokeAsync>g__Awaited|17_0(ResourceInvoker invoker, Task task, IDisposable scope)
   at Microsoft.AspNetCore.Mvc.Infrastructure.ResourceInvoker.<InvokeAsync>g__Awaited|17_0(ResourceInvoker invoker, Task task, IDisposable scope)
   at SixLabors.ImageSharp.Web.Middleware.ImageSharpMiddleware.Invoke(HttpContext httpContext, Boolean retry)
   at Microsoft.AspNetCore.Authorization.AuthorizationMiddleware.Invoke(HttpContext context)
   at OrchardCore.Liquid.ScriptsMiddleware.Invoke(HttpContext httpContext)
   at Microsoft.AspNetCore.Authentication.AuthenticationMiddleware.Invoke(HttpContext context)
   at OrchardCore.Diagnostics.DiagnosticsStartupFilter.<>c__DisplayClass3_0.<<Configure>b__1>d.MoveNext()
--- End of stack trace from previous location ---
   at Microsoft.AspNetCore.Diagnostics.StatusCodePagesMiddleware.Invoke(HttpContext context)
   at OrchardCore.ContentPreview.PreviewStartupFilter.<>c.<<Configure>b__0_1>d.MoveNext()
--- End of stack trace from previous location ---
   at OrchardCore.Users.Services.ExternalAuthenticationsStartupFilter.<>c.<<Configure>b__0_1>d.MoveNext()
--- End of stack trace from previous location ---
   at OrchardCore.Modules.ModularTenantRouterMiddleware.Invoke(HttpContext httpContext)
   at OrchardCore.Modules.ModularTenantContainerMiddleware.<>c__DisplayClass4_0.<<Invoke>b__0>d.MoveNext()
--- End of stack trace from previous location ---
   at OrchardCore.Environment.Shell.Scope.ShellScope.UsingAsync(Func`2 execute, Boolean activateShell)
   at OrchardCore.Environment.Shell.Scope.ShellScope.UsingAsync(Func`2 execute, Boolean activateShell)
   at OrchardCore.Environment.Shell.Scope.ShellScope.UsingAsync(Func`2 execute, Boolean activateShell)
   at OrchardCore.Environment.Shell.Scope.ShellScope.UsingAsync(Func`2 execute, Boolean activateShell)
   at OrchardCore.Environment.Shell.Scope.ShellScope.UsingAsync(Func`2 execute, Boolean activateShell)
   at OrchardCore.Modules.ModularTenantContainerMiddleware.Invoke(HttpContext httpContext)
   at Microsoft.AspNetCore.Authentication.AuthenticationMiddleware.Invoke(HttpContext context)
   at Microsoft.AspNetCore.Diagnostics.DeveloperExceptionPageMiddlewareImpl.Invoke(HttpContext context)
2026-01-07 11:34:04.6275||||Microsoft.Hosting.Lifetime|INFO|Application started. Press Ctrl+C to shut down. 
2026-01-07 11:34:04.6777||||Microsoft.Hosting.Lifetime|INFO|Hosting environment: Development 
2026-01-07 11:34:04.6777||||Microsoft.Hosting.Lifetime|INFO|Content root path: C:\Users\Wanwi\OneDrive\Desktop\TechVerse\TechVerse.Cms 
2026-01-07 11:34:25.8597|Default|00-e275c1a07e96f9d5a5e0b7b738ac3e0c-3dcf2a95016169d5-00|1|Microsoft.AspNetCore.Diagnostics.DeveloperExceptionPageMiddleware|ERROR|An unhandled exception has occurred while executing the request. Microsoft.CSharp.RuntimeBinder.RuntimeBinderException: Cannot invoke a non-delegate type
   at CallSite.Target(Closure, CallSite, Object)
   at System.Dynamic.UpdateDelegates.UpdateAndExecute1[T0,TRet](CallSite site, T0 arg0)
   at AspNetCoreGeneratedDocument.Pages_News_NewsDetail.ExecuteAsync() in C:\Users\Wanwi\OneDrive\Desktop\TechVerse\TechVerse.Cms\Pages\News\NewsDetail.cshtml:line 17
   at Microsoft.AspNetCore.Mvc.Razor.RazorView.RenderPageCoreAsync(IRazorPage page, ViewContext context)
   at Microsoft.AspNetCore.Mvc.Razor.RazorView.RenderPageAsync(IRazorPage page, ViewContext context, Boolean invokeViewStarts)
   at Microsoft.AspNetCore.Mvc.Razor.RazorView.RenderAsync(ViewContext context)
   at Microsoft.AspNetCore.Mvc.ViewFeatures.ViewExecutor.ExecuteAsync(ViewContext viewContext, String contentType, Nullable`1 statusCode)
   at Microsoft.AspNetCore.Mvc.ViewFeatures.ViewExecutor.ExecuteAsync(ViewContext viewContext, String contentType, Nullable`1 statusCode)
   at Microsoft.AspNetCore.Mvc.Infrastructure.ResourceInvoker.<InvokeNextResultFilterAsync>g__Awaited|30_0[TFilter,TFilterAsync](ResourceInvoker invoker, Task lastTask, State next, Scope scope, Object state, Boolean isCompleted)
   at Microsoft.AspNetCore.Mvc.Infrastructure.ResourceInvoker.Rethrow(ResultExecutedContextSealed context)
   at Microsoft.AspNetCore.Mvc.Infrastructure.ResourceInvoker.ResultNext[TFilter,TFilterAsync](State& next, Scope& scope, Object& state, Boolean& isCompleted)
   at Microsoft.AspNetCore.Mvc.Infrastructure.ResourceInvoker.<InvokeResultFilters>g__Awaited|28_0(ResourceInvoker invoker, Task lastTask, State next, Scope scope, Object state, Boolean isCompleted)
   at Microsoft.AspNetCore.Mvc.Infrastructure.ResourceInvoker.<InvokeNextResourceFilter>g__Awaited|25_0(ResourceInvoker invoker, Task lastTask, State next, Scope scope, Object state, Boolean isCompleted)
   at Microsoft.AspNetCore.Mvc.Infrastructure.ResourceInvoker.Rethrow(ResourceExecutedContextSealed context)
   at Microsoft.AspNetCore.Mvc.Infrastructure.ResourceInvoker.Next(State& next, Scope& scope, Object& state, Boolean& isCompleted)
   at Microsoft.AspNetCore.Mvc.Infrastructure.ResourceInvoker.<InvokeFilterPipelineAsync>g__Awaited|20_0(ResourceInvoker invoker, Task lastTask, State next, Scope scope, Object state, Boolean isCompleted)
   at Microsoft.AspNetCore.Mvc.Infrastructure.ResourceInvoker.<InvokeAsync>g__Awaited|17_0(ResourceInvoker invoker, Task task, IDisposable scope)
   at Microsoft.AspNetCore.Mvc.Infrastructure.ResourceInvoker.<InvokeAsync>g__Awaited|17_0(ResourceInvoker invoker, Task task, IDisposable scope)
   at SixLabors.ImageSharp.Web.Middleware.ImageSharpMiddleware.Invoke(HttpContext httpContext, Boolean retry)
   at Microsoft.AspNetCore.Authorization.AuthorizationMiddleware.Invoke(HttpContext context)
   at OrchardCore.Liquid.ScriptsMiddleware.Invoke(HttpContext httpContext)
   at Microsoft.AspNetCore.Authentication.AuthenticationMiddleware.Invoke(HttpContext context)
   at OrchardCore.Diagnostics.DiagnosticsStartupFilter.<>c__DisplayClass3_0.<<Configure>b__1>d.MoveNext()
--- End of stack trace from previous location ---
   at Microsoft.AspNetCore.Diagnostics.StatusCodePagesMiddleware.Invoke(HttpContext context)
   at OrchardCore.ContentPreview.PreviewStartupFilter.<>c.<<Configure>b__0_1>d.MoveNext()
--- End of stack trace from previous location ---
   at OrchardCore.Users.Services.ExternalAuthenticationsStartupFilter.<>c.<<Configure>b__0_1>d.MoveNext()
--- End of stack trace from previous location ---
   at OrchardCore.Modules.ModularTenantRouterMiddleware.Invoke(HttpContext httpContext)
   at OrchardCore.Modules.ModularTenantContainerMiddleware.<>c__DisplayClass4_0.<<Invoke>b__0>d.MoveNext()
--- End of stack trace from previous location ---
   at OrchardCore.Environment.Shell.Scope.ShellScope.UsingAsync(Func`2 execute, Boolean activateShell)
   at OrchardCore.Environment.Shell.Scope.ShellScope.UsingAsync(Func`2 execute, Boolean activateShell)
   at OrchardCore.Environment.Shell.Scope.ShellScope.UsingAsync(Func`2 execute, Boolean activateShell)
   at OrchardCore.Environment.Shell.Scope.ShellScope.UsingAsync(Func`2 execute, Boolean activateShell)
   at OrchardCore.Environment.Shell.Scope.ShellScope.UsingAsync(Func`2 execute, Boolean activateShell)
   at OrchardCore.Modules.ModularTenantContainerMiddleware.Invoke(HttpContext httpContext)
   at Microsoft.AspNetCore.Authentication.AuthenticationMiddleware.Invoke(HttpContext context)
   at Microsoft.AspNetCore.Diagnostics.DeveloperExceptionPageMiddlewareImpl.Invoke(HttpContext context)    at CallSite.Target(Closure, CallSite, Object)
   at System.Dynamic.UpdateDelegates.UpdateAndExecute1[T0,TRet](CallSite site, T0 arg0)
   at AspNetCoreGeneratedDocument.Pages_News_NewsDetail.ExecuteAsync() in C:\Users\Wanwi\OneDrive\Desktop\TechVerse\TechVerse.Cms\Pages\News\NewsDetail.cshtml:line 17
   at Microsoft.AspNetCore.Mvc.Razor.RazorView.RenderPageCoreAsync(IRazorPage page, ViewContext context)
   at Microsoft.AspNetCore.Mvc.Razor.RazorView.RenderPageAsync(IRazorPage page, ViewContext context, Boolean invokeViewStarts)
   at Microsoft.AspNetCore.Mvc.Razor.RazorView.RenderAsync(ViewContext context)
   at Microsoft.AspNetCore.Mvc.ViewFeatures.ViewExecutor.ExecuteAsync(ViewContext viewContext, String contentType, Nullable`1 statusCode)
   at Microsoft.AspNetCore.Mvc.ViewFeatures.ViewExecutor.ExecuteAsync(ViewContext viewContext, String contentType, Nullable`1 statusCode)
   at Microsoft.AspNetCore.Mvc.Infrastructure.ResourceInvoker.<InvokeNextResultFilterAsync>g__Awaited|30_0[TFilter,TFilterAsync](ResourceInvoker invoker, Task lastTask, State next, Scope scope, Object state, Boolean isCompleted)
   at Microsoft.AspNetCore.Mvc.Infrastructure.ResourceInvoker.Rethrow(ResultExecutedContextSealed context)
   at Microsoft.AspNetCore.Mvc.Infrastructure.ResourceInvoker.ResultNext[TFilter,TFilterAsync](State& next, Scope& scope, Object& state, Boolean& isCompleted)
   at Microsoft.AspNetCore.Mvc.Infrastructure.ResourceInvoker.<InvokeResultFilters>g__Awaited|28_0(ResourceInvoker invoker, Task lastTask, State next, Scope scope, Object state, Boolean isCompleted)
   at Microsoft.AspNetCore.Mvc.Infrastructure.ResourceInvoker.<InvokeNextResourceFilter>g__Awaited|25_0(ResourceInvoker invoker, Task lastTask, State next, Scope scope, Object state, Boolean isCompleted)
   at Microsoft.AspNetCore.Mvc.Infrastructure.ResourceInvoker.Rethrow(ResourceExecutedContextSealed context)
   at Microsoft.AspNetCore.Mvc.Infrastructure.ResourceInvoker.Next(State& next, Scope& scope, Object& state, Boolean& isCompleted)
   at Microsoft.AspNetCore.Mvc.Infrastructure.ResourceInvoker.<InvokeFilterPipelineAsync>g__Awaited|20_0(ResourceInvoker invoker, Task lastTask, State next, Scope scope, Object state, Boolean isCompleted)
   at Microsoft.AspNetCore.Mvc.Infrastructure.ResourceInvoker.<InvokeAsync>g__Awaited|17_0(ResourceInvoker invoker, Task task, IDisposable scope)
   at Microsoft.AspNetCore.Mvc.Infrastructure.ResourceInvoker.<InvokeAsync>g__Awaited|17_0(ResourceInvoker invoker, Task task, IDisposable scope)
   at SixLabors.ImageSharp.Web.Middleware.ImageSharpMiddleware.Invoke(HttpContext httpContext, Boolean retry)
   at Microsoft.AspNetCore.Authorization.AuthorizationMiddleware.Invoke(HttpContext context)
   at OrchardCore.Liquid.ScriptsMiddleware.Invoke(HttpContext httpContext)
   at Microsoft.AspNetCore.Authentication.AuthenticationMiddleware.Invoke(HttpContext context)
   at OrchardCore.Diagnostics.DiagnosticsStartupFilter.<>c__DisplayClass3_0.<<Configure>b__1>d.MoveNext()
--- End of stack trace from previous location ---
   at Microsoft.AspNetCore.Diagnostics.StatusCodePagesMiddleware.Invoke(HttpContext context)
   at OrchardCore.ContentPreview.PreviewStartupFilter.<>c.<<Configure>b__0_1>d.MoveNext()
--- End of stack trace from previous location ---
   at OrchardCore.Users.Services.ExternalAuthenticationsStartupFilter.<>c.<<Configure>b__0_1>d.MoveNext()
--- End of stack trace from previous location ---
   at OrchardCore.Modules.ModularTenantRouterMiddleware.Invoke(HttpContext httpContext)
   at OrchardCore.Modules.ModularTenantContainerMiddleware.<>c__DisplayClass4_0.<<Invoke>b__0>d.MoveNext()
--- End of stack trace from previous location ---
   at OrchardCore.Environment.Shell.Scope.ShellScope.UsingAsync(Func`2 execute, Boolean activateShell)
   at OrchardCore.Environment.Shell.Scope.ShellScope.UsingAsync(Func`2 execute, Boolean activateShell)
   at OrchardCore.Environment.Shell.Scope.ShellScope.UsingAsync(Func`2 execute, Boolean activateShell)
   at OrchardCore.Environment.Shell.Scope.ShellScope.UsingAsync(Func`2 execute, Boolean activateShell)
   at OrchardCore.Environment.Shell.Scope.ShellScope.UsingAsync(Func`2 execute, Boolean activateShell)
   at OrchardCore.Modules.ModularTenantContainerMiddleware.Invoke(HttpContext httpContext)
   at Microsoft.AspNetCore.Authentication.AuthenticationMiddleware.Invoke(HttpContext context)
   at Microsoft.AspNetCore.Diagnostics.DeveloperExceptionPageMiddlewareImpl.Invoke(HttpContext context)
2026-01-07 11:35:59.9283|Default|00-76749331d52a1d91902e54fc42db1328-c40ff58123c001c9-00|1|Microsoft.AspNetCore.Diagnostics.DeveloperExceptionPageMiddleware|ERROR|An unhandled exception has occurred while executing the request. Microsoft.CSharp.RuntimeBinder.RuntimeBinderException: Cannot invoke a non-delegate type
   at CallSite.Target(Closure, CallSite, Object)
   at AspNetCoreGeneratedDocument.Pages_News_NewsDetail.ExecuteAsync() in C:\Users\Wanwi\OneDrive\Desktop\TechVerse\TechVerse.Cms\Pages\News\NewsDetail.cshtml:line 17
   at Microsoft.AspNetCore.Mvc.Razor.RazorView.RenderPageCoreAsync(IRazorPage page, ViewContext context)
   at Microsoft.AspNetCore.Mvc.Razor.RazorView.RenderPageAsync(IRazorPage page, ViewContext context, Boolean invokeViewStarts)
   at Microsoft.AspNetCore.Mvc.Razor.RazorView.RenderAsync(ViewContext context)
   at Microsoft.AspNetCore.Mvc.ViewFeatures.ViewExecutor.ExecuteAsync(ViewContext viewContext, String contentType, Nullable`1 statusCode)
   at Microsoft.AspNetCore.Mvc.ViewFeatures.ViewExecutor.ExecuteAsync(ViewContext viewContext, String contentType, Nullable`1 statusCode)
   at Microsoft.AspNetCore.Mvc.Infrastructure.ResourceInvoker.<InvokeNextResultFilterAsync>g__Awaited|30_0[TFilter,TFilterAsync](ResourceInvoker invoker, Task lastTask, State next, Scope scope, Object state, Boolean isCompleted)
   at Microsoft.AspNetCore.Mvc.Infrastructure.ResourceInvoker.Rethrow(ResultExecutedContextSealed context)
   at Microsoft.AspNetCore.Mvc.Infrastructure.ResourceInvoker.ResultNext[TFilter,TFilterAsync](State& next, Scope& scope, Object& state, Boolean& isCompleted)
   at Microsoft.AspNetCore.Mvc.Infrastructure.ResourceInvoker.<InvokeResultFilters>g__Awaited|28_0(ResourceInvoker invoker, Task lastTask, State next, Scope scope, Object state, Boolean isCompleted)
   at Microsoft.AspNetCore.Mvc.Infrastructure.ResourceInvoker.<InvokeNextResourceFilter>g__Awaited|25_0(ResourceInvoker invoker, Task lastTask, State next, Scope scope, Object state, Boolean isCompleted)
   at Microsoft.AspNetCore.Mvc.Infrastructure.ResourceInvoker.Rethrow(ResourceExecutedContextSealed context)
   at Microsoft.AspNetCore.Mvc.Infrastructure.ResourceInvoker.Next(State& next, Scope& scope, Object& state, Boolean& isCompleted)
   at Microsoft.AspNetCore.Mvc.Infrastructure.ResourceInvoker.<InvokeFilterPipelineAsync>g__Awaited|20_0(ResourceInvoker invoker, Task lastTask, State next, Scope scope, Object state, Boolean isCompleted)
   at Microsoft.AspNetCore.Mvc.Infrastructure.ResourceInvoker.<InvokeAsync>g__Awaited|17_0(ResourceInvoker invoker, Task task, IDisposable scope)
   at Microsoft.AspNetCore.Mvc.Infrastructure.ResourceInvoker.<InvokeAsync>g__Awaited|17_0(ResourceInvoker invoker, Task task, IDisposable scope)
   at SixLabors.ImageSharp.Web.Middleware.ImageSharpMiddleware.Invoke(HttpContext httpContext, Boolean retry)
   at Microsoft.AspNetCore.Authorization.AuthorizationMiddleware.Invoke(HttpContext context)
   at OrchardCore.Liquid.ScriptsMiddleware.Invoke(HttpContext httpContext)
   at Microsoft.AspNetCore.Authentication.AuthenticationMiddleware.Invoke(HttpContext context)
   at OrchardCore.Diagnostics.DiagnosticsStartupFilter.<>c__DisplayClass3_0.<<Configure>b__1>d.MoveNext()
--- End of stack trace from previous location ---
   at Microsoft.AspNetCore.Diagnostics.StatusCodePagesMiddleware.Invoke(HttpContext context)
   at OrchardCore.ContentPreview.PreviewStartupFilter.<>c.<<Configure>b__0_1>d.MoveNext()
--- End of stack trace from previous location ---
   at OrchardCore.Users.Services.ExternalAuthenticationsStartupFilter.<>c.<<Configure>b__0_1>d.MoveNext()
--- End of stack trace from previous location ---
   at OrchardCore.Modules.ModularTenantRouterMiddleware.Invoke(HttpContext httpContext)
   at OrchardCore.Modules.ModularTenantContainerMiddleware.<>c__DisplayClass4_0.<<Invoke>b__0>d.MoveNext()
--- End of stack trace from previous location ---
   at OrchardCore.Environment.Shell.Scope.ShellScope.UsingAsync(Func`2 execute, Boolean activateShell)
   at OrchardCore.Environment.Shell.Scope.ShellScope.UsingAsync(Func`2 execute, Boolean activateShell)
   at OrchardCore.Environment.Shell.Scope.ShellScope.UsingAsync(Func`2 execute, Boolean activateShell)
   at OrchardCore.Environment.Shell.Scope.ShellScope.UsingAsync(Func`2 execute, Boolean activateShell)
   at OrchardCore.Environment.Shell.Scope.ShellScope.UsingAsync(Func`2 execute, Boolean activateShell)
   at OrchardCore.Modules.ModularTenantContainerMiddleware.Invoke(HttpContext httpContext)
   at Microsoft.AspNetCore.Authentication.AuthenticationMiddleware.Invoke(HttpContext context)
   at Microsoft.AspNetCore.Diagnostics.DeveloperExceptionPageMiddlewareImpl.Invoke(HttpContext context)    at CallSite.Target(Closure, CallSite, Object)
   at AspNetCoreGeneratedDocument.Pages_News_NewsDetail.ExecuteAsync() in C:\Users\Wanwi\OneDrive\Desktop\TechVerse\TechVerse.Cms\Pages\News\NewsDetail.cshtml:line 17
   at Microsoft.AspNetCore.Mvc.Razor.RazorView.RenderPageCoreAsync(IRazorPage page, ViewContext context)
   at Microsoft.AspNetCore.Mvc.Razor.RazorView.RenderPageAsync(IRazorPage page, ViewContext context, Boolean invokeViewStarts)
   at Microsoft.AspNetCore.Mvc.Razor.RazorView.RenderAsync(ViewContext context)
   at Microsoft.AspNetCore.Mvc.ViewFeatures.ViewExecutor.ExecuteAsync(ViewContext viewContext, String contentType, Nullable`1 statusCode)
   at Microsoft.AspNetCore.Mvc.ViewFeatures.ViewExecutor.ExecuteAsync(ViewContext viewContext, String contentType, Nullable`1 statusCode)
   at Microsoft.AspNetCore.Mvc.Infrastructure.ResourceInvoker.<InvokeNextResultFilterAsync>g__Awaited|30_0[TFilter,TFilterAsync](ResourceInvoker invoker, Task lastTask, State next, Scope scope, Object state, Boolean isCompleted)
   at Microsoft.AspNetCore.Mvc.Infrastructure.ResourceInvoker.Rethrow(ResultExecutedContextSealed context)
   at Microsoft.AspNetCore.Mvc.Infrastructure.ResourceInvoker.ResultNext[TFilter,TFilterAsync](State& next, Scope& scope, Object& state, Boolean& isCompleted)
   at Microsoft.AspNetCore.Mvc.Infrastructure.ResourceInvoker.<InvokeResultFilters>g__Awaited|28_0(ResourceInvoker invoker, Task lastTask, State next, Scope scope, Object state, Boolean isCompleted)
   at Microsoft.AspNetCore.Mvc.Infrastructure.ResourceInvoker.<InvokeNextResourceFilter>g__Awaited|25_0(ResourceInvoker invoker, Task lastTask, State next, Scope scope, Object state, Boolean isCompleted)
   at Microsoft.AspNetCore.Mvc.Infrastructure.ResourceInvoker.Rethrow(ResourceExecutedContextSealed context)
   at Microsoft.AspNetCore.Mvc.Infrastructure.ResourceInvoker.Next(State& next, Scope& scope, Object& state, Boolean& isCompleted)
   at Microsoft.AspNetCore.Mvc.Infrastructure.ResourceInvoker.<InvokeFilterPipelineAsync>g__Awaited|20_0(ResourceInvoker invoker, Task lastTask, State next, Scope scope, Object state, Boolean isCompleted)
   at Microsoft.AspNetCore.Mvc.Infrastructure.ResourceInvoker.<InvokeAsync>g__Awaited|17_0(ResourceInvoker invoker, Task task, IDisposable scope)
   at Microsoft.AspNetCore.Mvc.Infrastructure.ResourceInvoker.<InvokeAsync>g__Awaited|17_0(ResourceInvoker invoker, Task task, IDisposable scope)
   at SixLabors.ImageSharp.Web.Middleware.ImageSharpMiddleware.Invoke(HttpContext httpContext, Boolean retry)
   at Microsoft.AspNetCore.Authorization.AuthorizationMiddleware.Invoke(HttpContext context)
   at OrchardCore.Liquid.ScriptsMiddleware.Invoke(HttpContext httpContext)
   at Microsoft.AspNetCore.Authentication.AuthenticationMiddleware.Invoke(HttpContext context)
   at OrchardCore.Diagnostics.DiagnosticsStartupFilter.<>c__DisplayClass3_0.<<Configure>b__1>d.MoveNext()
--- End of stack trace from previous location ---
   at Microsoft.AspNetCore.Diagnostics.StatusCodePagesMiddleware.Invoke(HttpContext context)
   at OrchardCore.ContentPreview.PreviewStartupFilter.<>c.<<Configure>b__0_1>d.MoveNext()
--- End of stack trace from previous location ---
   at OrchardCore.Users.Services.ExternalAuthenticationsStartupFilter.<>c.<<Configure>b__0_1>d.MoveNext()
--- End of stack trace from previous location ---
   at OrchardCore.Modules.ModularTenantRouterMiddleware.Invoke(HttpContext httpContext)
   at OrchardCore.Modules.ModularTenantContainerMiddleware.<>c__DisplayClass4_0.<<Invoke>b__0>d.MoveNext()
--- End of stack trace from previous location ---
   at OrchardCore.Environment.Shell.Scope.ShellScope.UsingAsync(Func`2 execute, Boolean activateShell)
   at OrchardCore.Environment.Shell.Scope.ShellScope.UsingAsync(Func`2 execute, Boolean activateShell)
   at OrchardCore.Environment.Shell.Scope.ShellScope.UsingAsync(Func`2 execute, Boolean activateShell)
   at OrchardCore.Environment.Shell.Scope.ShellScope.UsingAsync(Func`2 execute, Boolean activateShell)
   at OrchardCore.Environment.Shell.Scope.ShellScope.UsingAsync(Func`2 execute, Boolean activateShell)
   at OrchardCore.Modules.ModularTenantContainerMiddleware.Invoke(HttpContext httpContext)
   at Microsoft.AspNetCore.Authentication.AuthenticationMiddleware.Invoke(HttpContext context)
   at Microsoft.AspNetCore.Diagnostics.DeveloperExceptionPageMiddlewareImpl.Invoke(HttpContext context)
2026-01-07 11:36:21.8330|Default|00-983ce1b35b2f8ea678f5f21910dbd2b9-c0563cd0b818e618-00|1|Microsoft.AspNetCore.Diagnostics.DeveloperExceptionPageMiddleware|ERROR|An unhandled exception has occurred while executing the request. Microsoft.CSharp.RuntimeBinder.RuntimeBinderException: Cannot invoke a non-delegate type
   at CallSite.Target(Closure, CallSite, Object)
   at AspNetCoreGeneratedDocument.Pages_News_NewsDetail.ExecuteAsync() in C:\Users\Wanwi\OneDrive\Desktop\TechVerse\TechVerse.Cms\Pages\News\NewsDetail.cshtml:line 17
   at Microsoft.AspNetCore.Mvc.Razor.RazorView.RenderPageCoreAsync(IRazorPage page, ViewContext context)
   at Microsoft.AspNetCore.Mvc.Razor.RazorView.RenderPageAsync(IRazorPage page, ViewContext context, Boolean invokeViewStarts)
   at Microsoft.AspNetCore.Mvc.Razor.RazorView.RenderAsync(ViewContext context)
   at Microsoft.AspNetCore.Mvc.ViewFeatures.ViewExecutor.ExecuteAsync(ViewContext viewContext, String contentType, Nullable`1 statusCode)
   at Microsoft.AspNetCore.Mvc.ViewFeatures.ViewExecutor.ExecuteAsync(ViewContext viewContext, String contentType, Nullable`1 statusCode)
   at Microsoft.AspNetCore.Mvc.Infrastructure.ResourceInvoker.<InvokeNextResultFilterAsync>g__Awaited|30_0[TFilter,TFilterAsync](ResourceInvoker invoker, Task lastTask, State next, Scope scope, Object state, Boolean isCompleted)
   at Microsoft.AspNetCore.Mvc.Infrastructure.ResourceInvoker.Rethrow(ResultExecutedContextSealed context)
   at Microsoft.AspNetCore.Mvc.Infrastructure.ResourceInvoker.ResultNext[TFilter,TFilterAsync](State& next, Scope& scope, Object& state, Boolean& isCompleted)
   at Microsoft.AspNetCore.Mvc.Infrastructure.ResourceInvoker.<InvokeResultFilters>g__Awaited|28_0(ResourceInvoker invoker, Task lastTask, State next, Scope scope, Object state, Boolean isCompleted)
   at Microsoft.AspNetCore.Mvc.Infrastructure.ResourceInvoker.<InvokeNextResourceFilter>g__Awaited|25_0(ResourceInvoker invoker, Task lastTask, State next, Scope scope, Object state, Boolean isCompleted)
   at Microsoft.AspNetCore.Mvc.Infrastructure.ResourceInvoker.Rethrow(ResourceExecutedContextSealed context)
   at Microsoft.AspNetCore.Mvc.Infrastructure.ResourceInvoker.Next(State& next, Scope& scope, Object& state, Boolean& isCompleted)
   at Microsoft.AspNetCore.Mvc.Infrastructure.ResourceInvoker.<InvokeFilterPipelineAsync>g__Awaited|20_0(ResourceInvoker invoker, Task lastTask, State next, Scope scope, Object state, Boolean isCompleted)
   at Microsoft.AspNetCore.Mvc.Infrastructure.ResourceInvoker.<InvokeAsync>g__Awaited|17_0(ResourceInvoker invoker, Task task, IDisposable scope)
   at Microsoft.AspNetCore.Mvc.Infrastructure.ResourceInvoker.<InvokeAsync>g__Awaited|17_0(ResourceInvoker invoker, Task task, IDisposable scope)
   at SixLabors.ImageSharp.Web.Middleware.ImageSharpMiddleware.Invoke(HttpContext httpContext, Boolean retry)
   at Microsoft.AspNetCore.Authorization.AuthorizationMiddleware.Invoke(HttpContext context)
   at OrchardCore.Liquid.ScriptsMiddleware.Invoke(HttpContext httpContext)
   at Microsoft.AspNetCore.Authentication.AuthenticationMiddleware.Invoke(HttpContext context)
   at OrchardCore.Diagnostics.DiagnosticsStartupFilter.<>c__DisplayClass3_0.<<Configure>b__1>d.MoveNext()
--- End of stack trace from previous location ---
   at Microsoft.AspNetCore.Diagnostics.StatusCodePagesMiddleware.Invoke(HttpContext context)
   at OrchardCore.ContentPreview.PreviewStartupFilter.<>c.<<Configure>b__0_1>d.MoveNext()
--- End of stack trace from previous location ---
   at OrchardCore.Users.Services.ExternalAuthenticationsStartupFilter.<>c.<<Configure>b__0_1>d.MoveNext()
--- End of stack trace from previous location ---
   at OrchardCore.Modules.ModularTenantRouterMiddleware.Invoke(HttpContext httpContext)
   at OrchardCore.Modules.ModularTenantContainerMiddleware.<>c__DisplayClass4_0.<<Invoke>b__0>d.MoveNext()
--- End of stack trace from previous location ---
   at OrchardCore.Environment.Shell.Scope.ShellScope.UsingAsync(Func`2 execute, Boolean activateShell)
   at OrchardCore.Environment.Shell.Scope.ShellScope.UsingAsync(Func`2 execute, Boolean activateShell)
   at OrchardCore.Environment.Shell.Scope.ShellScope.UsingAsync(Func`2 execute, Boolean activateShell)
   at OrchardCore.Environment.Shell.Scope.ShellScope.UsingAsync(Func`2 execute, Boolean activateShell)
   at OrchardCore.Environment.Shell.Scope.ShellScope.UsingAsync(Func`2 execute, Boolean activateShell)
   at OrchardCore.Modules.ModularTenantContainerMiddleware.Invoke(HttpContext httpContext)
   at Microsoft.AspNetCore.Authentication.AuthenticationMiddleware.Invoke(HttpContext context)
   at Microsoft.AspNetCore.Diagnostics.DeveloperExceptionPageMiddlewareImpl.Invoke(HttpContext context)    at CallSite.Target(Closure, CallSite, Object)
   at AspNetCoreGeneratedDocument.Pages_News_NewsDetail.ExecuteAsync() in C:\Users\Wanwi\OneDrive\Desktop\TechVerse\TechVerse.Cms\Pages\News\NewsDetail.cshtml:line 17
   at Microsoft.AspNetCore.Mvc.Razor.RazorView.RenderPageCoreAsync(IRazorPage page, ViewContext context)
   at Microsoft.AspNetCore.Mvc.Razor.RazorView.RenderPageAsync(IRazorPage page, ViewContext context, Boolean invokeViewStarts)
   at Microsoft.AspNetCore.Mvc.Razor.RazorView.RenderAsync(ViewContext context)
   at Microsoft.AspNetCore.Mvc.ViewFeatures.ViewExecutor.ExecuteAsync(ViewContext viewContext, String contentType, Nullable`1 statusCode)
   at Microsoft.AspNetCore.Mvc.ViewFeatures.ViewExecutor.ExecuteAsync(ViewContext viewContext, String contentType, Nullable`1 statusCode)
   at Microsoft.AspNetCore.Mvc.Infrastructure.ResourceInvoker.<InvokeNextResultFilterAsync>g__Awaited|30_0[TFilter,TFilterAsync](ResourceInvoker invoker, Task lastTask, State next, Scope scope, Object state, Boolean isCompleted)
   at Microsoft.AspNetCore.Mvc.Infrastructure.ResourceInvoker.Rethrow(ResultExecutedContextSealed context)
   at Microsoft.AspNetCore.Mvc.Infrastructure.ResourceInvoker.ResultNext[TFilter,TFilterAsync](State& next, Scope& scope, Object& state, Boolean& isCompleted)
   at Microsoft.AspNetCore.Mvc.Infrastructure.ResourceInvoker.<InvokeResultFilters>g__Awaited|28_0(ResourceInvoker invoker, Task lastTask, State next, Scope scope, Object state, Boolean isCompleted)
   at Microsoft.AspNetCore.Mvc.Infrastructure.ResourceInvoker.<InvokeNextResourceFilter>g__Awaited|25_0(ResourceInvoker invoker, Task lastTask, State next, Scope scope, Object state, Boolean isCompleted)
   at Microsoft.AspNetCore.Mvc.Infrastructure.ResourceInvoker.Rethrow(ResourceExecutedContextSealed context)
   at Microsoft.AspNetCore.Mvc.Infrastructure.ResourceInvoker.Next(State& next, Scope& scope, Object& state, Boolean& isCompleted)
   at Microsoft.AspNetCore.Mvc.Infrastructure.ResourceInvoker.<InvokeFilterPipelineAsync>g__Awaited|20_0(ResourceInvoker invoker, Task lastTask, State next, Scope scope, Object state, Boolean isCompleted)
   at Microsoft.AspNetCore.Mvc.Infrastructure.ResourceInvoker.<InvokeAsync>g__Awaited|17_0(ResourceInvoker invoker, Task task, IDisposable scope)
   at Microsoft.AspNetCore.Mvc.Infrastructure.ResourceInvoker.<InvokeAsync>g__Awaited|17_0(ResourceInvoker invoker, Task task, IDisposable scope)
   at SixLabors.ImageSharp.Web.Middleware.ImageSharpMiddleware.Invoke(HttpContext httpContext, Boolean retry)
   at Microsoft.AspNetCore.Authorization.AuthorizationMiddleware.Invoke(HttpContext context)
   at OrchardCore.Liquid.ScriptsMiddleware.Invoke(HttpContext httpContext)
   at Microsoft.AspNetCore.Authentication.AuthenticationMiddleware.Invoke(HttpContext context)
   at OrchardCore.Diagnostics.DiagnosticsStartupFilter.<>c__DisplayClass3_0.<<Configure>b__1>d.MoveNext()
--- End of stack trace from previous location ---
   at Microsoft.AspNetCore.Diagnostics.StatusCodePagesMiddleware.Invoke(HttpContext context)
   at OrchardCore.ContentPreview.PreviewStartupFilter.<>c.<<Configure>b__0_1>d.MoveNext()
--- End of stack trace from previous location ---
   at OrchardCore.Users.Services.ExternalAuthenticationsStartupFilter.<>c.<<Configure>b__0_1>d.MoveNext()
--- End of stack trace from previous location ---
   at OrchardCore.Modules.ModularTenantRouterMiddleware.Invoke(HttpContext httpContext)
   at OrchardCore.Modules.ModularTenantContainerMiddleware.<>c__DisplayClass4_0.<<Invoke>b__0>d.MoveNext()
--- End of stack trace from previous location ---
   at OrchardCore.Environment.Shell.Scope.ShellScope.UsingAsync(Func`2 execute, Boolean activateShell)
   at OrchardCore.Environment.Shell.Scope.ShellScope.UsingAsync(Func`2 execute, Boolean activateShell)
   at OrchardCore.Environment.Shell.Scope.ShellScope.UsingAsync(Func`2 execute, Boolean activateShell)
   at OrchardCore.Environment.Shell.Scope.ShellScope.UsingAsync(Func`2 execute, Boolean activateShell)
   at OrchardCore.Environment.Shell.Scope.ShellScope.UsingAsync(Func`2 execute, Boolean activateShell)
   at OrchardCore.Modules.ModularTenantContainerMiddleware.Invoke(HttpContext httpContext)
   at Microsoft.AspNetCore.Authentication.AuthenticationMiddleware.Invoke(HttpContext context)
   at Microsoft.AspNetCore.Diagnostics.DeveloperExceptionPageMiddlewareImpl.Invoke(HttpContext context)
2026-01-07 11:36:22.7196|Default|00-811a6791e279c6823cdcd274e013d65b-10a055ca0516570b-00|1|Microsoft.AspNetCore.Diagnostics.DeveloperExceptionPageMiddleware|ERROR|An unhandled exception has occurred while executing the request. Microsoft.CSharp.RuntimeBinder.RuntimeBinderException: Cannot invoke a non-delegate type
   at CallSite.Target(Closure, CallSite, Object)
   at AspNetCoreGeneratedDocument.Pages_News_NewsDetail.ExecuteAsync() in C:\Users\Wanwi\OneDrive\Desktop\TechVerse\TechVerse.Cms\Pages\News\NewsDetail.cshtml:line 17
   at Microsoft.AspNetCore.Mvc.Razor.RazorView.RenderPageCoreAsync(IRazorPage page, ViewContext context)
   at Microsoft.AspNetCore.Mvc.Razor.RazorView.RenderPageAsync(IRazorPage page, ViewContext context, Boolean invokeViewStarts)
   at Microsoft.AspNetCore.Mvc.Razor.RazorView.RenderAsync(ViewContext context)
   at Microsoft.AspNetCore.Mvc.ViewFeatures.ViewExecutor.ExecuteAsync(ViewContext viewContext, String contentType, Nullable`1 statusCode)
   at Microsoft.AspNetCore.Mvc.ViewFeatures.ViewExecutor.ExecuteAsync(ViewContext viewContext, String contentType, Nullable`1 statusCode)
   at Microsoft.AspNetCore.Mvc.Infrastructure.ResourceInvoker.<InvokeNextResultFilterAsync>g__Awaited|30_0[TFilter,TFilterAsync](ResourceInvoker invoker, Task lastTask, State next, Scope scope, Object state, Boolean isCompleted)
   at Microsoft.AspNetCore.Mvc.Infrastructure.ResourceInvoker.Rethrow(ResultExecutedContextSealed context)
   at Microsoft.AspNetCore.Mvc.Infrastructure.ResourceInvoker.ResultNext[TFilter,TFilterAsync](State& next, Scope& scope, Object& state, Boolean& isCompleted)
   at Microsoft.AspNetCore.Mvc.Infrastructure.ResourceInvoker.<InvokeResultFilters>g__Awaited|28_0(ResourceInvoker invoker, Task lastTask, State next, Scope scope, Object state, Boolean isCompleted)
   at Microsoft.AspNetCore.Mvc.Infrastructure.ResourceInvoker.<InvokeNextResourceFilter>g__Awaited|25_0(ResourceInvoker invoker, Task lastTask, State next, Scope scope, Object state, Boolean isCompleted)
   at Microsoft.AspNetCore.Mvc.Infrastructure.ResourceInvoker.Rethrow(ResourceExecutedContextSealed context)
   at Microsoft.AspNetCore.Mvc.Infrastructure.ResourceInvoker.Next(State& next, Scope& scope, Object& state, Boolean& isCompleted)
   at Microsoft.AspNetCore.Mvc.Infrastructure.ResourceInvoker.<InvokeFilterPipelineAsync>g__Awaited|20_0(ResourceInvoker invoker, Task lastTask, State next, Scope scope, Object state, Boolean isCompleted)
   at Microsoft.AspNetCore.Mvc.Infrastructure.ResourceInvoker.<InvokeAsync>g__Awaited|17_0(ResourceInvoker invoker, Task task, IDisposable scope)
   at Microsoft.AspNetCore.Mvc.Infrastructure.ResourceInvoker.<InvokeAsync>g__Awaited|17_0(ResourceInvoker invoker, Task task, IDisposable scope)
   at SixLabors.ImageSharp.Web.Middleware.ImageSharpMiddleware.Invoke(HttpContext httpContext, Boolean retry)
   at Microsoft.AspNetCore.Authorization.AuthorizationMiddleware.Invoke(HttpContext context)
   at OrchardCore.Liquid.ScriptsMiddleware.Invoke(HttpContext httpContext)
   at Microsoft.AspNetCore.Authentication.AuthenticationMiddleware.Invoke(HttpContext context)
   at OrchardCore.Diagnostics.DiagnosticsStartupFilter.<>c__DisplayClass3_0.<<Configure>b__1>d.MoveNext()
--- End of stack trace from previous location ---
   at Microsoft.AspNetCore.Diagnostics.StatusCodePagesMiddleware.Invoke(HttpContext context)
   at OrchardCore.ContentPreview.PreviewStartupFilter.<>c.<<Configure>b__0_1>d.MoveNext()
--- End of stack trace from previous location ---
   at OrchardCore.Users.Services.ExternalAuthenticationsStartupFilter.<>c.<<Configure>b__0_1>d.MoveNext()
--- End of stack trace from previous location ---
   at OrchardCore.Modules.ModularTenantRouterMiddleware.Invoke(HttpContext httpContext)
   at OrchardCore.Modules.ModularTenantContainerMiddleware.<>c__DisplayClass4_0.<<Invoke>b__0>d.MoveNext()
--- End of stack trace from previous location ---
   at OrchardCore.Environment.Shell.Scope.ShellScope.UsingAsync(Func`2 execute, Boolean activateShell)
   at OrchardCore.Environment.Shell.Scope.ShellScope.UsingAsync(Func`2 execute, Boolean activateShell)
   at OrchardCore.Environment.Shell.Scope.ShellScope.UsingAsync(Func`2 execute, Boolean activateShell)
   at OrchardCore.Environment.Shell.Scope.ShellScope.UsingAsync(Func`2 execute, Boolean activateShell)
   at OrchardCore.Environment.Shell.Scope.ShellScope.UsingAsync(Func`2 execute, Boolean activateShell)
   at OrchardCore.Modules.ModularTenantContainerMiddleware.Invoke(HttpContext httpContext)
   at Microsoft.AspNetCore.Authentication.AuthenticationMiddleware.Invoke(HttpContext context)
   at Microsoft.AspNetCore.Diagnostics.DeveloperExceptionPageMiddlewareImpl.Invoke(HttpContext context)    at CallSite.Target(Closure, CallSite, Object)
   at AspNetCoreGeneratedDocument.Pages_News_NewsDetail.ExecuteAsync() in C:\Users\Wanwi\OneDrive\Desktop\TechVerse\TechVerse.Cms\Pages\News\NewsDetail.cshtml:line 17
   at Microsoft.AspNetCore.Mvc.Razor.RazorView.RenderPageCoreAsync(IRazorPage page, ViewContext context)
   at Microsoft.AspNetCore.Mvc.Razor.RazorView.RenderPageAsync(IRazorPage page, ViewContext context, Boolean invokeViewStarts)
   at Microsoft.AspNetCore.Mvc.Razor.RazorView.RenderAsync(ViewContext context)
   at Microsoft.AspNetCore.Mvc.ViewFeatures.ViewExecutor.ExecuteAsync(ViewContext viewContext, String contentType, Nullable`1 statusCode)
   at Microsoft.AspNetCore.Mvc.ViewFeatures.ViewExecutor.ExecuteAsync(ViewContext viewContext, String contentType, Nullable`1 statusCode)
   at Microsoft.AspNetCore.Mvc.Infrastructure.ResourceInvoker.<InvokeNextResultFilterAsync>g__Awaited|30_0[TFilter,TFilterAsync](ResourceInvoker invoker, Task lastTask, State next, Scope scope, Object state, Boolean isCompleted)
   at Microsoft.AspNetCore.Mvc.Infrastructure.ResourceInvoker.Rethrow(ResultExecutedContextSealed context)
   at Microsoft.AspNetCore.Mvc.Infrastructure.ResourceInvoker.ResultNext[TFilter,TFilterAsync](State& next, Scope& scope, Object& state, Boolean& isCompleted)
   at Microsoft.AspNetCore.Mvc.Infrastructure.ResourceInvoker.<InvokeResultFilters>g__Awaited|28_0(ResourceInvoker invoker, Task lastTask, State next, Scope scope, Object state, Boolean isCompleted)
   at Microsoft.AspNetCore.Mvc.Infrastructure.ResourceInvoker.<InvokeNextResourceFilter>g__Awaited|25_0(ResourceInvoker invoker, Task lastTask, State next, Scope scope, Object state, Boolean isCompleted)
   at Microsoft.AspNetCore.Mvc.Infrastructure.ResourceInvoker.Rethrow(ResourceExecutedContextSealed context)
   at Microsoft.AspNetCore.Mvc.Infrastructure.ResourceInvoker.Next(State& next, Scope& scope, Object& state, Boolean& isCompleted)
   at Microsoft.AspNetCore.Mvc.Infrastructure.ResourceInvoker.<InvokeFilterPipelineAsync>g__Awaited|20_0(ResourceInvoker invoker, Task lastTask, State next, Scope scope, Object state, Boolean isCompleted)
   at Microsoft.AspNetCore.Mvc.Infrastructure.ResourceInvoker.<InvokeAsync>g__Awaited|17_0(ResourceInvoker invoker, Task task, IDisposable scope)
   at Microsoft.AspNetCore.Mvc.Infrastructure.ResourceInvoker.<InvokeAsync>g__Awaited|17_0(ResourceInvoker invoker, Task task, IDisposable scope)
   at SixLabors.ImageSharp.Web.Middleware.ImageSharpMiddleware.Invoke(HttpContext httpContext, Boolean retry)
   at Microsoft.AspNetCore.Authorization.AuthorizationMiddleware.Invoke(HttpContext context)
   at OrchardCore.Liquid.ScriptsMiddleware.Invoke(HttpContext httpContext)
   at Microsoft.AspNetCore.Authentication.AuthenticationMiddleware.Invoke(HttpContext context)
   at OrchardCore.Diagnostics.DiagnosticsStartupFilter.<>c__DisplayClass3_0.<<Configure>b__1>d.MoveNext()
--- End of stack trace from previous location ---
   at Microsoft.AspNetCore.Diagnostics.StatusCodePagesMiddleware.Invoke(HttpContext context)
   at OrchardCore.ContentPreview.PreviewStartupFilter.<>c.<<Configure>b__0_1>d.MoveNext()
--- End of stack trace from previous location ---
   at OrchardCore.Users.Services.ExternalAuthenticationsStartupFilter.<>c.<<Configure>b__0_1>d.MoveNext()
--- End of stack trace from previous location ---
   at OrchardCore.Modules.ModularTenantRouterMiddleware.Invoke(HttpContext httpContext)
   at OrchardCore.Modules.ModularTenantContainerMiddleware.<>c__DisplayClass4_0.<<Invoke>b__0>d.MoveNext()
--- End of stack trace from previous location ---
   at OrchardCore.Environment.Shell.Scope.ShellScope.UsingAsync(Func`2 execute, Boolean activateShell)
   at OrchardCore.Environment.Shell.Scope.ShellScope.UsingAsync(Func`2 execute, Boolean activateShell)
   at OrchardCore.Environment.Shell.Scope.ShellScope.UsingAsync(Func`2 execute, Boolean activateShell)
   at OrchardCore.Environment.Shell.Scope.ShellScope.UsingAsync(Func`2 execute, Boolean activateShell)
   at OrchardCore.Environment.Shell.Scope.ShellScope.UsingAsync(Func`2 execute, Boolean activateShell)
   at OrchardCore.Modules.ModularTenantContainerMiddleware.Invoke(HttpContext httpContext)
   at Microsoft.AspNetCore.Authentication.AuthenticationMiddleware.Invoke(HttpContext context)
   at Microsoft.AspNetCore.Diagnostics.DeveloperExceptionPageMiddlewareImpl.Invoke(HttpContext context)
2026-01-07 11:37:17.4545|Default|00-d3f05a75f5e2b2c0a929a97306ade91c-a0bd1087944f8732-00|1|Microsoft.AspNetCore.Diagnostics.DeveloperExceptionPageMiddleware|ERROR|An unhandled exception has occurred while executing the request. Microsoft.CSharp.RuntimeBinder.RuntimeBinderException: Cannot invoke a non-delegate type
   at CallSite.Target(Closure, CallSite, Object)
   at AspNetCoreGeneratedDocument.Pages_News_NewsDetail.ExecuteAsync() in C:\Users\Wanwi\OneDrive\Desktop\TechVerse\TechVerse.Cms\Pages\News\NewsDetail.cshtml:line 17
   at Microsoft.AspNetCore.Mvc.Razor.RazorView.RenderPageCoreAsync(IRazorPage page, ViewContext context)
   at Microsoft.AspNetCore.Mvc.Razor.RazorView.RenderPageAsync(IRazorPage page, ViewContext context, Boolean invokeViewStarts)
   at Microsoft.AspNetCore.Mvc.Razor.RazorView.RenderAsync(ViewContext context)
   at Microsoft.AspNetCore.Mvc.ViewFeatures.ViewExecutor.ExecuteAsync(ViewContext viewContext, String contentType, Nullable`1 statusCode)
   at Microsoft.AspNetCore.Mvc.ViewFeatures.ViewExecutor.ExecuteAsync(ViewContext viewContext, String contentType, Nullable`1 statusCode)
   at Microsoft.AspNetCore.Mvc.Infrastructure.ResourceInvoker.<InvokeNextResultFilterAsync>g__Awaited|30_0[TFilter,TFilterAsync](ResourceInvoker invoker, Task lastTask, State next, Scope scope, Object state, Boolean isCompleted)
   at Microsoft.AspNetCore.Mvc.Infrastructure.ResourceInvoker.Rethrow(ResultExecutedContextSealed context)
   at Microsoft.AspNetCore.Mvc.Infrastructure.ResourceInvoker.ResultNext[TFilter,TFilterAsync](State& next, Scope& scope, Object& state, Boolean& isCompleted)
   at Microsoft.AspNetCore.Mvc.Infrastructure.ResourceInvoker.<InvokeResultFilters>g__Awaited|28_0(ResourceInvoker invoker, Task lastTask, State next, Scope scope, Object state, Boolean isCompleted)
   at Microsoft.AspNetCore.Mvc.Infrastructure.ResourceInvoker.<InvokeNextResourceFilter>g__Awaited|25_0(ResourceInvoker invoker, Task lastTask, State next, Scope scope, Object state, Boolean isCompleted)
   at Microsoft.AspNetCore.Mvc.Infrastructure.ResourceInvoker.Rethrow(ResourceExecutedContextSealed context)
   at Microsoft.AspNetCore.Mvc.Infrastructure.ResourceInvoker.Next(State& next, Scope& scope, Object& state, Boolean& isCompleted)
   at Microsoft.AspNetCore.Mvc.Infrastructure.ResourceInvoker.<InvokeFilterPipelineAsync>g__Awaited|20_0(ResourceInvoker invoker, Task lastTask, State next, Scope scope, Object state, Boolean isCompleted)
   at Microsoft.AspNetCore.Mvc.Infrastructure.ResourceInvoker.<InvokeAsync>g__Awaited|17_0(ResourceInvoker invoker, Task task, IDisposable scope)
   at Microsoft.AspNetCore.Mvc.Infrastructure.ResourceInvoker.<InvokeAsync>g__Awaited|17_0(ResourceInvoker invoker, Task task, IDisposable scope)
   at SixLabors.ImageSharp.Web.Middleware.ImageSharpMiddleware.Invoke(HttpContext httpContext, Boolean retry)
   at Microsoft.AspNetCore.Authorization.AuthorizationMiddleware.Invoke(HttpContext context)
   at OrchardCore.Liquid.ScriptsMiddleware.Invoke(HttpContext httpContext)
   at Microsoft.AspNetCore.Authentication.AuthenticationMiddleware.Invoke(HttpContext context)
   at OrchardCore.Diagnostics.DiagnosticsStartupFilter.<>c__DisplayClass3_0.<<Configure>b__1>d.MoveNext()
--- End of stack trace from previous location ---
   at Microsoft.AspNetCore.Diagnostics.StatusCodePagesMiddleware.Invoke(HttpContext context)
   at OrchardCore.ContentPreview.PreviewStartupFilter.<>c.<<Configure>b__0_1>d.MoveNext()
--- End of stack trace from previous location ---
   at OrchardCore.Users.Services.ExternalAuthenticationsStartupFilter.<>c.<<Configure>b__0_1>d.MoveNext()
--- End of stack trace from previous location ---
   at OrchardCore.Modules.ModularTenantRouterMiddleware.Invoke(HttpContext httpContext)
   at OrchardCore.Modules.ModularTenantContainerMiddleware.<>c__DisplayClass4_0.<<Invoke>b__0>d.MoveNext()
--- End of stack trace from previous location ---
   at OrchardCore.Environment.Shell.Scope.ShellScope.UsingAsync(Func`2 execute, Boolean activateShell)
   at OrchardCore.Environment.Shell.Scope.ShellScope.UsingAsync(Func`2 execute, Boolean activateShell)
   at OrchardCore.Environment.Shell.Scope.ShellScope.UsingAsync(Func`2 execute, Boolean activateShell)
   at OrchardCore.Environment.Shell.Scope.ShellScope.UsingAsync(Func`2 execute, Boolean activateShell)
   at OrchardCore.Environment.Shell.Scope.ShellScope.UsingAsync(Func`2 execute, Boolean activateShell)
   at OrchardCore.Modules.ModularTenantContainerMiddleware.Invoke(HttpContext httpContext)
   at Microsoft.AspNetCore.Authentication.AuthenticationMiddleware.Invoke(HttpContext context)
   at Microsoft.AspNetCore.Diagnostics.DeveloperExceptionPageMiddlewareImpl.Invoke(HttpContext context)    at CallSite.Target(Closure, CallSite, Object)
   at AspNetCoreGeneratedDocument.Pages_News_NewsDetail.ExecuteAsync() in C:\Users\Wanwi\OneDrive\Desktop\TechVerse\TechVerse.Cms\Pages\News\NewsDetail.cshtml:line 17
   at Microsoft.AspNetCore.Mvc.Razor.RazorView.RenderPageCoreAsync(IRazorPage page, ViewContext context)
   at Microsoft.AspNetCore.Mvc.Razor.RazorView.RenderPageAsync(IRazorPage page, ViewContext context, Boolean invokeViewStarts)
   at Microsoft.AspNetCore.Mvc.Razor.RazorView.RenderAsync(ViewContext context)
   at Microsoft.AspNetCore.Mvc.ViewFeatures.ViewExecutor.ExecuteAsync(ViewContext viewContext, String contentType, Nullable`1 statusCode)
   at Microsoft.AspNetCore.Mvc.ViewFeatures.ViewExecutor.ExecuteAsync(ViewContext viewContext, String contentType, Nullable`1 statusCode)
   at Microsoft.AspNetCore.Mvc.Infrastructure.ResourceInvoker.<InvokeNextResultFilterAsync>g__Awaited|30_0[TFilter,TFilterAsync](ResourceInvoker invoker, Task lastTask, State next, Scope scope, Object state, Boolean isCompleted)
   at Microsoft.AspNetCore.Mvc.Infrastructure.ResourceInvoker.Rethrow(ResultExecutedContextSealed context)
   at Microsoft.AspNetCore.Mvc.Infrastructure.ResourceInvoker.ResultNext[TFilter,TFilterAsync](State& next, Scope& scope, Object& state, Boolean& isCompleted)
   at Microsoft.AspNetCore.Mvc.Infrastructure.ResourceInvoker.<InvokeResultFilters>g__Awaited|28_0(ResourceInvoker invoker, Task lastTask, State next, Scope scope, Object state, Boolean isCompleted)
   at Microsoft.AspNetCore.Mvc.Infrastructure.ResourceInvoker.<InvokeNextResourceFilter>g__Awaited|25_0(ResourceInvoker invoker, Task lastTask, State next, Scope scope, Object state, Boolean isCompleted)
   at Microsoft.AspNetCore.Mvc.Infrastructure.ResourceInvoker.Rethrow(ResourceExecutedContextSealed context)
   at Microsoft.AspNetCore.Mvc.Infrastructure.ResourceInvoker.Next(State& next, Scope& scope, Object& state, Boolean& isCompleted)
   at Microsoft.AspNetCore.Mvc.Infrastructure.ResourceInvoker.<InvokeFilterPipelineAsync>g__Awaited|20_0(ResourceInvoker invoker, Task lastTask, State next, Scope scope, Object state, Boolean isCompleted)
   at Microsoft.AspNetCore.Mvc.Infrastructure.ResourceInvoker.<InvokeAsync>g__Awaited|17_0(ResourceInvoker invoker, Task task, IDisposable scope)
   at Microsoft.AspNetCore.Mvc.Infrastructure.ResourceInvoker.<InvokeAsync>g__Awaited|17_0(ResourceInvoker invoker, Task task, IDisposable scope)
   at SixLabors.ImageSharp.Web.Middleware.ImageSharpMiddleware.Invoke(HttpContext httpContext, Boolean retry)
   at Microsoft.AspNetCore.Authorization.AuthorizationMiddleware.Invoke(HttpContext context)
   at OrchardCore.Liquid.ScriptsMiddleware.Invoke(HttpContext httpContext)
   at Microsoft.AspNetCore.Authentication.AuthenticationMiddleware.Invoke(HttpContext context)
   at OrchardCore.Diagnostics.DiagnosticsStartupFilter.<>c__DisplayClass3_0.<<Configure>b__1>d.MoveNext()
--- End of stack trace from previous location ---
   at Microsoft.AspNetCore.Diagnostics.StatusCodePagesMiddleware.Invoke(HttpContext context)
   at OrchardCore.ContentPreview.PreviewStartupFilter.<>c.<<Configure>b__0_1>d.MoveNext()
--- End of stack trace from previous location ---
   at OrchardCore.Users.Services.ExternalAuthenticationsStartupFilter.<>c.<<Configure>b__0_1>d.MoveNext()
--- End of stack trace from previous location ---
   at OrchardCore.Modules.ModularTenantRouterMiddleware.Invoke(HttpContext httpContext)
   at OrchardCore.Modules.ModularTenantContainerMiddleware.<>c__DisplayClass4_0.<<Invoke>b__0>d.MoveNext()
--- End of stack trace from previous location ---
   at OrchardCore.Environment.Shell.Scope.ShellScope.UsingAsync(Func`2 execute, Boolean activateShell)
   at OrchardCore.Environment.Shell.Scope.ShellScope.UsingAsync(Func`2 execute, Boolean activateShell)
   at OrchardCore.Environment.Shell.Scope.ShellScope.UsingAsync(Func`2 execute, Boolean activateShell)
   at OrchardCore.Environment.Shell.Scope.ShellScope.UsingAsync(Func`2 execute, Boolean activateShell)
   at OrchardCore.Environment.Shell.Scope.ShellScope.UsingAsync(Func`2 execute, Boolean activateShell)
   at OrchardCore.Modules.ModularTenantContainerMiddleware.Invoke(HttpContext httpContext)
   at Microsoft.AspNetCore.Authentication.AuthenticationMiddleware.Invoke(HttpContext context)
   at Microsoft.AspNetCore.Diagnostics.DeveloperExceptionPageMiddlewareImpl.Invoke(HttpContext context)
2026-01-07 11:37:22.5042|Default|00-29f9a533d6a37e6f4edeccb2b9bb5f52-cc8e4901f070bad5-00|1|Microsoft.AspNetCore.Diagnostics.DeveloperExceptionPageMiddleware|ERROR|An unhandled exception has occurred while executing the request. NLog message: Exception in NLog.LayoutRenderers.ExceptionLayoutRenderer.AppendToString(): System.TypeLoadException. 
2026-01-07 11:37:22.6148|Default|00-29f9a533d6a37e6f4edeccb2b9bb5f52-cc8e4901f070bad5-00|2|Microsoft.AspNetCore.Server.IIS.Core.IISHttpServer|ERROR|Connection ID "18230571300991009420", Request ID "4000028d-0002-fd00-b63f-84710c7967bb": An unhandled exception was thrown by the application. System.AggregateException: An error occurred while writing to logger(s). (Could not resolve type 'AspNetCoreGeneratedDocument.Pages_News_NewsDetail' in assembly 'TechVerse.Cms, Version=1.0.0.0, Culture=neutral, PublicKeyToken=null'.) (Could not resolve type 'AspNetCoreGeneratedDocument.Pages_News_NewsDetail' in assembly 'TechVerse.Cms, Version=1.0.0.0, Culture=neutral, PublicKeyToken=null'.) (Could not resolve type 'AspNetCoreGeneratedDocument.Pages_News_NewsDetail' in assembly 'TechVerse.Cms, Version=1.0.0.0, Culture=neutral, PublicKeyToken=null'.)
 ---> System.TypeLoadException: Could not resolve type 'AspNetCoreGeneratedDocument.Pages_News_NewsDetail' in assembly 'TechVerse.Cms, Version=1.0.0.0, Culture=neutral, PublicKeyToken=null'.
   at System.Reflection.TypeNameParser.GetTypeFromDefaultAssemblies(String typeName, ReadOnlySpan`1 nestedTypeNames)
   at System.Reflection.TypeNameParser.GetType(String typeName, ReadOnlySpan`1 nestedTypeNames, String assemblyNameIfAny)
   at System.Reflection.TypeNameParser.NestedNamespaceTypeName.ResolveType(TypeNameParser& parser, String containingAssemblyIfAny)
   at System.Reflection.TypeNameParser.GetTypeHelper(Char* pTypeName, RuntimeAssembly requestingAssembly, Boolean throwOnError, Boolean requireAssemblyQualifiedName)
   at System.Reflection.CustomAttribute._CreateCaObject(RuntimeModule pModule, RuntimeType type, IRuntimeMethodInfo pCtor, Byte** ppBlob, Byte* pEndBlob, Int32* pcNamedArgs)
   at System.Reflection.CustomAttribute.AddCustomAttributes(ListBuilder`1& attributes, RuntimeModule decoratedModule, Int32 decoratedMetadataToken, RuntimeType attributeFilterType, Boolean mustBeInheritable, ListBuilder`1 derivedAttributes)
   at System.Reflection.CustomAttribute.GetCustomAttributes(RuntimeModule decoratedModule, Int32 decoratedMetadataToken, Int32 pcaCount, RuntimeType attributeFilterType)
   at System.Reflection.CustomAttribute.GetCustomAttributes(RuntimeMethodInfo method, RuntimeType caType, Boolean inherit)
   at System.Attribute.GetCustomAttributes(MemberInfo element, Type attributeType, Boolean inherit)
   at System.Diagnostics.StackTrace.TryResolveStateMachineMethod(MethodBase& method, Type& declaringType)
   at System.Diagnostics.StackTrace.ToString(TraceFormat traceFormat, StringBuilder sb)
   at System.Exception.get_StackTrace()
   at System.Exception.ToString()
   at Microsoft.Extensions.Logging.Console.SimpleConsoleFormatter.CreateDefaultLogMessage[TState](TextWriter textWriter, LogEntry`1& logEntry, String message, IExternalScopeProvider scopeProvider)
   at Microsoft.Extensions.Logging.Console.SimpleConsoleFormatter.Write[TState](LogEntry`1& logEntry, IExternalScopeProvider scopeProvider, TextWriter textWriter)
   at Microsoft.Extensions.Logging.Console.ConsoleLogger.Log[TState](LogLevel logLevel, EventId eventId, TState state, Exception exception, Func`3 formatter)
   at Microsoft.Extensions.Logging.Logger.<Log>g__LoggerLog|14_0[TState](LogLevel logLevel, EventId eventId, ILogger logger, Exception exception, Func`3 formatter, List`1& exceptions, TState& state)
   --- End of inner exception stack trace ---
 ---> (Inner Exception #1) System.TypeLoadException: Could not resolve type 'AspNetCoreGeneratedDocument.Pages_News_NewsDetail' in assembly 'TechVerse.Cms, Version=1.0.0.0, Culture=neutral, PublicKeyToken=null'.
   at System.Reflection.TypeNameParser.GetTypeFromDefaultAssemblies(String typeName, ReadOnlySpan`1 nestedTypeNames)
   at System.Reflection.TypeNameParser.GetType(String typeName, ReadOnlySpan`1 nestedTypeNames, String assemblyNameIfAny)
   at System.Reflection.TypeNameParser.NestedNamespaceTypeName.ResolveType(TypeNameParser& parser, String containingAssemblyIfAny)
   at System.Reflection.TypeNameParser.GetTypeHelper(Char* pTypeName, RuntimeAssembly requestingAssembly, Boolean throwOnError, Boolean requireAssemblyQualifiedName)
   at System.Reflection.CustomAttribute._CreateCaObject(RuntimeModule pModule, RuntimeType type, IRuntimeMethodInfo pCtor, Byte** ppBlob, Byte* pEndBlob, Int32* pcNamedArgs)
   at System.Reflection.CustomAttribute.AddCustomAttributes(ListBuilder`1& attributes, RuntimeModule decoratedModule, Int32 decoratedMetadataToken, RuntimeType attributeFilterType, Boolean mustBeInheritable, ListBuilder`1 derivedAttributes)
   at System.Reflection.CustomAttribute.GetCustomAttributes(RuntimeModule decoratedModule, Int32 decoratedMetadataToken, Int32 pcaCount, RuntimeType attributeFilterType)
   at System.Reflection.CustomAttribute.GetCustomAttributes(RuntimeMethodInfo method, RuntimeType caType, Boolean inherit)
   at System.Attribute.GetCustomAttributes(MemberInfo element, Type attributeType, Boolean inherit)
   at System.Diagnostics.StackTrace.TryResolveStateMachineMethod(MethodBase& method, Type& declaringType)
   at System.Diagnostics.StackTrace.ToString(TraceFormat traceFormat, StringBuilder sb)
   at System.Exception.get_StackTrace()
   at System.Exception.ToString()
   at Microsoft.Extensions.Logging.Debug.DebugLogger.Log[TState](LogLevel logLevel, EventId eventId, TState state, Exception exception, Func`3 formatter)
   at Microsoft.Extensions.Logging.Logger.<Log>g__LoggerLog|14_0[TState](LogLevel logLevel, EventId eventId, ILogger logger, Exception exception, Func`3 formatter, List`1& exceptions, TState& state)<---

 ---> (Inner Exception #2) System.TypeLoadException: Could not resolve type 'AspNetCoreGeneratedDocument.Pages_News_NewsDetail' in assembly 'TechVerse.Cms, Version=1.0.0.0, Culture=neutral, PublicKeyToken=null'.
   at System.Reflection.TypeNameParser.GetTypeFromDefaultAssemblies(String typeName, ReadOnlySpan`1 nestedTypeNames)
   at System.Reflection.TypeNameParser.GetType(String typeName, ReadOnlySpan`1 nestedTypeNames, String assemblyNameIfAny)
   at System.Reflection.TypeNameParser.NestedNamespaceTypeName.ResolveType(TypeNameParser& parser, String containingAssemblyIfAny)
   at System.Reflection.TypeNameParser.GetTypeHelper(Char* pTypeName, RuntimeAssembly requestingAssembly, Boolean throwOnError, Boolean requireAssemblyQualifiedName)
   at System.Reflection.CustomAttribute._CreateCaObject(RuntimeModule pModule, RuntimeType type, IRuntimeMethodInfo pCtor, Byte** ppBlob, Byte* pEndBlob, Int32* pcNamedArgs)
   at System.Reflection.CustomAttribute.AddCustomAttributes(ListBuilder`1& attributes, RuntimeModule decoratedModule, Int32 decoratedMetadataToken, RuntimeType attributeFilterType, Boolean mustBeInheritable, ListBuilder`1 derivedAttributes)
   at System.Reflection.CustomAttribute.GetCustomAttributes(RuntimeModule decoratedModule, Int32 decoratedMetadataToken, Int32 pcaCount, RuntimeType attributeFilterType)
   at System.Reflection.CustomAttribute.GetCustomAttributes(RuntimeMethodInfo method, RuntimeType caType, Boolean inherit)
   at System.Attribute.GetCustomAttributes(MemberInfo element, Type attributeType, Boolean inherit)
   at System.Diagnostics.StackTrace.TryResolveStateMachineMethod(MethodBase& method, Type& declaringType)
   at System.Diagnostics.StackTrace.ToString(TraceFormat traceFormat, StringBuilder sb)
   at System.Exception.get_StackTrace()
   at System.Exception.ToString()
   at System.Text.StringBuilder.Append(Object value)
   at Microsoft.Extensions.Logging.EventLog.EventLogLogger.Log[TState](LogLevel logLevel, EventId eventId, TState state, Exception exception, Func`3 formatter)
   at Microsoft.Extensions.Logging.Logger.<Log>g__LoggerLog|14_0[TState](LogLevel logLevel, EventId eventId, ILogger logger, Exception exception, Func`3 formatter, List`1& exceptions, TState& state)<---

2026-01-07 11:37:33.9853|Default|00-8e6e6397631c51a23dd2b63480efca46-653dede870dd0bc2-00|1|Microsoft.AspNetCore.Diagnostics.DeveloperExceptionPageMiddleware|ERROR|An unhandled exception has occurred while executing the request. NLog message: Exception in NLog.LayoutRenderers.ExceptionLayoutRenderer.AppendToString(): System.TypeLoadException. 
2026-01-07 11:37:34.0650|Default|00-8e6e6397631c51a23dd2b63480efca46-653dede870dd0bc2-00|2|Microsoft.AspNetCore.Server.IIS.Core.IISHttpServer|ERROR|Connection ID "18302628907913839046", Request ID "400001c7-0005-fe00-b63f-84710c7967bb": An unhandled exception was thrown by the application. System.AggregateException: An error occurred while writing to logger(s). (Could not resolve type 'AspNetCoreGeneratedDocument.Pages_News_NewsDetail' in assembly 'TechVerse.Cms, Version=1.0.0.0, Culture=neutral, PublicKeyToken=null'.) (Could not resolve type 'AspNetCoreGeneratedDocument.Pages_News_NewsDetail' in assembly 'TechVerse.Cms, Version=1.0.0.0, Culture=neutral, PublicKeyToken=null'.) (Could not resolve type 'AspNetCoreGeneratedDocument.Pages_News_NewsDetail' in assembly 'TechVerse.Cms, Version=1.0.0.0, Culture=neutral, PublicKeyToken=null'.)
 ---> System.TypeLoadException: Could not resolve type 'AspNetCoreGeneratedDocument.Pages_News_NewsDetail' in assembly 'TechVerse.Cms, Version=1.0.0.0, Culture=neutral, PublicKeyToken=null'.
   at System.Reflection.TypeNameParser.GetTypeFromDefaultAssemblies(String typeName, ReadOnlySpan`1 nestedTypeNames)
   at System.Reflection.TypeNameParser.GetType(String typeName, ReadOnlySpan`1 nestedTypeNames, String assemblyNameIfAny)
   at System.Reflection.TypeNameParser.NestedNamespaceTypeName.ResolveType(TypeNameParser& parser, String containingAssemblyIfAny)
   at System.Reflection.TypeNameParser.GetTypeHelper(Char* pTypeName, RuntimeAssembly requestingAssembly, Boolean throwOnError, Boolean requireAssemblyQualifiedName)
   at System.Reflection.CustomAttribute._CreateCaObject(RuntimeModule pModule, RuntimeType type, IRuntimeMethodInfo pCtor, Byte** ppBlob, Byte* pEndBlob, Int32* pcNamedArgs)
   at System.Reflection.CustomAttribute.AddCustomAttributes(ListBuilder`1& attributes, RuntimeModule decoratedModule, Int32 decoratedMetadataToken, RuntimeType attributeFilterType, Boolean mustBeInheritable, ListBuilder`1 derivedAttributes)
   at System.Reflection.CustomAttribute.GetCustomAttributes(RuntimeModule decoratedModule, Int32 decoratedMetadataToken, Int32 pcaCount, RuntimeType attributeFilterType)
   at System.Reflection.CustomAttribute.GetCustomAttributes(RuntimeMethodInfo method, RuntimeType caType, Boolean inherit)
   at System.Attribute.GetCustomAttributes(MemberInfo element, Type attributeType, Boolean inherit)
   at System.Diagnostics.StackTrace.TryResolveStateMachineMethod(MethodBase& method, Type& declaringType)
   at System.Diagnostics.StackTrace.ToString(TraceFormat traceFormat, StringBuilder sb)
   at System.Exception.get_StackTrace()
   at System.Exception.ToString()
   at Microsoft.Extensions.Logging.Console.SimpleConsoleFormatter.CreateDefaultLogMessage[TState](TextWriter textWriter, LogEntry`1& logEntry, String message, IExternalScopeProvider scopeProvider)
   at Microsoft.Extensions.Logging.Console.SimpleConsoleFormatter.Write[TState](LogEntry`1& logEntry, IExternalScopeProvider scopeProvider, TextWriter textWriter)
   at Microsoft.Extensions.Logging.Console.ConsoleLogger.Log[TState](LogLevel logLevel, EventId eventId, TState state, Exception exception, Func`3 formatter)
   at Microsoft.Extensions.Logging.Logger.<Log>g__LoggerLog|14_0[TState](LogLevel logLevel, EventId eventId, ILogger logger, Exception exception, Func`3 formatter, List`1& exceptions, TState& state)
   --- End of inner exception stack trace ---
 ---> (Inner Exception #1) System.TypeLoadException: Could not resolve type 'AspNetCoreGeneratedDocument.Pages_News_NewsDetail' in assembly 'TechVerse.Cms, Version=1.0.0.0, Culture=neutral, PublicKeyToken=null'.
   at System.Reflection.TypeNameParser.GetTypeFromDefaultAssemblies(String typeName, ReadOnlySpan`1 nestedTypeNames)
   at System.Reflection.TypeNameParser.GetType(String typeName, ReadOnlySpan`1 nestedTypeNames, String assemblyNameIfAny)
   at System.Reflection.TypeNameParser.NestedNamespaceTypeName.ResolveType(TypeNameParser& parser, String containingAssemblyIfAny)
   at System.Reflection.TypeNameParser.GetTypeHelper(Char* pTypeName, RuntimeAssembly requestingAssembly, Boolean throwOnError, Boolean requireAssemblyQualifiedName)
   at System.Reflection.CustomAttribute._CreateCaObject(RuntimeModule pModule, RuntimeType type, IRuntimeMethodInfo pCtor, Byte** ppBlob, Byte* pEndBlob, Int32* pcNamedArgs)
   at System.Reflection.CustomAttribute.AddCustomAttributes(ListBuilder`1& attributes, RuntimeModule decoratedModule, Int32 decoratedMetadataToken, RuntimeType attributeFilterType, Boolean mustBeInheritable, ListBuilder`1 derivedAttributes)
   at System.Reflection.CustomAttribute.GetCustomAttributes(RuntimeModule decoratedModule, Int32 decoratedMetadataToken, Int32 pcaCount, RuntimeType attributeFilterType)
   at System.Reflection.CustomAttribute.GetCustomAttributes(RuntimeMethodInfo method, RuntimeType caType, Boolean inherit)
   at System.Attribute.GetCustomAttributes(MemberInfo element, Type attributeType, Boolean inherit)
   at System.Diagnostics.StackTrace.TryResolveStateMachineMethod(MethodBase& method, Type& declaringType)
   at System.Diagnostics.StackTrace.ToString(TraceFormat traceFormat, StringBuilder sb)
   at System.Exception.get_StackTrace()
   at System.Exception.ToString()
   at Microsoft.Extensions.Logging.Debug.DebugLogger.Log[TState](LogLevel logLevel, EventId eventId, TState state, Exception exception, Func`3 formatter)
   at Microsoft.Extensions.Logging.Logger.<Log>g__LoggerLog|14_0[TState](LogLevel logLevel, EventId eventId, ILogger logger, Exception exception, Func`3 formatter, List`1& exceptions, TState& state)<---

 ---> (Inner Exception #2) System.TypeLoadException: Could not resolve type 'AspNetCoreGeneratedDocument.Pages_News_NewsDetail' in assembly 'TechVerse.Cms, Version=1.0.0.0, Culture=neutral, PublicKeyToken=null'.
   at System.Reflection.TypeNameParser.GetTypeFromDefaultAssemblies(String typeName, ReadOnlySpan`1 nestedTypeNames)
   at System.Reflection.TypeNameParser.GetType(String typeName, ReadOnlySpan`1 nestedTypeNames, String assemblyNameIfAny)
   at System.Reflection.TypeNameParser.NestedNamespaceTypeName.ResolveType(TypeNameParser& parser, String containingAssemblyIfAny)
   at System.Reflection.TypeNameParser.GetTypeHelper(Char* pTypeName, RuntimeAssembly requestingAssembly, Boolean throwOnError, Boolean requireAssemblyQualifiedName)
   at System.Reflection.CustomAttribute._CreateCaObject(RuntimeModule pModule, RuntimeType type, IRuntimeMethodInfo pCtor, Byte** ppBlob, Byte* pEndBlob, Int32* pcNamedArgs)
   at System.Reflection.CustomAttribute.AddCustomAttributes(ListBuilder`1& attributes, RuntimeModule decoratedModule, Int32 decoratedMetadataToken, RuntimeType attributeFilterType, Boolean mustBeInheritable, ListBuilder`1 derivedAttributes)
   at System.Reflection.CustomAttribute.GetCustomAttributes(RuntimeModule decoratedModule, Int32 decoratedMetadataToken, Int32 pcaCount, RuntimeType attributeFilterType)
   at System.Reflection.CustomAttribute.GetCustomAttributes(RuntimeMethodInfo method, RuntimeType caType, Boolean inherit)
   at System.Attribute.GetCustomAttributes(MemberInfo element, Type attributeType, Boolean inherit)
   at System.Diagnostics.StackTrace.TryResolveStateMachineMethod(MethodBase& method, Type& declaringType)
   at System.Diagnostics.StackTrace.ToString(TraceFormat traceFormat, StringBuilder sb)
   at System.Exception.get_StackTrace()
   at System.Exception.ToString()
   at System.Text.StringBuilder.Append(Object value)
   at Microsoft.Extensions.Logging.EventLog.EventLogLogger.Log[TState](LogLevel logLevel, EventId eventId, TState state, Exception exception, Func`3 formatter)
   at Microsoft.Extensions.Logging.Logger.<Log>g__LoggerLog|14_0[TState](LogLevel logLevel, EventId eventId, ILogger logger, Exception exception, Func`3 formatter, List`1& exceptions, TState& state)<---

2026-01-07 11:37:54.7493||||Microsoft.Hosting.Lifetime|INFO|Application started. Press Ctrl+C to shut down. 
2026-01-07 11:37:54.8053||||Microsoft.Hosting.Lifetime|INFO|Hosting environment: Development 
2026-01-07 11:37:54.8053||||Microsoft.Hosting.Lifetime|INFO|Content root path: C:\Users\Wanwi\OneDrive\Desktop\TechVerse\TechVerse.Cms 
2026-01-07 11:39:09.5487|Default|00-f168c920e2aacb30ea212c6cbb1c0f52-aa63f7839ac841ee-00|1|Microsoft.AspNetCore.Diagnostics.DeveloperExceptionPageMiddleware|ERROR|An unhandled exception has occurred while executing the request. System.MissingMethodException: Method 'System.Text.Json.Nodes.JsonArray.FirstOrDefault' not found.
   at System.RuntimeType.InvokeMember(String name, BindingFlags bindingFlags, Binder binder, Object target, Object[] providedArgs, ParameterModifier[] modifiers, CultureInfo culture, String[] namedParams)
   at System.Type.InvokeMember(String name, BindingFlags invokeAttr, Binder binder, Object target, Object[] args)
   at System.Text.Json.Dynamic.JsonDynamicArray.TryInvokeMember(InvokeMemberBinder binder, Object[] args, Object& result)
   at CallSite.Target(Closure, CallSite, Object)
   at System.Dynamic.UpdateDelegates.UpdateAndExecute1[T0,TRet](CallSite site, T0 arg0)
   at AspNetCoreGeneratedDocument.Pages_News_NewsDetail.ExecuteAsync() in C:\Users\Wanwi\OneDrive\Desktop\TechVerse\TechVerse.Cms\Pages\News\NewsDetail.cshtml:line 17
   at Microsoft.AspNetCore.Mvc.Razor.RazorView.RenderPageCoreAsync(IRazorPage page, ViewContext context)
   at Microsoft.AspNetCore.Mvc.Razor.RazorView.RenderPageAsync(IRazorPage page, ViewContext context, Boolean invokeViewStarts)
   at Microsoft.AspNetCore.Mvc.Razor.RazorView.RenderAsync(ViewContext context)
   at Microsoft.AspNetCore.Mvc.ViewFeatures.ViewExecutor.ExecuteAsync(ViewContext viewContext, String contentType, Nullable`1 statusCode)
   at Microsoft.AspNetCore.Mvc.ViewFeatures.ViewExecutor.ExecuteAsync(ViewContext viewContext, String contentType, Nullable`1 statusCode)
   at Microsoft.AspNetCore.Mvc.Infrastructure.ResourceInvoker.<InvokeNextResultFilterAsync>g__Awaited|30_0[TFilter,TFilterAsync](ResourceInvoker invoker, Task lastTask, State next, Scope scope, Object state, Boolean isCompleted)
   at Microsoft.AspNetCore.Mvc.Infrastructure.ResourceInvoker.Rethrow(ResultExecutedContextSealed context)
   at Microsoft.AspNetCore.Mvc.Infrastructure.ResourceInvoker.ResultNext[TFilter,TFilterAsync](State& next, Scope& scope, Object& state, Boolean& isCompleted)
   at Microsoft.AspNetCore.Mvc.Infrastructure.ResourceInvoker.<InvokeResultFilters>g__Awaited|28_0(ResourceInvoker invoker, Task lastTask, State next, Scope scope, Object state, Boolean isCompleted)
   at Microsoft.AspNetCore.Mvc.Infrastructure.ResourceInvoker.<InvokeNextResourceFilter>g__Awaited|25_0(ResourceInvoker invoker, Task lastTask, State next, Scope scope, Object state, Boolean isCompleted)
   at Microsoft.AspNetCore.Mvc.Infrastructure.ResourceInvoker.Rethrow(ResourceExecutedContextSealed context)
   at Microsoft.AspNetCore.Mvc.Infrastructure.ResourceInvoker.Next(State& next, Scope& scope, Object& state, Boolean& isCompleted)
   at Microsoft.AspNetCore.Mvc.Infrastructure.ResourceInvoker.<InvokeFilterPipelineAsync>g__Awaited|20_0(ResourceInvoker invoker, Task lastTask, State next, Scope scope, Object state, Boolean isCompleted)
   at Microsoft.AspNetCore.Mvc.Infrastructure.ResourceInvoker.<InvokeAsync>g__Awaited|17_0(ResourceInvoker invoker, Task task, IDisposable scope)
   at Microsoft.AspNetCore.Mvc.Infrastructure.ResourceInvoker.<InvokeAsync>g__Awaited|17_0(ResourceInvoker invoker, Task task, IDisposable scope)
   at SixLabors.ImageSharp.Web.Middleware.ImageSharpMiddleware.Invoke(HttpContext httpContext, Boolean retry)
   at Microsoft.AspNetCore.Authorization.AuthorizationMiddleware.Invoke(HttpContext context)
   at OrchardCore.Liquid.ScriptsMiddleware.Invoke(HttpContext httpContext)
   at Microsoft.AspNetCore.Authentication.AuthenticationMiddleware.Invoke(HttpContext context)
   at OrchardCore.Diagnostics.DiagnosticsStartupFilter.<>c__DisplayClass3_0.<<Configure>b__1>d.MoveNext()
--- End of stack trace from previous location ---
   at Microsoft.AspNetCore.Diagnostics.StatusCodePagesMiddleware.Invoke(HttpContext context)
   at OrchardCore.ContentPreview.PreviewStartupFilter.<>c.<<Configure>b__0_1>d.MoveNext()
--- End of stack trace from previous location ---
   at OrchardCore.Users.Services.ExternalAuthenticationsStartupFilter.<>c.<<Configure>b__0_1>d.MoveNext()
--- End of stack trace from previous location ---
   at OrchardCore.Modules.ModularTenantRouterMiddleware.Invoke(HttpContext httpContext)
   at OrchardCore.Modules.ModularTenantContainerMiddleware.<>c__DisplayClass4_0.<<Invoke>b__0>d.MoveNext()
--- End of stack trace from previous location ---
   at OrchardCore.Environment.Shell.Scope.ShellScope.UsingAsync(Func`2 execute, Boolean activateShell)
   at OrchardCore.Environment.Shell.Scope.ShellScope.UsingAsync(Func`2 execute, Boolean activateShell)
   at OrchardCore.Environment.Shell.Scope.ShellScope.UsingAsync(Func`2 execute, Boolean activateShell)
   at OrchardCore.Environment.Shell.Scope.ShellScope.UsingAsync(Func`2 execute, Boolean activateShell)
   at OrchardCore.Environment.Shell.Scope.ShellScope.UsingAsync(Func`2 execute, Boolean activateShell)
   at OrchardCore.Modules.ModularTenantContainerMiddleware.Invoke(HttpContext httpContext)
   at Microsoft.AspNetCore.Authentication.AuthenticationMiddleware.Invoke(HttpContext context)
   at Microsoft.AspNetCore.Diagnostics.DeveloperExceptionPageMiddlewareImpl.Invoke(HttpContext context)    at System.RuntimeType.InvokeMember(String name, BindingFlags bindingFlags, Binder binder, Object target, Object[] providedArgs, ParameterModifier[] modifiers, CultureInfo culture, String[] namedParams)
   at System.Type.InvokeMember(String name, BindingFlags invokeAttr, Binder binder, Object target, Object[] args)
   at System.Text.Json.Dynamic.JsonDynamicArray.TryInvokeMember(InvokeMemberBinder binder, Object[] args, Object& result)
   at CallSite.Target(Closure, CallSite, Object)
   at System.Dynamic.UpdateDelegates.UpdateAndExecute1[T0,TRet](CallSite site, T0 arg0)
   at AspNetCoreGeneratedDocument.Pages_News_NewsDetail.ExecuteAsync() in C:\Users\Wanwi\OneDrive\Desktop\TechVerse\TechVerse.Cms\Pages\News\NewsDetail.cshtml:line 17
   at Microsoft.AspNetCore.Mvc.Razor.RazorView.RenderPageCoreAsync(IRazorPage page, ViewContext context)
   at Microsoft.AspNetCore.Mvc.Razor.RazorView.RenderPageAsync(IRazorPage page, ViewContext context, Boolean invokeViewStarts)
   at Microsoft.AspNetCore.Mvc.Razor.RazorView.RenderAsync(ViewContext context)
   at Microsoft.AspNetCore.Mvc.ViewFeatures.ViewExecutor.ExecuteAsync(ViewContext viewContext, String contentType, Nullable`1 statusCode)
   at Microsoft.AspNetCore.Mvc.ViewFeatures.ViewExecutor.ExecuteAsync(ViewContext viewContext, String contentType, Nullable`1 statusCode)
   at Microsoft.AspNetCore.Mvc.Infrastructure.ResourceInvoker.<InvokeNextResultFilterAsync>g__Awaited|30_0[TFilter,TFilterAsync](ResourceInvoker invoker, Task lastTask, State next, Scope scope, Object state, Boolean isCompleted)
   at Microsoft.AspNetCore.Mvc.Infrastructure.ResourceInvoker.Rethrow(ResultExecutedContextSealed context)
   at Microsoft.AspNetCore.Mvc.Infrastructure.ResourceInvoker.ResultNext[TFilter,TFilterAsync](State& next, Scope& scope, Object& state, Boolean& isCompleted)
   at Microsoft.AspNetCore.Mvc.Infrastructure.ResourceInvoker.<InvokeResultFilters>g__Awaited|28_0(ResourceInvoker invoker, Task lastTask, State next, Scope scope, Object state, Boolean isCompleted)
   at Microsoft.AspNetCore.Mvc.Infrastructure.ResourceInvoker.<InvokeNextResourceFilter>g__Awaited|25_0(ResourceInvoker invoker, Task lastTask, State next, Scope scope, Object state, Boolean isCompleted)
   at Microsoft.AspNetCore.Mvc.Infrastructure.ResourceInvoker.Rethrow(ResourceExecutedContextSealed context)
   at Microsoft.AspNetCore.Mvc.Infrastructure.ResourceInvoker.Next(State& next, Scope& scope, Object& state, Boolean& isCompleted)
   at Microsoft.AspNetCore.Mvc.Infrastructure.ResourceInvoker.<InvokeFilterPipelineAsync>g__Awaited|20_0(ResourceInvoker invoker, Task lastTask, State next, Scope scope, Object state, Boolean isCompleted)
   at Microsoft.AspNetCore.Mvc.Infrastructure.ResourceInvoker.<InvokeAsync>g__Awaited|17_0(ResourceInvoker invoker, Task task, IDisposable scope)
   at Microsoft.AspNetCore.Mvc.Infrastructure.ResourceInvoker.<InvokeAsync>g__Awaited|17_0(ResourceInvoker invoker, Task task, IDisposable scope)
   at SixLabors.ImageSharp.Web.Middleware.ImageSharpMiddleware.Invoke(HttpContext httpContext, Boolean retry)
   at Microsoft.AspNetCore.Authorization.AuthorizationMiddleware.Invoke(HttpContext context)
   at OrchardCore.Liquid.ScriptsMiddleware.Invoke(HttpContext httpContext)
   at Microsoft.AspNetCore.Authentication.AuthenticationMiddleware.Invoke(HttpContext context)
   at OrchardCore.Diagnostics.DiagnosticsStartupFilter.<>c__DisplayClass3_0.<<Configure>b__1>d.MoveNext()
--- End of stack trace from previous location ---
   at Microsoft.AspNetCore.Diagnostics.StatusCodePagesMiddleware.Invoke(HttpContext context)
   at OrchardCore.ContentPreview.PreviewStartupFilter.<>c.<<Configure>b__0_1>d.MoveNext()
--- End of stack trace from previous location ---
   at OrchardCore.Users.Services.ExternalAuthenticationsStartupFilter.<>c.<<Configure>b__0_1>d.MoveNext()
--- End of stack trace from previous location ---
   at OrchardCore.Modules.ModularTenantRouterMiddleware.Invoke(HttpContext httpContext)
   at OrchardCore.Modules.ModularTenantContainerMiddleware.<>c__DisplayClass4_0.<<Invoke>b__0>d.MoveNext()
--- End of stack trace from previous location ---
   at OrchardCore.Environment.Shell.Scope.ShellScope.UsingAsync(Func`2 execute, Boolean activateShell)
   at OrchardCore.Environment.Shell.Scope.ShellScope.UsingAsync(Func`2 execute, Boolean activateShell)
   at OrchardCore.Environment.Shell.Scope.ShellScope.UsingAsync(Func`2 execute, Boolean activateShell)
   at OrchardCore.Environment.Shell.Scope.ShellScope.UsingAsync(Func`2 execute, Boolean activateShell)
   at OrchardCore.Environment.Shell.Scope.ShellScope.UsingAsync(Func`2 execute, Boolean activateShell)
   at OrchardCore.Modules.ModularTenantContainerMiddleware.Invoke(HttpContext httpContext)
   at Microsoft.AspNetCore.Authentication.AuthenticationMiddleware.Invoke(HttpContext context)
   at Microsoft.AspNetCore.Diagnostics.DeveloperExceptionPageMiddlewareImpl.Invoke(HttpContext context)
2026-01-07 11:51:35.2235||||Microsoft.Hosting.Lifetime|INFO|Application started. Press Ctrl+C to shut down. 
2026-01-07 11:51:35.2820||||Microsoft.Hosting.Lifetime|INFO|Hosting environment: Development 
2026-01-07 11:51:35.3060||||Microsoft.Hosting.Lifetime|INFO|Content root path: C:\Users\Wanwi\OneDrive\Desktop\TechVerse\TechVerse.Cms 
2026-01-07 12:00:31.8458||||Microsoft.Hosting.Lifetime|INFO|Application started. Press Ctrl+C to shut down. 
2026-01-07 12:00:31.9009||||Microsoft.Hosting.Lifetime|INFO|Hosting environment: Development 
2026-01-07 12:00:31.9009||||Microsoft.Hosting.Lifetime|INFO|Content root path: C:\Users\Wanwi\OneDrive\Desktop\TechVerse\TechVerse.Cms 
2026-01-07 14:52:47.4348||||Microsoft.Hosting.Lifetime|INFO|Application started. Press Ctrl+C to shut down. 
2026-01-07 14:52:47.4746||||Microsoft.Hosting.Lifetime|INFO|Hosting environment: Development 
2026-01-07 14:52:47.4746||||Microsoft.Hosting.Lifetime|INFO|Content root path: C:\Users\Wanwi\OneDrive\Desktop\TechVerse\TechVerse.Cms 
2026-01-07 15:06:01.2997||||Microsoft.Hosting.Lifetime|INFO|Application started. Press Ctrl+C to shut down. 
2026-01-07 15:06:01.3614||||Microsoft.Hosting.Lifetime|INFO|Hosting environment: Development 
2026-01-07 15:06:01.3730||||Microsoft.Hosting.Lifetime|INFO|Content root path: C:\Users\Wanwi\OneDrive\Desktop\TechVerse\TechVerse.Cms 
2026-01-07 15:14:45.1292|Default|00-38e74c9e431b2fb6a0c627bac0eecc5a-be42c37e4a3c47fc-00|1|Microsoft.AspNetCore.Diagnostics.DeveloperExceptionPageMiddleware|ERROR|An unhandled exception has occurred while executing the request. System.ArgumentNullException: Value cannot be null. (Parameter 'name')
   at System.ArgumentNullException.Throw(String paramName)
   at System.ArgumentNullException.ThrowIfNull(Object argument, String paramName)
   at System.ArgumentException.ThrowNullOrEmptyException(String argument, String paramName)
   at System.ArgumentException.ThrowIfNullOrEmpty(String argument, String paramName)
   at OrchardCore.Queries.Core.Services.DefaultQueryManager.GetQueryAsync(String name)
   at OrchardCore.Queries.Controllers.QueryApiController.Query(String name, String parameters)
   at Microsoft.AspNetCore.Mvc.Infrastructure.ActionMethodExecutor.TaskOfIActionResultExecutor.Execute(ActionContext actionContext, IActionResultTypeMapper mapper, ObjectMethodExecutor executor, Object controller, Object[] arguments)
   at Microsoft.AspNetCore.Mvc.Infrastructure.ControllerActionInvoker.<InvokeActionMethodAsync>g__Awaited|12_0(ControllerActionInvoker invoker, ValueTask`1 actionResultValueTask)
   at Microsoft.AspNetCore.Mvc.Infrastructure.ControllerActionInvoker.<InvokeNextActionFilterAsync>g__Awaited|10_0(ControllerActionInvoker invoker, Task lastTask, State next, Scope scope, Object state, Boolean isCompleted)
   at Microsoft.AspNetCore.Mvc.Infrastructure.ControllerActionInvoker.Rethrow(ActionExecutedContextSealed context)
   at Microsoft.AspNetCore.Mvc.Infrastructure.ControllerActionInvoker.Next(State& next, Scope& scope, Object& state, Boolean& isCompleted)
   at Microsoft.AspNetCore.Mvc.Infrastructure.ControllerActionInvoker.InvokeInnerFilterAsync()
--- End of stack trace from previous location ---
   at Microsoft.AspNetCore.Mvc.Infrastructure.ResourceInvoker.<InvokeNextResourceFilter>g__Awaited|25_0(ResourceInvoker invoker, Task lastTask, State next, Scope scope, Object state, Boolean isCompleted)
   at Microsoft.AspNetCore.Mvc.Infrastructure.ResourceInvoker.Rethrow(ResourceExecutedContextSealed context)
   at Microsoft.AspNetCore.Mvc.Infrastructure.ResourceInvoker.Next(State& next, Scope& scope, Object& state, Boolean& isCompleted)
   at Microsoft.AspNetCore.Mvc.Infrastructure.ResourceInvoker.InvokeFilterPipelineAsync()
--- End of stack trace from previous location ---
   at Microsoft.AspNetCore.Mvc.Infrastructure.ResourceInvoker.<InvokeAsync>g__Awaited|17_0(ResourceInvoker invoker, Task task, IDisposable scope)
   at Microsoft.AspNetCore.Mvc.Infrastructure.ResourceInvoker.<InvokeAsync>g__Awaited|17_0(ResourceInvoker invoker, Task task, IDisposable scope)
   at Swashbuckle.AspNetCore.SwaggerUI.SwaggerUIMiddleware.Invoke(HttpContext httpContext)
   at Swashbuckle.AspNetCore.Swagger.SwaggerMiddleware.Invoke(HttpContext httpContext, ISwaggerProvider swaggerProvider)
   at SixLabors.ImageSharp.Web.Middleware.ImageSharpMiddleware.Invoke(HttpContext httpContext, Boolean retry)
   at Microsoft.AspNetCore.Authorization.AuthorizationMiddleware.Invoke(HttpContext context)
   at OrchardCore.Liquid.ScriptsMiddleware.Invoke(HttpContext httpContext)
   at Microsoft.AspNetCore.Authentication.AuthenticationMiddleware.Invoke(HttpContext context)
   at OrchardCore.Diagnostics.DiagnosticsStartupFilter.<>c__DisplayClass3_0.<<Configure>b__1>d.MoveNext()
--- End of stack trace from previous location ---
   at Microsoft.AspNetCore.Diagnostics.StatusCodePagesMiddleware.Invoke(HttpContext context)
   at OrchardCore.ContentPreview.PreviewStartupFilter.<>c.<<Configure>b__0_1>d.MoveNext()
--- End of stack trace from previous location ---
   at OrchardCore.Users.Services.ExternalAuthenticationsStartupFilter.<>c.<<Configure>b__0_1>d.MoveNext()
--- End of stack trace from previous location ---
   at OrchardCore.Modules.ModularTenantRouterMiddleware.Invoke(HttpContext httpContext)
   at OrchardCore.Modules.ModularTenantContainerMiddleware.<>c__DisplayClass4_0.<<Invoke>b__0>d.MoveNext()
--- End of stack trace from previous location ---
   at OrchardCore.Environment.Shell.Scope.ShellScope.UsingAsync(Func`2 execute, Boolean activateShell)
   at OrchardCore.Environment.Shell.Scope.ShellScope.UsingAsync(Func`2 execute, Boolean activateShell)
   at OrchardCore.Environment.Shell.Scope.ShellScope.UsingAsync(Func`2 execute, Boolean activateShell)
   at OrchardCore.Environment.Shell.Scope.ShellScope.UsingAsync(Func`2 execute, Boolean activateShell)
   at OrchardCore.Environment.Shell.Scope.ShellScope.UsingAsync(Func`2 execute, Boolean activateShell)
   at OrchardCore.Modules.ModularTenantContainerMiddleware.Invoke(HttpContext httpContext)
   at Microsoft.AspNetCore.Authentication.AuthenticationMiddleware.Invoke(HttpContext context)
   at Microsoft.AspNetCore.Diagnostics.DeveloperExceptionPageMiddlewareImpl.Invoke(HttpContext context)    at System.ArgumentNullException.Throw(String paramName)
   at System.ArgumentNullException.ThrowIfNull(Object argument, String paramName)
   at System.ArgumentException.ThrowNullOrEmptyException(String argument, String paramName)
   at System.ArgumentException.ThrowIfNullOrEmpty(String argument, String paramName)
   at OrchardCore.Queries.Core.Services.DefaultQueryManager.GetQueryAsync(String name)
   at OrchardCore.Queries.Controllers.QueryApiController.Query(String name, String parameters)
   at Microsoft.AspNetCore.Mvc.Infrastructure.ActionMethodExecutor.TaskOfIActionResultExecutor.Execute(ActionContext actionContext, IActionResultTypeMapper mapper, ObjectMethodExecutor executor, Object controller, Object[] arguments)
   at Microsoft.AspNetCore.Mvc.Infrastructure.ControllerActionInvoker.<InvokeActionMethodAsync>g__Awaited|12_0(ControllerActionInvoker invoker, ValueTask`1 actionResultValueTask)
   at Microsoft.AspNetCore.Mvc.Infrastructure.ControllerActionInvoker.<InvokeNextActionFilterAsync>g__Awaited|10_0(ControllerActionInvoker invoker, Task lastTask, State next, Scope scope, Object state, Boolean isCompleted)
   at Microsoft.AspNetCore.Mvc.Infrastructure.ControllerActionInvoker.Rethrow(ActionExecutedContextSealed context)
   at Microsoft.AspNetCore.Mvc.Infrastructure.ControllerActionInvoker.Next(State& next, Scope& scope, Object& state, Boolean& isCompleted)
   at Microsoft.AspNetCore.Mvc.Infrastructure.ControllerActionInvoker.InvokeInnerFilterAsync()
--- End of stack trace from previous location ---
   at Microsoft.AspNetCore.Mvc.Infrastructure.ResourceInvoker.<InvokeNextResourceFilter>g__Awaited|25_0(ResourceInvoker invoker, Task lastTask, State next, Scope scope, Object state, Boolean isCompleted)
   at Microsoft.AspNetCore.Mvc.Infrastructure.ResourceInvoker.Rethrow(ResourceExecutedContextSealed context)
   at Microsoft.AspNetCore.Mvc.Infrastructure.ResourceInvoker.Next(State& next, Scope& scope, Object& state, Boolean& isCompleted)
   at Microsoft.AspNetCore.Mvc.Infrastructure.ResourceInvoker.InvokeFilterPipelineAsync()
--- End of stack trace from previous location ---
   at Microsoft.AspNetCore.Mvc.Infrastructure.ResourceInvoker.<InvokeAsync>g__Awaited|17_0(ResourceInvoker invoker, Task task, IDisposable scope)
   at Microsoft.AspNetCore.Mvc.Infrastructure.ResourceInvoker.<InvokeAsync>g__Awaited|17_0(ResourceInvoker invoker, Task task, IDisposable scope)
   at Swashbuckle.AspNetCore.SwaggerUI.SwaggerUIMiddleware.Invoke(HttpContext httpContext)
   at Swashbuckle.AspNetCore.Swagger.SwaggerMiddleware.Invoke(HttpContext httpContext, ISwaggerProvider swaggerProvider)
   at SixLabors.ImageSharp.Web.Middleware.ImageSharpMiddleware.Invoke(HttpContext httpContext, Boolean retry)
   at Microsoft.AspNetCore.Authorization.AuthorizationMiddleware.Invoke(HttpContext context)
   at OrchardCore.Liquid.ScriptsMiddleware.Invoke(HttpContext httpContext)
   at Microsoft.AspNetCore.Authentication.AuthenticationMiddleware.Invoke(HttpContext context)
   at OrchardCore.Diagnostics.DiagnosticsStartupFilter.<>c__DisplayClass3_0.<<Configure>b__1>d.MoveNext()
--- End of stack trace from previous location ---
   at Microsoft.AspNetCore.Diagnostics.StatusCodePagesMiddleware.Invoke(HttpContext context)
   at OrchardCore.ContentPreview.PreviewStartupFilter.<>c.<<Configure>b__0_1>d.MoveNext()
--- End of stack trace from previous location ---
   at OrchardCore.Users.Services.ExternalAuthenticationsStartupFilter.<>c.<<Configure>b__0_1>d.MoveNext()
--- End of stack trace from previous location ---
   at OrchardCore.Modules.ModularTenantRouterMiddleware.Invoke(HttpContext httpContext)
   at OrchardCore.Modules.ModularTenantContainerMiddleware.<>c__DisplayClass4_0.<<Invoke>b__0>d.MoveNext()
--- End of stack trace from previous location ---
   at OrchardCore.Environment.Shell.Scope.ShellScope.UsingAsync(Func`2 execute, Boolean activateShell)
   at OrchardCore.Environment.Shell.Scope.ShellScope.UsingAsync(Func`2 execute, Boolean activateShell)
   at OrchardCore.Environment.Shell.Scope.ShellScope.UsingAsync(Func`2 execute, Boolean activateShell)
   at OrchardCore.Environment.Shell.Scope.ShellScope.UsingAsync(Func`2 execute, Boolean activateShell)
   at OrchardCore.Environment.Shell.Scope.ShellScope.UsingAsync(Func`2 execute, Boolean activateShell)
   at OrchardCore.Modules.ModularTenantContainerMiddleware.Invoke(HttpContext httpContext)
   at Microsoft.AspNetCore.Authentication.AuthenticationMiddleware.Invoke(HttpContext context)
   at Microsoft.AspNetCore.Diagnostics.DeveloperExceptionPageMiddlewareImpl.Invoke(HttpContext context)
2026-01-07 15:42:50.5721||||Microsoft.Hosting.Lifetime|INFO|Application started. Press Ctrl+C to shut down. 
2026-01-07 15:42:50.6318||||Microsoft.Hosting.Lifetime|INFO|Hosting environment: Development 
2026-01-07 15:42:50.6318||||Microsoft.Hosting.Lifetime|INFO|Content root path: C:\Users\Wanwi\OneDrive\Desktop\TechVerse\TechVerse.Cms 
2026-01-07 15:50:27.4394||||Microsoft.Hosting.Lifetime|INFO|Application started. Press Ctrl+C to shut down. 
2026-01-07 15:50:27.5037||||Microsoft.Hosting.Lifetime|INFO|Hosting environment: Development 
2026-01-07 15:50:27.5099||||Microsoft.Hosting.Lifetime|INFO|Content root path: C:\Users\Wanwi\OneDrive\Desktop\TechVerse\TechVerse.Cms 
2026-01-07 16:12:02.3546||||Microsoft.Hosting.Lifetime|INFO|Application started. Press Ctrl+C to shut down. 
2026-01-07 16:12:02.4303|None|00-5d21d68eda53b3cad1c6cb0e8dc118dd-54a7f508296fe6c2-00|1|Microsoft.AspNetCore.Diagnostics.DeveloperExceptionPageMiddleware|ERROR|An unhandled exception has occurred while executing the request. System.InvalidOperationException: Unable to resolve service for type 'Swashbuckle.AspNetCore.Swagger.ISwaggerProvider' while attempting to Invoke middleware 'Swashbuckle.AspNetCore.Swagger.SwaggerMiddleware'.
   at Microsoft.AspNetCore.Builder.UseMiddlewareExtensions.GetService(IServiceProvider sp, Type type, Type middleware)
   at lambda_method1(Closure, Object, HttpContext, IServiceProvider)
   at Microsoft.AspNetCore.StaticFiles.StaticFileMiddleware.Invoke(HttpContext context)
   at Microsoft.AspNetCore.HttpsPolicy.HttpsRedirectionMiddleware.Invoke(HttpContext context)
   at Microsoft.AspNetCore.Authentication.AuthenticationMiddleware.Invoke(HttpContext context)
   at Microsoft.AspNetCore.Diagnostics.DeveloperExceptionPageMiddlewareImpl.Invoke(HttpContext context)    at Microsoft.AspNetCore.Builder.UseMiddlewareExtensions.GetService(IServiceProvider sp, Type type, Type middleware)
   at lambda_method1(Closure, Object, HttpContext, IServiceProvider)
   at Microsoft.AspNetCore.StaticFiles.StaticFileMiddleware.Invoke(HttpContext context)
   at Microsoft.AspNetCore.HttpsPolicy.HttpsRedirectionMiddleware.Invoke(HttpContext context)
   at Microsoft.AspNetCore.Authentication.AuthenticationMiddleware.Invoke(HttpContext context)
   at Microsoft.AspNetCore.Diagnostics.DeveloperExceptionPageMiddlewareImpl.Invoke(HttpContext context)
2026-01-07 16:12:02.4650||||Microsoft.Hosting.Lifetime|INFO|Hosting environment: Development 
2026-01-07 16:12:02.4789||||Microsoft.Hosting.Lifetime|INFO|Content root path: C:\Users\Wanwi\OneDrive\Desktop\TechVerse\TechVerse.Cms 
2026-01-07 16:12:02.8492|None|00-1ec7a6820b306320064b8ad0b3d3f8df-a980296506f5a464-00|1|Microsoft.AspNetCore.Diagnostics.DeveloperExceptionPageMiddleware|ERROR|An unhandled exception has occurred while executing the request. System.InvalidOperationException: Unable to resolve service for type 'Swashbuckle.AspNetCore.Swagger.ISwaggerProvider' while attempting to Invoke middleware 'Swashbuckle.AspNetCore.Swagger.SwaggerMiddleware'.
   at Microsoft.AspNetCore.Builder.UseMiddlewareExtensions.GetService(IServiceProvider sp, Type type, Type middleware)
   at lambda_method1(Closure, Object, HttpContext, IServiceProvider)
   at Microsoft.AspNetCore.StaticFiles.StaticFileMiddleware.Invoke(HttpContext context)
   at Microsoft.AspNetCore.HttpsPolicy.HttpsRedirectionMiddleware.Invoke(HttpContext context)
   at Microsoft.AspNetCore.Authentication.AuthenticationMiddleware.Invoke(HttpContext context)
   at Microsoft.AspNetCore.Diagnostics.DeveloperExceptionPageMiddlewareImpl.Invoke(HttpContext context)    at Microsoft.AspNetCore.Builder.UseMiddlewareExtensions.GetService(IServiceProvider sp, Type type, Type middleware)
   at lambda_method1(Closure, Object, HttpContext, IServiceProvider)
   at Microsoft.AspNetCore.StaticFiles.StaticFileMiddleware.Invoke(HttpContext context)
   at Microsoft.AspNetCore.HttpsPolicy.HttpsRedirectionMiddleware.Invoke(HttpContext context)
   at Microsoft.AspNetCore.Authentication.AuthenticationMiddleware.Invoke(HttpContext context)
   at Microsoft.AspNetCore.Diagnostics.DeveloperExceptionPageMiddlewareImpl.Invoke(HttpContext context)
2026-01-07 16:13:22.5116|None|00-d36e3ccc9b582ef016aeb5ad7e635f88-b2f211a8cd2add39-00|1|Microsoft.AspNetCore.Diagnostics.DeveloperExceptionPageMiddleware|ERROR|An unhandled exception has occurred while executing the request. System.InvalidOperationException: Unable to resolve service for type 'Swashbuckle.AspNetCore.Swagger.ISwaggerProvider' while attempting to Invoke middleware 'Swashbuckle.AspNetCore.Swagger.SwaggerMiddleware'.
   at Microsoft.AspNetCore.Builder.UseMiddlewareExtensions.GetService(IServiceProvider sp, Type type, Type middleware)
   at lambda_method1(Closure, Object, HttpContext, IServiceProvider)
   at Microsoft.AspNetCore.StaticFiles.StaticFileMiddleware.Invoke(HttpContext context)
   at Microsoft.AspNetCore.HttpsPolicy.HttpsRedirectionMiddleware.Invoke(HttpContext context)
   at Microsoft.AspNetCore.Authentication.AuthenticationMiddleware.Invoke(HttpContext context)
   at Microsoft.AspNetCore.Diagnostics.DeveloperExceptionPageMiddlewareImpl.Invoke(HttpContext context)    at Microsoft.AspNetCore.Builder.UseMiddlewareExtensions.GetService(IServiceProvider sp, Type type, Type middleware)
   at lambda_method1(Closure, Object, HttpContext, IServiceProvider)
   at Microsoft.AspNetCore.StaticFiles.StaticFileMiddleware.Invoke(HttpContext context)
   at Microsoft.AspNetCore.HttpsPolicy.HttpsRedirectionMiddleware.Invoke(HttpContext context)
   at Microsoft.AspNetCore.Authentication.AuthenticationMiddleware.Invoke(HttpContext context)
   at Microsoft.AspNetCore.Diagnostics.DeveloperExceptionPageMiddlewareImpl.Invoke(HttpContext context)
2026-01-07 16:13:53.0898|None|00-5dd7fb9ed3c2510345353abe89945cc4-52102b787de2ef44-00|1|Microsoft.AspNetCore.Diagnostics.DeveloperExceptionPageMiddleware|ERROR|An unhandled exception has occurred while executing the request. System.InvalidOperationException: Unable to resolve service for type 'Swashbuckle.AspNetCore.Swagger.ISwaggerProvider' while attempting to Invoke middleware 'Swashbuckle.AspNetCore.Swagger.SwaggerMiddleware'.
   at Microsoft.AspNetCore.Builder.UseMiddlewareExtensions.GetService(IServiceProvider sp, Type type, Type middleware)
   at lambda_method1(Closure, Object, HttpContext, IServiceProvider)
   at Microsoft.AspNetCore.StaticFiles.StaticFileMiddleware.Invoke(HttpContext context)
   at Microsoft.AspNetCore.HttpsPolicy.HttpsRedirectionMiddleware.Invoke(HttpContext context)
   at Microsoft.AspNetCore.Authentication.AuthenticationMiddleware.Invoke(HttpContext context)
   at Microsoft.AspNetCore.Diagnostics.DeveloperExceptionPageMiddlewareImpl.Invoke(HttpContext context)    at Microsoft.AspNetCore.Builder.UseMiddlewareExtensions.GetService(IServiceProvider sp, Type type, Type middleware)
   at lambda_method1(Closure, Object, HttpContext, IServiceProvider)
   at Microsoft.AspNetCore.StaticFiles.StaticFileMiddleware.Invoke(HttpContext context)
   at Microsoft.AspNetCore.HttpsPolicy.HttpsRedirectionMiddleware.Invoke(HttpContext context)
   at Microsoft.AspNetCore.Authentication.AuthenticationMiddleware.Invoke(HttpContext context)
   at Microsoft.AspNetCore.Diagnostics.DeveloperExceptionPageMiddlewareImpl.Invoke(HttpContext context)
2026-01-07 16:14:00.7264|None|00-ee648d32ff5dc481162b42c8334de842-70b0f037b0b79fed-00|1|Microsoft.AspNetCore.Diagnostics.DeveloperExceptionPageMiddleware|ERROR|An unhandled exception has occurred while executing the request. System.InvalidOperationException: Unable to resolve service for type 'Swashbuckle.AspNetCore.Swagger.ISwaggerProvider' while attempting to Invoke middleware 'Swashbuckle.AspNetCore.Swagger.SwaggerMiddleware'.
   at Microsoft.AspNetCore.Builder.UseMiddlewareExtensions.GetService(IServiceProvider sp, Type type, Type middleware)
   at lambda_method1(Closure, Object, HttpContext, IServiceProvider)
   at Microsoft.AspNetCore.StaticFiles.StaticFileMiddleware.Invoke(HttpContext context)
   at Microsoft.AspNetCore.HttpsPolicy.HttpsRedirectionMiddleware.Invoke(HttpContext context)
   at Microsoft.AspNetCore.Authentication.AuthenticationMiddleware.Invoke(HttpContext context)
   at Microsoft.AspNetCore.Diagnostics.DeveloperExceptionPageMiddlewareImpl.Invoke(HttpContext context)    at Microsoft.AspNetCore.Builder.UseMiddlewareExtensions.GetService(IServiceProvider sp, Type type, Type middleware)
   at lambda_method1(Closure, Object, HttpContext, IServiceProvider)
   at Microsoft.AspNetCore.StaticFiles.StaticFileMiddleware.Invoke(HttpContext context)
   at Microsoft.AspNetCore.HttpsPolicy.HttpsRedirectionMiddleware.Invoke(HttpContext context)
   at Microsoft.AspNetCore.Authentication.AuthenticationMiddleware.Invoke(HttpContext context)
   at Microsoft.AspNetCore.Diagnostics.DeveloperExceptionPageMiddlewareImpl.Invoke(HttpContext context)
2026-01-07 16:14:01.5144|None|00-48ae9b5a4491268b4fe48c1a8af32f59-322b88d3cbd1baf7-00|1|Microsoft.AspNetCore.Diagnostics.DeveloperExceptionPageMiddleware|ERROR|An unhandled exception has occurred while executing the request. System.InvalidOperationException: Unable to resolve service for type 'Swashbuckle.AspNetCore.Swagger.ISwaggerProvider' while attempting to Invoke middleware 'Swashbuckle.AspNetCore.Swagger.SwaggerMiddleware'.
   at Microsoft.AspNetCore.Builder.UseMiddlewareExtensions.GetService(IServiceProvider sp, Type type, Type middleware)
   at lambda_method1(Closure, Object, HttpContext, IServiceProvider)
   at Microsoft.AspNetCore.StaticFiles.StaticFileMiddleware.Invoke(HttpContext context)
   at Microsoft.AspNetCore.HttpsPolicy.HttpsRedirectionMiddleware.Invoke(HttpContext context)
   at Microsoft.AspNetCore.Authentication.AuthenticationMiddleware.Invoke(HttpContext context)
   at Microsoft.AspNetCore.Diagnostics.DeveloperExceptionPageMiddlewareImpl.Invoke(HttpContext context)    at Microsoft.AspNetCore.Builder.UseMiddlewareExtensions.GetService(IServiceProvider sp, Type type, Type middleware)
   at lambda_method1(Closure, Object, HttpContext, IServiceProvider)
   at Microsoft.AspNetCore.StaticFiles.StaticFileMiddleware.Invoke(HttpContext context)
   at Microsoft.AspNetCore.HttpsPolicy.HttpsRedirectionMiddleware.Invoke(HttpContext context)
   at Microsoft.AspNetCore.Authentication.AuthenticationMiddleware.Invoke(HttpContext context)
   at Microsoft.AspNetCore.Diagnostics.DeveloperExceptionPageMiddlewareImpl.Invoke(HttpContext context)
2026-01-07 16:14:05.2513|None|00-2f8801f607c3c14988c8f6b3c9fb6d50-b83b3e7308d77f84-00|1|Microsoft.AspNetCore.Diagnostics.DeveloperExceptionPageMiddleware|ERROR|An unhandled exception has occurred while executing the request. System.InvalidOperationException: Unable to resolve service for type 'Swashbuckle.AspNetCore.Swagger.ISwaggerProvider' while attempting to Invoke middleware 'Swashbuckle.AspNetCore.Swagger.SwaggerMiddleware'.
   at Microsoft.AspNetCore.Builder.UseMiddlewareExtensions.GetService(IServiceProvider sp, Type type, Type middleware)
   at lambda_method1(Closure, Object, HttpContext, IServiceProvider)
   at Microsoft.AspNetCore.StaticFiles.StaticFileMiddleware.Invoke(HttpContext context)
   at Microsoft.AspNetCore.HttpsPolicy.HttpsRedirectionMiddleware.Invoke(HttpContext context)
   at Microsoft.AspNetCore.Authentication.AuthenticationMiddleware.Invoke(HttpContext context)
   at Microsoft.AspNetCore.Diagnostics.DeveloperExceptionPageMiddlewareImpl.Invoke(HttpContext context)    at Microsoft.AspNetCore.Builder.UseMiddlewareExtensions.GetService(IServiceProvider sp, Type type, Type middleware)
   at lambda_method1(Closure, Object, HttpContext, IServiceProvider)
   at Microsoft.AspNetCore.StaticFiles.StaticFileMiddleware.Invoke(HttpContext context)
   at Microsoft.AspNetCore.HttpsPolicy.HttpsRedirectionMiddleware.Invoke(HttpContext context)
   at Microsoft.AspNetCore.Authentication.AuthenticationMiddleware.Invoke(HttpContext context)
   at Microsoft.AspNetCore.Diagnostics.DeveloperExceptionPageMiddlewareImpl.Invoke(HttpContext context)
2026-01-07 16:14:23.4186||||Microsoft.Hosting.Lifetime|INFO|Application started. Press Ctrl+C to shut down. 
2026-01-07 16:14:23.4745||||Microsoft.Hosting.Lifetime|INFO|Hosting environment: Development 
2026-01-07 16:14:23.4817||||Microsoft.Hosting.Lifetime|INFO|Content root path: C:\Users\Wanwi\OneDrive\Desktop\TechVerse\TechVerse.Cms 
2026-01-07 16:27:50.8803||||Microsoft.Hosting.Lifetime|INFO|Application started. Press Ctrl+C to shut down. 
2026-01-07 16:27:51.7862||||Microsoft.Hosting.Lifetime|INFO|Hosting environment: Development 
2026-01-07 16:27:51.7992||||Microsoft.Hosting.Lifetime|INFO|Content root path: C:\Users\Wanwi\OneDrive\Desktop\TechVerse\TechVerse.Cms 
