2026-01-06 09:06:49.0725||||Microsoft.Hosting.Lifetime|INFO|Application started. Press Ctrl+C to shut down. 
2026-01-06 09:06:49.1167||||Microsoft.Hosting.Lifetime|INFO|Hosting environment: Development 
2026-01-06 09:06:49.1167||||Microsoft.Hosting.Lifetime|INFO|Content root path: C:\Users\Wanwi\OneDrive\Desktop\TechVerse\TechVerse.Cms 
2026-01-06 09:46:31.2959||||Microsoft.Hosting.Lifetime|INFO|Application started. Press Ctrl+C to shut down. 
2026-01-06 09:46:31.3453||||Microsoft.Hosting.Lifetime|INFO|Hosting environment: Development 
2026-01-06 09:46:31.3453||||Microsoft.Hosting.Lifetime|INFO|Content root path: C:\Users\Wanwi\OneDrive\Desktop\TechVerse\TechVerse.Cms 
2026-01-06 10:02:40.1249||||Microsoft.Hosting.Lifetime|INFO|Application started. Press Ctrl+C to shut down. 
2026-01-06 10:02:40.1649||||Microsoft.Hosting.Lifetime|INFO|Hosting environment: Development 
2026-01-06 10:02:40.1649||||Microsoft.Hosting.Lifetime|INFO|Content root path: C:\Users\Wanwi\OneDrive\Desktop\TechVerse\TechVerse.Cms 
2026-01-06 10:18:44.2438||||Microsoft.Hosting.Lifetime|INFO|Application started. Press Ctrl+C to shut down. 
2026-01-06 10:18:44.3228||||Microsoft.Hosting.Lifetime|INFO|Hosting environment: Development 
2026-01-06 10:18:44.3538||||Microsoft.Hosting.Lifetime|INFO|Content root path: C:\Users\Wanwi\OneDrive\Desktop\TechVerse\TechVerse.Cms 
2026-01-06 10:49:55.9326||||Microsoft.Hosting.Lifetime|INFO|Application started. Press Ctrl+C to shut down. 
2026-01-06 10:49:55.9936||||Microsoft.Hosting.Lifetime|INFO|Hosting environment: Development 
2026-01-06 10:49:56.0040||||Microsoft.Hosting.Lifetime|INFO|Content root path: C:\Users\Wanwi\OneDrive\Desktop\TechVerse\TechVerse.Cms 
2026-01-06 11:03:14.3825||||Microsoft.Hosting.Lifetime|INFO|Application started. Press Ctrl+C to shut down. 
2026-01-06 11:03:14.4369||||Microsoft.Hosting.Lifetime|INFO|Hosting environment: Development 
2026-01-06 11:03:14.4472||||Microsoft.Hosting.Lifetime|INFO|Content root path: C:\Users\Wanwi\OneDrive\Desktop\TechVerse\TechVerse.Cms 
2026-01-06 11:03:27.7362|Default|00-2768cd83c3cf082d8ade1e8511d5976f-073306cde20d751f-00|1|Microsoft.AspNetCore.Diagnostics.DeveloperExceptionPageMiddleware|ERROR|An unhandled exception has occurred while executing the request. Microsoft.CSharp.RuntimeBinder.RuntimeBinderException: 'System.Array' does not contain a definition for 'Any'
   at CallSite.Target(Closure, CallSite, Object)
   at System.Dynamic.UpdateDelegates.UpdateAndExecute1[T0,TRet](CallSite site, T0 arg0)
   at AspNetCoreGeneratedDocument.Pages_Widgets_Partials__PromotionWidget.ExecuteAsync() in C:\Users\Wanwi\OneDrive\Desktop\TechVerse\TechVerse.Cms\Pages\Widgets\Partials\_PromotionWidget.cshtml:line 17
   at Microsoft.AspNetCore.Mvc.Razor.RazorView.RenderPageCoreAsync(IRazorPage page, ViewContext context)
   at Microsoft.AspNetCore.Mvc.Razor.RazorView.RenderPageAsync(IRazorPage page, ViewContext context, Boolean invokeViewStarts)
   at Microsoft.AspNetCore.Mvc.Razor.RazorView.RenderAsync(ViewContext context)
   at Microsoft.AspNetCore.Mvc.ViewFeatures.HtmlHelper.RenderPartialCoreAsync(String partialViewName, Object model, ViewDataDictionary viewData, TextWriter writer)
   at Microsoft.AspNetCore.Mvc.ViewFeatures.HtmlHelper.PartialAsync(String partialViewName, Object model, ViewDataDictionary viewData)
   at AspNetCoreGeneratedDocument.Pages_Home_Index.ExecuteAsync() in C:\Users\Wanwi\OneDrive\Desktop\TechVerse\TechVerse.Cms\Pages\Home\Index.cshtml:line 19
   at Microsoft.AspNetCore.Mvc.Razor.RazorView.RenderPageCoreAsync(IRazorPage page, ViewContext context)
   at Microsoft.AspNetCore.Mvc.Razor.RazorView.RenderPageAsync(IRazorPage page, ViewContext context, Boolean invokeViewStarts)
   at Microsoft.AspNetCore.Mvc.Razor.RazorView.RenderAsync(ViewContext context)
   at Microsoft.AspNetCore.Mvc.ViewFeatures.ViewExecutor.ExecuteAsync(ViewContext viewContext, String contentType, Nullable`1 statusCode)
   at Microsoft.AspNetCore.Mvc.ViewFeatures.ViewExecutor.ExecuteAsync(ViewContext viewContext, String contentType, Nullable`1 statusCode)
   at Microsoft.AspNetCore.Mvc.Infrastructure.ResourceInvoker.<InvokeNextResultFilterAsync>g__Awaited|30_0[TFilter,TFilterAsync](ResourceInvoker invoker, Task lastTask, State next, Scope scope, Object state, Boolean isCompleted)
   at Microsoft.AspNetCore.Mvc.Infrastructure.ResourceInvoker.Rethrow(ResultExecutedContextSealed context)
   at Microsoft.AspNetCore.Mvc.Infrastructure.ResourceInvoker.ResultNext[TFilter,TFilterAsync](State& next, Scope& scope, Object& state, Boolean& isCompleted)
   at Microsoft.AspNetCore.Mvc.Infrastructure.ResourceInvoker.<InvokeResultFilters>g__Awaited|28_0(ResourceInvoker invoker, Task lastTask, State next, Scope scope, Object state, Boolean isCompleted)
   at Microsoft.AspNetCore.Mvc.Infrastructure.ResourceInvoker.<InvokeNextResourceFilter>g__Awaited|25_0(ResourceInvoker invoker, Task lastTask, State next, Scope scope, Object state, Boolean isCompleted)
   at Microsoft.AspNetCore.Mvc.Infrastructure.ResourceInvoker.Rethrow(ResourceExecutedContextSealed context)
   at Microsoft.AspNetCore.Mvc.Infrastructure.ResourceInvoker.Next(State& next, Scope& scope, Object& state, Boolean& isCompleted)
   at Microsoft.AspNetCore.Mvc.Infrastructure.ResourceInvoker.<InvokeFilterPipelineAsync>g__Awaited|20_0(ResourceInvoker invoker, Task lastTask, State next, Scope scope, Object state, Boolean isCompleted)
   at Microsoft.AspNetCore.Mvc.Infrastructure.ResourceInvoker.<InvokeAsync>g__Awaited|17_0(ResourceInvoker invoker, Task task, IDisposable scope)
   at Microsoft.AspNetCore.Mvc.Infrastructure.ResourceInvoker.<InvokeAsync>g__Awaited|17_0(ResourceInvoker invoker, Task task, IDisposable scope)
   at SixLabors.ImageSharp.Web.Middleware.ImageSharpMiddleware.Invoke(HttpContext httpContext, Boolean retry)
   at Microsoft.AspNetCore.Authorization.AuthorizationMiddleware.Invoke(HttpContext context)
   at OrchardCore.Liquid.ScriptsMiddleware.Invoke(HttpContext httpContext)
   at Microsoft.AspNetCore.Authentication.AuthenticationMiddleware.Invoke(HttpContext context)
   at OrchardCore.Diagnostics.DiagnosticsStartupFilter.<>c__DisplayClass3_0.<<Configure>b__1>d.MoveNext()
--- End of stack trace from previous location ---
   at Microsoft.AspNetCore.Diagnostics.StatusCodePagesMiddleware.Invoke(HttpContext context)
   at OrchardCore.ContentPreview.PreviewStartupFilter.<>c.<<Configure>b__0_1>d.MoveNext()
--- End of stack trace from previous location ---
   at OrchardCore.Users.Services.ExternalAuthenticationsStartupFilter.<>c.<<Configure>b__0_1>d.MoveNext()
--- End of stack trace from previous location ---
   at OrchardCore.Modules.ModularTenantRouterMiddleware.Invoke(HttpContext httpContext)
   at OrchardCore.Modules.ModularTenantContainerMiddleware.<>c__DisplayClass4_0.<<Invoke>b__0>d.MoveNext()
--- End of stack trace from previous location ---
   at OrchardCore.Environment.Shell.Scope.ShellScope.UsingAsync(Func`2 execute, Boolean activateShell)
   at OrchardCore.Environment.Shell.Scope.ShellScope.UsingAsync(Func`2 execute, Boolean activateShell)
   at OrchardCore.Environment.Shell.Scope.ShellScope.UsingAsync(Func`2 execute, Boolean activateShell)
   at OrchardCore.Environment.Shell.Scope.ShellScope.UsingAsync(Func`2 execute, Boolean activateShell)
   at OrchardCore.Environment.Shell.Scope.ShellScope.UsingAsync(Func`2 execute, Boolean activateShell)
   at OrchardCore.Modules.ModularTenantContainerMiddleware.Invoke(HttpContext httpContext)
   at Microsoft.AspNetCore.Authentication.AuthenticationMiddleware.Invoke(HttpContext context)
   at Microsoft.AspNetCore.Diagnostics.DeveloperExceptionPageMiddlewareImpl.Invoke(HttpContext context)    at CallSite.Target(Closure, CallSite, Object)
   at System.Dynamic.UpdateDelegates.UpdateAndExecute1[T0,TRet](CallSite site, T0 arg0)
   at AspNetCoreGeneratedDocument.Pages_Widgets_Partials__PromotionWidget.ExecuteAsync() in C:\Users\Wanwi\OneDrive\Desktop\TechVerse\TechVerse.Cms\Pages\Widgets\Partials\_PromotionWidget.cshtml:line 17
   at Microsoft.AspNetCore.Mvc.Razor.RazorView.RenderPageCoreAsync(IRazorPage page, ViewContext context)
   at Microsoft.AspNetCore.Mvc.Razor.RazorView.RenderPageAsync(IRazorPage page, ViewContext context, Boolean invokeViewStarts)
   at Microsoft.AspNetCore.Mvc.Razor.RazorView.RenderAsync(ViewContext context)
   at Microsoft.AspNetCore.Mvc.ViewFeatures.HtmlHelper.RenderPartialCoreAsync(String partialViewName, Object model, ViewDataDictionary viewData, TextWriter writer)
   at Microsoft.AspNetCore.Mvc.ViewFeatures.HtmlHelper.PartialAsync(String partialViewName, Object model, ViewDataDictionary viewData)
   at AspNetCoreGeneratedDocument.Pages_Home_Index.ExecuteAsync() in C:\Users\Wanwi\OneDrive\Desktop\TechVerse\TechVerse.Cms\Pages\Home\Index.cshtml:line 19
   at Microsoft.AspNetCore.Mvc.Razor.RazorView.RenderPageCoreAsync(IRazorPage page, ViewContext context)
   at Microsoft.AspNetCore.Mvc.Razor.RazorView.RenderPageAsync(IRazorPage page, ViewContext context, Boolean invokeViewStarts)
   at Microsoft.AspNetCore.Mvc.Razor.RazorView.RenderAsync(ViewContext context)
   at Microsoft.AspNetCore.Mvc.ViewFeatures.ViewExecutor.ExecuteAsync(ViewContext viewContext, String contentType, Nullable`1 statusCode)
   at Microsoft.AspNetCore.Mvc.ViewFeatures.ViewExecutor.ExecuteAsync(ViewContext viewContext, String contentType, Nullable`1 statusCode)
   at Microsoft.AspNetCore.Mvc.Infrastructure.ResourceInvoker.<InvokeNextResultFilterAsync>g__Awaited|30_0[TFilter,TFilterAsync](ResourceInvoker invoker, Task lastTask, State next, Scope scope, Object state, Boolean isCompleted)
   at Microsoft.AspNetCore.Mvc.Infrastructure.ResourceInvoker.Rethrow(ResultExecutedContextSealed context)
   at Microsoft.AspNetCore.Mvc.Infrastructure.ResourceInvoker.ResultNext[TFilter,TFilterAsync](State& next, Scope& scope, Object& state, Boolean& isCompleted)
   at Microsoft.AspNetCore.Mvc.Infrastructure.ResourceInvoker.<InvokeResultFilters>g__Awaited|28_0(ResourceInvoker invoker, Task lastTask, State next, Scope scope, Object state, Boolean isCompleted)
   at Microsoft.AspNetCore.Mvc.Infrastructure.ResourceInvoker.<InvokeNextResourceFilter>g__Awaited|25_0(ResourceInvoker invoker, Task lastTask, State next, Scope scope, Object state, Boolean isCompleted)
   at Microsoft.AspNetCore.Mvc.Infrastructure.ResourceInvoker.Rethrow(ResourceExecutedContextSealed context)
   at Microsoft.AspNetCore.Mvc.Infrastructure.ResourceInvoker.Next(State& next, Scope& scope, Object& state, Boolean& isCompleted)
   at Microsoft.AspNetCore.Mvc.Infrastructure.ResourceInvoker.<InvokeFilterPipelineAsync>g__Awaited|20_0(ResourceInvoker invoker, Task lastTask, State next, Scope scope, Object state, Boolean isCompleted)
   at Microsoft.AspNetCore.Mvc.Infrastructure.ResourceInvoker.<InvokeAsync>g__Awaited|17_0(ResourceInvoker invoker, Task task, IDisposable scope)
   at Microsoft.AspNetCore.Mvc.Infrastructure.ResourceInvoker.<InvokeAsync>g__Awaited|17_0(ResourceInvoker invoker, Task task, IDisposable scope)
   at SixLabors.ImageSharp.Web.Middleware.ImageSharpMiddleware.Invoke(HttpContext httpContext, Boolean retry)
   at Microsoft.AspNetCore.Authorization.AuthorizationMiddleware.Invoke(HttpContext context)
   at OrchardCore.Liquid.ScriptsMiddleware.Invoke(HttpContext httpContext)
   at Microsoft.AspNetCore.Authentication.AuthenticationMiddleware.Invoke(HttpContext context)
   at OrchardCore.Diagnostics.DiagnosticsStartupFilter.<>c__DisplayClass3_0.<<Configure>b__1>d.MoveNext()
--- End of stack trace from previous location ---
   at Microsoft.AspNetCore.Diagnostics.StatusCodePagesMiddleware.Invoke(HttpContext context)
   at OrchardCore.ContentPreview.PreviewStartupFilter.<>c.<<Configure>b__0_1>d.MoveNext()
--- End of stack trace from previous location ---
   at OrchardCore.Users.Services.ExternalAuthenticationsStartupFilter.<>c.<<Configure>b__0_1>d.MoveNext()
--- End of stack trace from previous location ---
   at OrchardCore.Modules.ModularTenantRouterMiddleware.Invoke(HttpContext httpContext)
   at OrchardCore.Modules.ModularTenantContainerMiddleware.<>c__DisplayClass4_0.<<Invoke>b__0>d.MoveNext()
--- End of stack trace from previous location ---
   at OrchardCore.Environment.Shell.Scope.ShellScope.UsingAsync(Func`2 execute, Boolean activateShell)
   at OrchardCore.Environment.Shell.Scope.ShellScope.UsingAsync(Func`2 execute, Boolean activateShell)
   at OrchardCore.Environment.Shell.Scope.ShellScope.UsingAsync(Func`2 execute, Boolean activateShell)
   at OrchardCore.Environment.Shell.Scope.ShellScope.UsingAsync(Func`2 execute, Boolean activateShell)
   at OrchardCore.Environment.Shell.Scope.ShellScope.UsingAsync(Func`2 execute, Boolean activateShell)
   at OrchardCore.Modules.ModularTenantContainerMiddleware.Invoke(HttpContext httpContext)
   at Microsoft.AspNetCore.Authentication.AuthenticationMiddleware.Invoke(HttpContext context)
   at Microsoft.AspNetCore.Diagnostics.DeveloperExceptionPageMiddlewareImpl.Invoke(HttpContext context)
2026-01-06 11:03:27.9531|Default|00-6ba00f9c93b8f60084f21330262da76b-326630e60d1ac9d2-00|1|Microsoft.AspNetCore.Diagnostics.DeveloperExceptionPageMiddleware|ERROR|An unhandled exception has occurred while executing the request. Microsoft.CSharp.RuntimeBinder.RuntimeBinderException: 'System.Array' does not contain a definition for 'Any'
   at CallSite.Target(Closure, CallSite, Object)
   at AspNetCoreGeneratedDocument.Pages_Widgets_Partials__PromotionWidget.ExecuteAsync() in C:\Users\Wanwi\OneDrive\Desktop\TechVerse\TechVerse.Cms\Pages\Widgets\Partials\_PromotionWidget.cshtml:line 17
   at Microsoft.AspNetCore.Mvc.Razor.RazorView.RenderPageCoreAsync(IRazorPage page, ViewContext context)
   at Microsoft.AspNetCore.Mvc.Razor.RazorView.RenderPageAsync(IRazorPage page, ViewContext context, Boolean invokeViewStarts)
   at Microsoft.AspNetCore.Mvc.Razor.RazorView.RenderAsync(ViewContext context)
   at Microsoft.AspNetCore.Mvc.ViewFeatures.HtmlHelper.RenderPartialCoreAsync(String partialViewName, Object model, ViewDataDictionary viewData, TextWriter writer)
   at Microsoft.AspNetCore.Mvc.ViewFeatures.HtmlHelper.PartialAsync(String partialViewName, Object model, ViewDataDictionary viewData)
   at AspNetCoreGeneratedDocument.Pages_Home_Index.ExecuteAsync() in C:\Users\Wanwi\OneDrive\Desktop\TechVerse\TechVerse.Cms\Pages\Home\Index.cshtml:line 19
   at Microsoft.AspNetCore.Mvc.Razor.RazorView.RenderPageCoreAsync(IRazorPage page, ViewContext context)
   at Microsoft.AspNetCore.Mvc.Razor.RazorView.RenderPageAsync(IRazorPage page, ViewContext context, Boolean invokeViewStarts)
   at Microsoft.AspNetCore.Mvc.Razor.RazorView.RenderAsync(ViewContext context)
   at Microsoft.AspNetCore.Mvc.ViewFeatures.ViewExecutor.ExecuteAsync(ViewContext viewContext, String contentType, Nullable`1 statusCode)
   at Microsoft.AspNetCore.Mvc.ViewFeatures.ViewExecutor.ExecuteAsync(ViewContext viewContext, String contentType, Nullable`1 statusCode)
   at Microsoft.AspNetCore.Mvc.Infrastructure.ResourceInvoker.<InvokeNextResultFilterAsync>g__Awaited|30_0[TFilter,TFilterAsync](ResourceInvoker invoker, Task lastTask, State next, Scope scope, Object state, Boolean isCompleted)
   at Microsoft.AspNetCore.Mvc.Infrastructure.ResourceInvoker.Rethrow(ResultExecutedContextSealed context)
   at Microsoft.AspNetCore.Mvc.Infrastructure.ResourceInvoker.ResultNext[TFilter,TFilterAsync](State& next, Scope& scope, Object& state, Boolean& isCompleted)
   at Microsoft.AspNetCore.Mvc.Infrastructure.ResourceInvoker.<InvokeResultFilters>g__Awaited|28_0(ResourceInvoker invoker, Task lastTask, State next, Scope scope, Object state, Boolean isCompleted)
   at Microsoft.AspNetCore.Mvc.Infrastructure.ResourceInvoker.<InvokeNextResourceFilter>g__Awaited|25_0(ResourceInvoker invoker, Task lastTask, State next, Scope scope, Object state, Boolean isCompleted)
   at Microsoft.AspNetCore.Mvc.Infrastructure.ResourceInvoker.Rethrow(ResourceExecutedContextSealed context)
   at Microsoft.AspNetCore.Mvc.Infrastructure.ResourceInvoker.Next(State& next, Scope& scope, Object& state, Boolean& isCompleted)
   at Microsoft.AspNetCore.Mvc.Infrastructure.ResourceInvoker.<InvokeFilterPipelineAsync>g__Awaited|20_0(ResourceInvoker invoker, Task lastTask, State next, Scope scope, Object state, Boolean isCompleted)
   at Microsoft.AspNetCore.Mvc.Infrastructure.ResourceInvoker.<InvokeAsync>g__Awaited|17_0(ResourceInvoker invoker, Task task, IDisposable scope)
   at Microsoft.AspNetCore.Mvc.Infrastructure.ResourceInvoker.<InvokeAsync>g__Awaited|17_0(ResourceInvoker invoker, Task task, IDisposable scope)
   at SixLabors.ImageSharp.Web.Middleware.ImageSharpMiddleware.Invoke(HttpContext httpContext, Boolean retry)
   at Microsoft.AspNetCore.Authorization.AuthorizationMiddleware.Invoke(HttpContext context)
   at OrchardCore.Liquid.ScriptsMiddleware.Invoke(HttpContext httpContext)
   at Microsoft.AspNetCore.Authentication.AuthenticationMiddleware.Invoke(HttpContext context)
   at OrchardCore.Diagnostics.DiagnosticsStartupFilter.<>c__DisplayClass3_0.<<Configure>b__1>d.MoveNext()
--- End of stack trace from previous location ---
   at Microsoft.AspNetCore.Diagnostics.StatusCodePagesMiddleware.Invoke(HttpContext context)
   at OrchardCore.ContentPreview.PreviewStartupFilter.<>c.<<Configure>b__0_1>d.MoveNext()
--- End of stack trace from previous location ---
   at OrchardCore.Users.Services.ExternalAuthenticationsStartupFilter.<>c.<<Configure>b__0_1>d.MoveNext()
--- End of stack trace from previous location ---
   at OrchardCore.Modules.ModularTenantRouterMiddleware.Invoke(HttpContext httpContext)
   at OrchardCore.Modules.ModularTenantContainerMiddleware.<>c__DisplayClass4_0.<<Invoke>b__0>d.MoveNext()
--- End of stack trace from previous location ---
   at OrchardCore.Environment.Shell.Scope.ShellScope.UsingAsync(Func`2 execute, Boolean activateShell)
   at OrchardCore.Environment.Shell.Scope.ShellScope.UsingAsync(Func`2 execute, Boolean activateShell)
   at OrchardCore.Environment.Shell.Scope.ShellScope.UsingAsync(Func`2 execute, Boolean activateShell)
   at OrchardCore.Environment.Shell.Scope.ShellScope.UsingAsync(Func`2 execute, Boolean activateShell)
   at OrchardCore.Environment.Shell.Scope.ShellScope.UsingAsync(Func`2 execute, Boolean activateShell)
   at OrchardCore.Modules.ModularTenantContainerMiddleware.Invoke(HttpContext httpContext)
   at Microsoft.AspNetCore.Authentication.AuthenticationMiddleware.Invoke(HttpContext context)
   at Microsoft.AspNetCore.Diagnostics.DeveloperExceptionPageMiddlewareImpl.Invoke(HttpContext context)    at CallSite.Target(Closure, CallSite, Object)
   at AspNetCoreGeneratedDocument.Pages_Widgets_Partials__PromotionWidget.ExecuteAsync() in C:\Users\Wanwi\OneDrive\Desktop\TechVerse\TechVerse.Cms\Pages\Widgets\Partials\_PromotionWidget.cshtml:line 17
   at Microsoft.AspNetCore.Mvc.Razor.RazorView.RenderPageCoreAsync(IRazorPage page, ViewContext context)
   at Microsoft.AspNetCore.Mvc.Razor.RazorView.RenderPageAsync(IRazorPage page, ViewContext context, Boolean invokeViewStarts)
   at Microsoft.AspNetCore.Mvc.Razor.RazorView.RenderAsync(ViewContext context)
   at Microsoft.AspNetCore.Mvc.ViewFeatures.HtmlHelper.RenderPartialCoreAsync(String partialViewName, Object model, ViewDataDictionary viewData, TextWriter writer)
   at Microsoft.AspNetCore.Mvc.ViewFeatures.HtmlHelper.PartialAsync(String partialViewName, Object model, ViewDataDictionary viewData)
   at AspNetCoreGeneratedDocument.Pages_Home_Index.ExecuteAsync() in C:\Users\Wanwi\OneDrive\Desktop\TechVerse\TechVerse.Cms\Pages\Home\Index.cshtml:line 19
   at Microsoft.AspNetCore.Mvc.Razor.RazorView.RenderPageCoreAsync(IRazorPage page, ViewContext context)
   at Microsoft.AspNetCore.Mvc.Razor.RazorView.RenderPageAsync(IRazorPage page, ViewContext context, Boolean invokeViewStarts)
   at Microsoft.AspNetCore.Mvc.Razor.RazorView.RenderAsync(ViewContext context)
   at Microsoft.AspNetCore.Mvc.ViewFeatures.ViewExecutor.ExecuteAsync(ViewContext viewContext, String contentType, Nullable`1 statusCode)
   at Microsoft.AspNetCore.Mvc.ViewFeatures.ViewExecutor.ExecuteAsync(ViewContext viewContext, String contentType, Nullable`1 statusCode)
   at Microsoft.AspNetCore.Mvc.Infrastructure.ResourceInvoker.<InvokeNextResultFilterAsync>g__Awaited|30_0[TFilter,TFilterAsync](ResourceInvoker invoker, Task lastTask, State next, Scope scope, Object state, Boolean isCompleted)
   at Microsoft.AspNetCore.Mvc.Infrastructure.ResourceInvoker.Rethrow(ResultExecutedContextSealed context)
   at Microsoft.AspNetCore.Mvc.Infrastructure.ResourceInvoker.ResultNext[TFilter,TFilterAsync](State& next, Scope& scope, Object& state, Boolean& isCompleted)
   at Microsoft.AspNetCore.Mvc.Infrastructure.ResourceInvoker.<InvokeResultFilters>g__Awaited|28_0(ResourceInvoker invoker, Task lastTask, State next, Scope scope, Object state, Boolean isCompleted)
   at Microsoft.AspNetCore.Mvc.Infrastructure.ResourceInvoker.<InvokeNextResourceFilter>g__Awaited|25_0(ResourceInvoker invoker, Task lastTask, State next, Scope scope, Object state, Boolean isCompleted)
   at Microsoft.AspNetCore.Mvc.Infrastructure.ResourceInvoker.Rethrow(ResourceExecutedContextSealed context)
   at Microsoft.AspNetCore.Mvc.Infrastructure.ResourceInvoker.Next(State& next, Scope& scope, Object& state, Boolean& isCompleted)
   at Microsoft.AspNetCore.Mvc.Infrastructure.ResourceInvoker.<InvokeFilterPipelineAsync>g__Awaited|20_0(ResourceInvoker invoker, Task lastTask, State next, Scope scope, Object state, Boolean isCompleted)
   at Microsoft.AspNetCore.Mvc.Infrastructure.ResourceInvoker.<InvokeAsync>g__Awaited|17_0(ResourceInvoker invoker, Task task, IDisposable scope)
   at Microsoft.AspNetCore.Mvc.Infrastructure.ResourceInvoker.<InvokeAsync>g__Awaited|17_0(ResourceInvoker invoker, Task task, IDisposable scope)
   at SixLabors.ImageSharp.Web.Middleware.ImageSharpMiddleware.Invoke(HttpContext httpContext, Boolean retry)
   at Microsoft.AspNetCore.Authorization.AuthorizationMiddleware.Invoke(HttpContext context)
   at OrchardCore.Liquid.ScriptsMiddleware.Invoke(HttpContext httpContext)
   at Microsoft.AspNetCore.Authentication.AuthenticationMiddleware.Invoke(HttpContext context)
   at OrchardCore.Diagnostics.DiagnosticsStartupFilter.<>c__DisplayClass3_0.<<Configure>b__1>d.MoveNext()
--- End of stack trace from previous location ---
   at Microsoft.AspNetCore.Diagnostics.StatusCodePagesMiddleware.Invoke(HttpContext context)
   at OrchardCore.ContentPreview.PreviewStartupFilter.<>c.<<Configure>b__0_1>d.MoveNext()
--- End of stack trace from previous location ---
   at OrchardCore.Users.Services.ExternalAuthenticationsStartupFilter.<>c.<<Configure>b__0_1>d.MoveNext()
--- End of stack trace from previous location ---
   at OrchardCore.Modules.ModularTenantRouterMiddleware.Invoke(HttpContext httpContext)
   at OrchardCore.Modules.ModularTenantContainerMiddleware.<>c__DisplayClass4_0.<<Invoke>b__0>d.MoveNext()
--- End of stack trace from previous location ---
   at OrchardCore.Environment.Shell.Scope.ShellScope.UsingAsync(Func`2 execute, Boolean activateShell)
   at OrchardCore.Environment.Shell.Scope.ShellScope.UsingAsync(Func`2 execute, Boolean activateShell)
   at OrchardCore.Environment.Shell.Scope.ShellScope.UsingAsync(Func`2 execute, Boolean activateShell)
   at OrchardCore.Environment.Shell.Scope.ShellScope.UsingAsync(Func`2 execute, Boolean activateShell)
   at OrchardCore.Environment.Shell.Scope.ShellScope.UsingAsync(Func`2 execute, Boolean activateShell)
   at OrchardCore.Modules.ModularTenantContainerMiddleware.Invoke(HttpContext httpContext)
   at Microsoft.AspNetCore.Authentication.AuthenticationMiddleware.Invoke(HttpContext context)
   at Microsoft.AspNetCore.Diagnostics.DeveloperExceptionPageMiddlewareImpl.Invoke(HttpContext context)
2026-01-06 11:03:48.3923|Default|00-f5a7f1cd22db5a84065578552b45a297-6d68a599e9e904fc-00|1|Microsoft.AspNetCore.Diagnostics.DeveloperExceptionPageMiddleware|ERROR|An unhandled exception has occurred while executing the request. Microsoft.CSharp.RuntimeBinder.RuntimeBinderException: 'System.Array' does not contain a definition for 'Any'
   at CallSite.Target(Closure, CallSite, Object)
   at AspNetCoreGeneratedDocument.Pages_Widgets_Partials__PromotionWidget.ExecuteAsync()
   at Microsoft.AspNetCore.Mvc.Razor.RazorView.RenderPageCoreAsync(IRazorPage page, ViewContext context)
   at Microsoft.AspNetCore.Mvc.Razor.RazorView.RenderPageAsync(IRazorPage page, ViewContext context, Boolean invokeViewStarts)
   at Microsoft.AspNetCore.Mvc.Razor.RazorView.RenderAsync(ViewContext context)
   at Microsoft.AspNetCore.Mvc.ViewFeatures.HtmlHelper.RenderPartialCoreAsync(String partialViewName, Object model, ViewDataDictionary viewData, TextWriter writer)
   at Microsoft.AspNetCore.Mvc.ViewFeatures.HtmlHelper.PartialAsync(String partialViewName, Object model, ViewDataDictionary viewData)
   at AspNetCoreGeneratedDocument.Pages_Home_Index.ExecuteAsync()
   at Microsoft.AspNetCore.Mvc.Razor.RazorView.RenderPageCoreAsync(IRazorPage page, ViewContext context)
   at Microsoft.AspNetCore.Mvc.Razor.RazorView.RenderPageAsync(IRazorPage page, ViewContext context, Boolean invokeViewStarts)
   at Microsoft.AspNetCore.Mvc.Razor.RazorView.RenderAsync(ViewContext context)
   at Microsoft.AspNetCore.Mvc.ViewFeatures.ViewExecutor.ExecuteAsync(ViewContext viewContext, String contentType, Nullable`1 statusCode)
   at Microsoft.AspNetCore.Mvc.ViewFeatures.ViewExecutor.ExecuteAsync(ViewContext viewContext, String contentType, Nullable`1 statusCode)
   at Microsoft.AspNetCore.Mvc.Infrastructure.ResourceInvoker.<InvokeNextResultFilterAsync>g__Awaited|30_0[TFilter,TFilterAsync](ResourceInvoker invoker, Task lastTask, State next, Scope scope, Object state, Boolean isCompleted)
   at Microsoft.AspNetCore.Mvc.Infrastructure.ResourceInvoker.Rethrow(ResultExecutedContextSealed context)
   at Microsoft.AspNetCore.Mvc.Infrastructure.ResourceInvoker.ResultNext[TFilter,TFilterAsync](State& next, Scope& scope, Object& state, Boolean& isCompleted)
   at Microsoft.AspNetCore.Mvc.Infrastructure.ResourceInvoker.<InvokeResultFilters>g__Awaited|28_0(ResourceInvoker invoker, Task lastTask, State next, Scope scope, Object state, Boolean isCompleted)
   at Microsoft.AspNetCore.Mvc.Infrastructure.ResourceInvoker.<InvokeNextResourceFilter>g__Awaited|25_0(ResourceInvoker invoker, Task lastTask, State next, Scope scope, Object state, Boolean isCompleted)
   at Microsoft.AspNetCore.Mvc.Infrastructure.ResourceInvoker.Rethrow(ResourceExecutedContextSealed context)
   at Microsoft.AspNetCore.Mvc.Infrastructure.ResourceInvoker.Next(State& next, Scope& scope, Object& state, Boolean& isCompleted)
   at Microsoft.AspNetCore.Mvc.Infrastructure.ResourceInvoker.<InvokeFilterPipelineAsync>g__Awaited|20_0(ResourceInvoker invoker, Task lastTask, State next, Scope scope, Object state, Boolean isCompleted)
   at Microsoft.AspNetCore.Mvc.Infrastructure.ResourceInvoker.<InvokeAsync>g__Awaited|17_0(ResourceInvoker invoker, Task task, IDisposable scope)
   at Microsoft.AspNetCore.Mvc.Infrastructure.ResourceInvoker.<InvokeAsync>g__Awaited|17_0(ResourceInvoker invoker, Task task, IDisposable scope)
   at SixLabors.ImageSharp.Web.Middleware.ImageSharpMiddleware.Invoke(HttpContext httpContext, Boolean retry)
   at Microsoft.AspNetCore.Authorization.AuthorizationMiddleware.Invoke(HttpContext context)
   at OrchardCore.Liquid.ScriptsMiddleware.Invoke(HttpContext httpContext)
   at Microsoft.AspNetCore.Authentication.AuthenticationMiddleware.Invoke(HttpContext context)
   at OrchardCore.Diagnostics.DiagnosticsStartupFilter.<>c__DisplayClass3_0.<<Configure>b__1>d.MoveNext()
--- End of stack trace from previous location ---
   at Microsoft.AspNetCore.Diagnostics.StatusCodePagesMiddleware.Invoke(HttpContext context)
   at OrchardCore.ContentPreview.PreviewStartupFilter.<>c.<<Configure>b__0_1>d.MoveNext()
--- End of stack trace from previous location ---
   at OrchardCore.Users.Services.ExternalAuthenticationsStartupFilter.<>c.<<Configure>b__0_1>d.MoveNext()
--- End of stack trace from previous location ---
   at OrchardCore.Modules.ModularTenantRouterMiddleware.Invoke(HttpContext httpContext)
   at OrchardCore.Modules.ModularTenantContainerMiddleware.<>c__DisplayClass4_0.<<Invoke>b__0>d.MoveNext()
--- End of stack trace from previous location ---
   at OrchardCore.Environment.Shell.Scope.ShellScope.UsingAsync(Func`2 execute, Boolean activateShell)
   at OrchardCore.Environment.Shell.Scope.ShellScope.UsingAsync(Func`2 execute, Boolean activateShell)
   at OrchardCore.Environment.Shell.Scope.ShellScope.UsingAsync(Func`2 execute, Boolean activateShell)
   at OrchardCore.Environment.Shell.Scope.ShellScope.UsingAsync(Func`2 execute, Boolean activateShell)
   at OrchardCore.Environment.Shell.Scope.ShellScope.UsingAsync(Func`2 execute, Boolean activateShell)
   at OrchardCore.Modules.ModularTenantContainerMiddleware.Invoke(HttpContext httpContext)
   at Microsoft.AspNetCore.Authentication.AuthenticationMiddleware.Invoke(HttpContext context)
   at Microsoft.AspNetCore.Diagnostics.DeveloperExceptionPageMiddlewareImpl.Invoke(HttpContext context)    at CallSite.Target(Closure, CallSite, Object)
   at AspNetCoreGeneratedDocument.Pages_Widgets_Partials__PromotionWidget.ExecuteAsync()
   at Microsoft.AspNetCore.Mvc.Razor.RazorView.RenderPageCoreAsync(IRazorPage page, ViewContext context)
   at Microsoft.AspNetCore.Mvc.Razor.RazorView.RenderPageAsync(IRazorPage page, ViewContext context, Boolean invokeViewStarts)
   at Microsoft.AspNetCore.Mvc.Razor.RazorView.RenderAsync(ViewContext context)
   at Microsoft.AspNetCore.Mvc.ViewFeatures.HtmlHelper.RenderPartialCoreAsync(String partialViewName, Object model, ViewDataDictionary viewData, TextWriter writer)
   at Microsoft.AspNetCore.Mvc.ViewFeatures.HtmlHelper.PartialAsync(String partialViewName, Object model, ViewDataDictionary viewData)
   at AspNetCoreGeneratedDocument.Pages_Home_Index.ExecuteAsync()
   at Microsoft.AspNetCore.Mvc.Razor.RazorView.RenderPageCoreAsync(IRazorPage page, ViewContext context)
   at Microsoft.AspNetCore.Mvc.Razor.RazorView.RenderPageAsync(IRazorPage page, ViewContext context, Boolean invokeViewStarts)
   at Microsoft.AspNetCore.Mvc.Razor.RazorView.RenderAsync(ViewContext context)
   at Microsoft.AspNetCore.Mvc.ViewFeatures.ViewExecutor.ExecuteAsync(ViewContext viewContext, String contentType, Nullable`1 statusCode)
   at Microsoft.AspNetCore.Mvc.ViewFeatures.ViewExecutor.ExecuteAsync(ViewContext viewContext, String contentType, Nullable`1 statusCode)
   at Microsoft.AspNetCore.Mvc.Infrastructure.ResourceInvoker.<InvokeNextResultFilterAsync>g__Awaited|30_0[TFilter,TFilterAsync](ResourceInvoker invoker, Task lastTask, State next, Scope scope, Object state, Boolean isCompleted)
   at Microsoft.AspNetCore.Mvc.Infrastructure.ResourceInvoker.Rethrow(ResultExecutedContextSealed context)
   at Microsoft.AspNetCore.Mvc.Infrastructure.ResourceInvoker.ResultNext[TFilter,TFilterAsync](State& next, Scope& scope, Object& state, Boolean& isCompleted)
   at Microsoft.AspNetCore.Mvc.Infrastructure.ResourceInvoker.<InvokeResultFilters>g__Awaited|28_0(ResourceInvoker invoker, Task lastTask, State next, Scope scope, Object state, Boolean isCompleted)
   at Microsoft.AspNetCore.Mvc.Infrastructure.ResourceInvoker.<InvokeNextResourceFilter>g__Awaited|25_0(ResourceInvoker invoker, Task lastTask, State next, Scope scope, Object state, Boolean isCompleted)
   at Microsoft.AspNetCore.Mvc.Infrastructure.ResourceInvoker.Rethrow(ResourceExecutedContextSealed context)
   at Microsoft.AspNetCore.Mvc.Infrastructure.ResourceInvoker.Next(State& next, Scope& scope, Object& state, Boolean& isCompleted)
   at Microsoft.AspNetCore.Mvc.Infrastructure.ResourceInvoker.<InvokeFilterPipelineAsync>g__Awaited|20_0(ResourceInvoker invoker, Task lastTask, State next, Scope scope, Object state, Boolean isCompleted)
   at Microsoft.AspNetCore.Mvc.Infrastructure.ResourceInvoker.<InvokeAsync>g__Awaited|17_0(ResourceInvoker invoker, Task task, IDisposable scope)
   at Microsoft.AspNetCore.Mvc.Infrastructure.ResourceInvoker.<InvokeAsync>g__Awaited|17_0(ResourceInvoker invoker, Task task, IDisposable scope)
   at SixLabors.ImageSharp.Web.Middleware.ImageSharpMiddleware.Invoke(HttpContext httpContext, Boolean retry)
   at Microsoft.AspNetCore.Authorization.AuthorizationMiddleware.Invoke(HttpContext context)
   at OrchardCore.Liquid.ScriptsMiddleware.Invoke(HttpContext httpContext)
   at Microsoft.AspNetCore.Authentication.AuthenticationMiddleware.Invoke(HttpContext context)
   at OrchardCore.Diagnostics.DiagnosticsStartupFilter.<>c__DisplayClass3_0.<<Configure>b__1>d.MoveNext()
--- End of stack trace from previous location ---
   at Microsoft.AspNetCore.Diagnostics.StatusCodePagesMiddleware.Invoke(HttpContext context)
   at OrchardCore.ContentPreview.PreviewStartupFilter.<>c.<<Configure>b__0_1>d.MoveNext()
--- End of stack trace from previous location ---
   at OrchardCore.Users.Services.ExternalAuthenticationsStartupFilter.<>c.<<Configure>b__0_1>d.MoveNext()
--- End of stack trace from previous location ---
   at OrchardCore.Modules.ModularTenantRouterMiddleware.Invoke(HttpContext httpContext)
   at OrchardCore.Modules.ModularTenantContainerMiddleware.<>c__DisplayClass4_0.<<Invoke>b__0>d.MoveNext()
--- End of stack trace from previous location ---
   at OrchardCore.Environment.Shell.Scope.ShellScope.UsingAsync(Func`2 execute, Boolean activateShell)
   at OrchardCore.Environment.Shell.Scope.ShellScope.UsingAsync(Func`2 execute, Boolean activateShell)
   at OrchardCore.Environment.Shell.Scope.ShellScope.UsingAsync(Func`2 execute, Boolean activateShell)
   at OrchardCore.Environment.Shell.Scope.ShellScope.UsingAsync(Func`2 execute, Boolean activateShell)
   at OrchardCore.Environment.Shell.Scope.ShellScope.UsingAsync(Func`2 execute, Boolean activateShell)
   at OrchardCore.Modules.ModularTenantContainerMiddleware.Invoke(HttpContext httpContext)
   at Microsoft.AspNetCore.Authentication.AuthenticationMiddleware.Invoke(HttpContext context)
   at Microsoft.AspNetCore.Diagnostics.DeveloperExceptionPageMiddlewareImpl.Invoke(HttpContext context)
2026-01-06 11:21:04.9784||||Microsoft.Hosting.Lifetime|INFO|Application started. Press Ctrl+C to shut down. 
2026-01-06 11:21:05.0626||||Microsoft.Hosting.Lifetime|INFO|Hosting environment: Development 
2026-01-06 11:21:05.0789||||Microsoft.Hosting.Lifetime|INFO|Content root path: C:\Users\Wanwi\OneDrive\Desktop\TechVerse\TechVerse.Cms 
2026-01-06 12:03:04.8969||||Microsoft.Hosting.Lifetime|INFO|Application started. Press Ctrl+C to shut down. 
2026-01-06 12:03:04.9500||||Microsoft.Hosting.Lifetime|INFO|Hosting environment: Development 
2026-01-06 12:03:04.9591||||Microsoft.Hosting.Lifetime|INFO|Content root path: C:\Users\Wanwi\OneDrive\Desktop\TechVerse\TechVerse.Cms 
2026-01-06 12:36:56.6905||||Microsoft.Hosting.Lifetime|INFO|Application started. Press Ctrl+C to shut down. 
2026-01-06 12:36:56.7297||||Microsoft.Hosting.Lifetime|INFO|Hosting environment: Development 
2026-01-06 12:36:56.7360||||Microsoft.Hosting.Lifetime|INFO|Content root path: C:\Users\Wanwi\OneDrive\Desktop\TechVerse\TechVerse.Cms 
2026-01-06 14:12:37.2885||||Microsoft.Hosting.Lifetime|INFO|Application started. Press Ctrl+C to shut down. 
2026-01-06 14:12:37.3271||||Microsoft.Hosting.Lifetime|INFO|Hosting environment: Development 
2026-01-06 14:12:37.3336||||Microsoft.Hosting.Lifetime|INFO|Content root path: C:\Users\Wanwi\OneDrive\Desktop\TechVerse\TechVerse.Cms 
2026-01-06 14:42:18.9409|Default|00-60905b2338afa6b80112079a8761c598-c875663bac716e26-00|1|Microsoft.AspNetCore.Diagnostics.DeveloperExceptionPageMiddleware|ERROR|An unhandled exception has occurred while executing the request. System.Runtime.CompilerServices.HotReloadException: Attempted to invoke a deleted method implementation. This can happen when a method is deleted or its name or signature is changed while the application is running.
   at TechVerse.Cms.Pages.Product.IndexModel.OnGet()
   at Microsoft.AspNetCore.Mvc.RazorPages.Infrastructure.ExecutorFactory.VoidHandlerMethod.Execute(Object receiver, Object[] arguments)
   at Microsoft.AspNetCore.Mvc.RazorPages.Infrastructure.PageActionInvoker.InvokeHandlerMethodAsync()
   at Microsoft.AspNetCore.Mvc.RazorPages.Infrastructure.PageActionInvoker.InvokeNextPageFilterAsync()
   at Microsoft.AspNetCore.Mvc.RazorPages.Infrastructure.PageActionInvoker.Rethrow(PageHandlerExecutedContext context)
   at Microsoft.AspNetCore.Mvc.RazorPages.Infrastructure.PageActionInvoker.Next(State& next, Scope& scope, Object& state, Boolean& isCompleted)
   at Microsoft.AspNetCore.Mvc.RazorPages.Infrastructure.PageActionInvoker.InvokeInnerFilterAsync()
   at Microsoft.AspNetCore.Mvc.Infrastructure.ResourceInvoker.<InvokeNextResourceFilter>g__Awaited|25_0(ResourceInvoker invoker, Task lastTask, State next, Scope scope, Object state, Boolean isCompleted)
   at Microsoft.AspNetCore.Mvc.Infrastructure.ResourceInvoker.Rethrow(ResourceExecutedContextSealed context)
   at Microsoft.AspNetCore.Mvc.Infrastructure.ResourceInvoker.Next(State& next, Scope& scope, Object& state, Boolean& isCompleted)
   at Microsoft.AspNetCore.Mvc.Infrastructure.ResourceInvoker.InvokeFilterPipelineAsync()
--- End of stack trace from previous location ---
   at Microsoft.AspNetCore.Mvc.Infrastructure.ResourceInvoker.<InvokeAsync>g__Awaited|17_0(ResourceInvoker invoker, Task task, IDisposable scope)
   at Microsoft.AspNetCore.Mvc.Infrastructure.ResourceInvoker.<InvokeAsync>g__Awaited|17_0(ResourceInvoker invoker, Task task, IDisposable scope)
   at SixLabors.ImageSharp.Web.Middleware.ImageSharpMiddleware.Invoke(HttpContext httpContext, Boolean retry)
   at Microsoft.AspNetCore.Authorization.AuthorizationMiddleware.Invoke(HttpContext context)
   at OrchardCore.Liquid.ScriptsMiddleware.Invoke(HttpContext httpContext)
   at Microsoft.AspNetCore.Authentication.AuthenticationMiddleware.Invoke(HttpContext context)
   at OrchardCore.Diagnostics.DiagnosticsStartupFilter.<>c__DisplayClass3_0.<<Configure>b__1>d.MoveNext()
--- End of stack trace from previous location ---
   at Microsoft.AspNetCore.Diagnostics.StatusCodePagesMiddleware.Invoke(HttpContext context)
   at OrchardCore.ContentPreview.PreviewStartupFilter.<>c.<<Configure>b__0_1>d.MoveNext()
--- End of stack trace from previous location ---
   at OrchardCore.Users.Services.ExternalAuthenticationsStartupFilter.<>c.<<Configure>b__0_1>d.MoveNext()
--- End of stack trace from previous location ---
   at OrchardCore.Modules.ModularTenantRouterMiddleware.Invoke(HttpContext httpContext)
   at OrchardCore.Modules.ModularTenantContainerMiddleware.<>c__DisplayClass4_0.<<Invoke>b__0>d.MoveNext()
--- End of stack trace from previous location ---
   at OrchardCore.Environment.Shell.Scope.ShellScope.UsingAsync(Func`2 execute, Boolean activateShell)
   at OrchardCore.Environment.Shell.Scope.ShellScope.UsingAsync(Func`2 execute, Boolean activateShell)
   at OrchardCore.Environment.Shell.Scope.ShellScope.UsingAsync(Func`2 execute, Boolean activateShell)
   at OrchardCore.Environment.Shell.Scope.ShellScope.UsingAsync(Func`2 execute, Boolean activateShell)
   at OrchardCore.Environment.Shell.Scope.ShellScope.UsingAsync(Func`2 execute, Boolean activateShell)
   at OrchardCore.Modules.ModularTenantContainerMiddleware.Invoke(HttpContext httpContext)
   at Microsoft.AspNetCore.Authentication.AuthenticationMiddleware.Invoke(HttpContext context)
   at Microsoft.AspNetCore.Diagnostics.DeveloperExceptionPageMiddlewareImpl.Invoke(HttpContext context)    at TechVerse.Cms.Pages.Product.IndexModel.OnGet()
   at Microsoft.AspNetCore.Mvc.RazorPages.Infrastructure.ExecutorFactory.VoidHandlerMethod.Execute(Object receiver, Object[] arguments)
   at Microsoft.AspNetCore.Mvc.RazorPages.Infrastructure.PageActionInvoker.InvokeHandlerMethodAsync()
   at Microsoft.AspNetCore.Mvc.RazorPages.Infrastructure.PageActionInvoker.InvokeNextPageFilterAsync()
   at Microsoft.AspNetCore.Mvc.RazorPages.Infrastructure.PageActionInvoker.Rethrow(PageHandlerExecutedContext context)
   at Microsoft.AspNetCore.Mvc.RazorPages.Infrastructure.PageActionInvoker.Next(State& next, Scope& scope, Object& state, Boolean& isCompleted)
   at Microsoft.AspNetCore.Mvc.RazorPages.Infrastructure.PageActionInvoker.InvokeInnerFilterAsync()
   at Microsoft.AspNetCore.Mvc.Infrastructure.ResourceInvoker.<InvokeNextResourceFilter>g__Awaited|25_0(ResourceInvoker invoker, Task lastTask, State next, Scope scope, Object state, Boolean isCompleted)
   at Microsoft.AspNetCore.Mvc.Infrastructure.ResourceInvoker.Rethrow(ResourceExecutedContextSealed context)
   at Microsoft.AspNetCore.Mvc.Infrastructure.ResourceInvoker.Next(State& next, Scope& scope, Object& state, Boolean& isCompleted)
   at Microsoft.AspNetCore.Mvc.Infrastructure.ResourceInvoker.InvokeFilterPipelineAsync()
--- End of stack trace from previous location ---
   at Microsoft.AspNetCore.Mvc.Infrastructure.ResourceInvoker.<InvokeAsync>g__Awaited|17_0(ResourceInvoker invoker, Task task, IDisposable scope)
   at Microsoft.AspNetCore.Mvc.Infrastructure.ResourceInvoker.<InvokeAsync>g__Awaited|17_0(ResourceInvoker invoker, Task task, IDisposable scope)
   at SixLabors.ImageSharp.Web.Middleware.ImageSharpMiddleware.Invoke(HttpContext httpContext, Boolean retry)
   at Microsoft.AspNetCore.Authorization.AuthorizationMiddleware.Invoke(HttpContext context)
   at OrchardCore.Liquid.ScriptsMiddleware.Invoke(HttpContext httpContext)
   at Microsoft.AspNetCore.Authentication.AuthenticationMiddleware.Invoke(HttpContext context)
   at OrchardCore.Diagnostics.DiagnosticsStartupFilter.<>c__DisplayClass3_0.<<Configure>b__1>d.MoveNext()
--- End of stack trace from previous location ---
   at Microsoft.AspNetCore.Diagnostics.StatusCodePagesMiddleware.Invoke(HttpContext context)
   at OrchardCore.ContentPreview.PreviewStartupFilter.<>c.<<Configure>b__0_1>d.MoveNext()
--- End of stack trace from previous location ---
   at OrchardCore.Users.Services.ExternalAuthenticationsStartupFilter.<>c.<<Configure>b__0_1>d.MoveNext()
--- End of stack trace from previous location ---
   at OrchardCore.Modules.ModularTenantRouterMiddleware.Invoke(HttpContext httpContext)
   at OrchardCore.Modules.ModularTenantContainerMiddleware.<>c__DisplayClass4_0.<<Invoke>b__0>d.MoveNext()
--- End of stack trace from previous location ---
   at OrchardCore.Environment.Shell.Scope.ShellScope.UsingAsync(Func`2 execute, Boolean activateShell)
   at OrchardCore.Environment.Shell.Scope.ShellScope.UsingAsync(Func`2 execute, Boolean activateShell)
   at OrchardCore.Environment.Shell.Scope.ShellScope.UsingAsync(Func`2 execute, Boolean activateShell)
   at OrchardCore.Environment.Shell.Scope.ShellScope.UsingAsync(Func`2 execute, Boolean activateShell)
   at OrchardCore.Environment.Shell.Scope.ShellScope.UsingAsync(Func`2 execute, Boolean activateShell)
   at OrchardCore.Modules.ModularTenantContainerMiddleware.Invoke(HttpContext httpContext)
   at Microsoft.AspNetCore.Authentication.AuthenticationMiddleware.Invoke(HttpContext context)
   at Microsoft.AspNetCore.Diagnostics.DeveloperExceptionPageMiddlewareImpl.Invoke(HttpContext context)
2026-01-06 14:42:25.8211|Default|00-da5b074505b5b87b40d7c27cbc5fc342-630c2e2f00c8d9a2-00|1|Microsoft.AspNetCore.Diagnostics.DeveloperExceptionPageMiddleware|ERROR|An unhandled exception has occurred while executing the request. System.Runtime.CompilerServices.HotReloadException: Attempted to invoke a deleted method implementation. This can happen when a method is deleted or its name or signature is changed while the application is running.
   at TechVerse.Cms.Pages.Product.IndexModel.OnGet()
   at Microsoft.AspNetCore.Mvc.RazorPages.Infrastructure.ExecutorFactory.VoidHandlerMethod.Execute(Object receiver, Object[] arguments)
   at Microsoft.AspNetCore.Mvc.RazorPages.Infrastructure.PageActionInvoker.InvokeHandlerMethodAsync()
   at Microsoft.AspNetCore.Mvc.RazorPages.Infrastructure.PageActionInvoker.InvokeNextPageFilterAsync()
   at Microsoft.AspNetCore.Mvc.RazorPages.Infrastructure.PageActionInvoker.Rethrow(PageHandlerExecutedContext context)
   at Microsoft.AspNetCore.Mvc.RazorPages.Infrastructure.PageActionInvoker.Next(State& next, Scope& scope, Object& state, Boolean& isCompleted)
   at Microsoft.AspNetCore.Mvc.RazorPages.Infrastructure.PageActionInvoker.InvokeInnerFilterAsync()
   at Microsoft.AspNetCore.Mvc.Infrastructure.ResourceInvoker.<InvokeNextResourceFilter>g__Awaited|25_0(ResourceInvoker invoker, Task lastTask, State next, Scope scope, Object state, Boolean isCompleted)
   at Microsoft.AspNetCore.Mvc.Infrastructure.ResourceInvoker.Rethrow(ResourceExecutedContextSealed context)
   at Microsoft.AspNetCore.Mvc.Infrastructure.ResourceInvoker.Next(State& next, Scope& scope, Object& state, Boolean& isCompleted)
   at Microsoft.AspNetCore.Mvc.Infrastructure.ResourceInvoker.InvokeFilterPipelineAsync()
--- End of stack trace from previous location ---
   at Microsoft.AspNetCore.Mvc.Infrastructure.ResourceInvoker.<InvokeAsync>g__Awaited|17_0(ResourceInvoker invoker, Task task, IDisposable scope)
   at Microsoft.AspNetCore.Mvc.Infrastructure.ResourceInvoker.<InvokeAsync>g__Awaited|17_0(ResourceInvoker invoker, Task task, IDisposable scope)
   at SixLabors.ImageSharp.Web.Middleware.ImageSharpMiddleware.Invoke(HttpContext httpContext, Boolean retry)
   at Microsoft.AspNetCore.Authorization.AuthorizationMiddleware.Invoke(HttpContext context)
   at OrchardCore.Liquid.ScriptsMiddleware.Invoke(HttpContext httpContext)
   at Microsoft.AspNetCore.Authentication.AuthenticationMiddleware.Invoke(HttpContext context)
   at OrchardCore.Diagnostics.DiagnosticsStartupFilter.<>c__DisplayClass3_0.<<Configure>b__1>d.MoveNext()
--- End of stack trace from previous location ---
   at Microsoft.AspNetCore.Diagnostics.StatusCodePagesMiddleware.Invoke(HttpContext context)
   at OrchardCore.ContentPreview.PreviewStartupFilter.<>c.<<Configure>b__0_1>d.MoveNext()
--- End of stack trace from previous location ---
   at OrchardCore.Users.Services.ExternalAuthenticationsStartupFilter.<>c.<<Configure>b__0_1>d.MoveNext()
--- End of stack trace from previous location ---
   at OrchardCore.Modules.ModularTenantRouterMiddleware.Invoke(HttpContext httpContext)
   at OrchardCore.Modules.ModularTenantContainerMiddleware.<>c__DisplayClass4_0.<<Invoke>b__0>d.MoveNext()
--- End of stack trace from previous location ---
   at OrchardCore.Environment.Shell.Scope.ShellScope.UsingAsync(Func`2 execute, Boolean activateShell)
   at OrchardCore.Environment.Shell.Scope.ShellScope.UsingAsync(Func`2 execute, Boolean activateShell)
   at OrchardCore.Environment.Shell.Scope.ShellScope.UsingAsync(Func`2 execute, Boolean activateShell)
   at OrchardCore.Environment.Shell.Scope.ShellScope.UsingAsync(Func`2 execute, Boolean activateShell)
   at OrchardCore.Environment.Shell.Scope.ShellScope.UsingAsync(Func`2 execute, Boolean activateShell)
   at OrchardCore.Modules.ModularTenantContainerMiddleware.Invoke(HttpContext httpContext)
   at Microsoft.AspNetCore.Authentication.AuthenticationMiddleware.Invoke(HttpContext context)
   at Microsoft.AspNetCore.Diagnostics.DeveloperExceptionPageMiddlewareImpl.Invoke(HttpContext context)    at TechVerse.Cms.Pages.Product.IndexModel.OnGet()
   at Microsoft.AspNetCore.Mvc.RazorPages.Infrastructure.ExecutorFactory.VoidHandlerMethod.Execute(Object receiver, Object[] arguments)
   at Microsoft.AspNetCore.Mvc.RazorPages.Infrastructure.PageActionInvoker.InvokeHandlerMethodAsync()
   at Microsoft.AspNetCore.Mvc.RazorPages.Infrastructure.PageActionInvoker.InvokeNextPageFilterAsync()
   at Microsoft.AspNetCore.Mvc.RazorPages.Infrastructure.PageActionInvoker.Rethrow(PageHandlerExecutedContext context)
   at Microsoft.AspNetCore.Mvc.RazorPages.Infrastructure.PageActionInvoker.Next(State& next, Scope& scope, Object& state, Boolean& isCompleted)
   at Microsoft.AspNetCore.Mvc.RazorPages.Infrastructure.PageActionInvoker.InvokeInnerFilterAsync()
   at Microsoft.AspNetCore.Mvc.Infrastructure.ResourceInvoker.<InvokeNextResourceFilter>g__Awaited|25_0(ResourceInvoker invoker, Task lastTask, State next, Scope scope, Object state, Boolean isCompleted)
   at Microsoft.AspNetCore.Mvc.Infrastructure.ResourceInvoker.Rethrow(ResourceExecutedContextSealed context)
   at Microsoft.AspNetCore.Mvc.Infrastructure.ResourceInvoker.Next(State& next, Scope& scope, Object& state, Boolean& isCompleted)
   at Microsoft.AspNetCore.Mvc.Infrastructure.ResourceInvoker.InvokeFilterPipelineAsync()
--- End of stack trace from previous location ---
   at Microsoft.AspNetCore.Mvc.Infrastructure.ResourceInvoker.<InvokeAsync>g__Awaited|17_0(ResourceInvoker invoker, Task task, IDisposable scope)
   at Microsoft.AspNetCore.Mvc.Infrastructure.ResourceInvoker.<InvokeAsync>g__Awaited|17_0(ResourceInvoker invoker, Task task, IDisposable scope)
   at SixLabors.ImageSharp.Web.Middleware.ImageSharpMiddleware.Invoke(HttpContext httpContext, Boolean retry)
   at Microsoft.AspNetCore.Authorization.AuthorizationMiddleware.Invoke(HttpContext context)
   at OrchardCore.Liquid.ScriptsMiddleware.Invoke(HttpContext httpContext)
   at Microsoft.AspNetCore.Authentication.AuthenticationMiddleware.Invoke(HttpContext context)
   at OrchardCore.Diagnostics.DiagnosticsStartupFilter.<>c__DisplayClass3_0.<<Configure>b__1>d.MoveNext()
--- End of stack trace from previous location ---
   at Microsoft.AspNetCore.Diagnostics.StatusCodePagesMiddleware.Invoke(HttpContext context)
   at OrchardCore.ContentPreview.PreviewStartupFilter.<>c.<<Configure>b__0_1>d.MoveNext()
--- End of stack trace from previous location ---
   at OrchardCore.Users.Services.ExternalAuthenticationsStartupFilter.<>c.<<Configure>b__0_1>d.MoveNext()
--- End of stack trace from previous location ---
   at OrchardCore.Modules.ModularTenantRouterMiddleware.Invoke(HttpContext httpContext)
   at OrchardCore.Modules.ModularTenantContainerMiddleware.<>c__DisplayClass4_0.<<Invoke>b__0>d.MoveNext()
--- End of stack trace from previous location ---
   at OrchardCore.Environment.Shell.Scope.ShellScope.UsingAsync(Func`2 execute, Boolean activateShell)
   at OrchardCore.Environment.Shell.Scope.ShellScope.UsingAsync(Func`2 execute, Boolean activateShell)
   at OrchardCore.Environment.Shell.Scope.ShellScope.UsingAsync(Func`2 execute, Boolean activateShell)
   at OrchardCore.Environment.Shell.Scope.ShellScope.UsingAsync(Func`2 execute, Boolean activateShell)
   at OrchardCore.Environment.Shell.Scope.ShellScope.UsingAsync(Func`2 execute, Boolean activateShell)
   at OrchardCore.Modules.ModularTenantContainerMiddleware.Invoke(HttpContext httpContext)
   at Microsoft.AspNetCore.Authentication.AuthenticationMiddleware.Invoke(HttpContext context)
   at Microsoft.AspNetCore.Diagnostics.DeveloperExceptionPageMiddlewareImpl.Invoke(HttpContext context)
2026-01-06 15:16:57.0112|Default|00-1abba53752aff6b99541267e965aa436-aa4bedecce1d2a99-00|1|Microsoft.AspNetCore.Diagnostics.DeveloperExceptionPageMiddleware|ERROR|An unhandled exception has occurred while executing the request. System.Runtime.CompilerServices.HotReloadException: Attempted to invoke a deleted method implementation. This can happen when a method is deleted or its name or signature is changed while the application is running.
   at TechVerse.Cms.Pages.Product.IndexModel.OnGet()
   at Microsoft.AspNetCore.Mvc.RazorPages.Infrastructure.ExecutorFactory.VoidHandlerMethod.Execute(Object receiver, Object[] arguments)
   at Microsoft.AspNetCore.Mvc.RazorPages.Infrastructure.PageActionInvoker.InvokeHandlerMethodAsync()
   at Microsoft.AspNetCore.Mvc.RazorPages.Infrastructure.PageActionInvoker.InvokeNextPageFilterAsync()
   at Microsoft.AspNetCore.Mvc.RazorPages.Infrastructure.PageActionInvoker.Rethrow(PageHandlerExecutedContext context)
   at Microsoft.AspNetCore.Mvc.RazorPages.Infrastructure.PageActionInvoker.Next(State& next, Scope& scope, Object& state, Boolean& isCompleted)
   at Microsoft.AspNetCore.Mvc.RazorPages.Infrastructure.PageActionInvoker.InvokeInnerFilterAsync()
   at Microsoft.AspNetCore.Mvc.Infrastructure.ResourceInvoker.<InvokeNextResourceFilter>g__Awaited|25_0(ResourceInvoker invoker, Task lastTask, State next, Scope scope, Object state, Boolean isCompleted)
   at Microsoft.AspNetCore.Mvc.Infrastructure.ResourceInvoker.Rethrow(ResourceExecutedContextSealed context)
   at Microsoft.AspNetCore.Mvc.Infrastructure.ResourceInvoker.Next(State& next, Scope& scope, Object& state, Boolean& isCompleted)
   at Microsoft.AspNetCore.Mvc.Infrastructure.ResourceInvoker.InvokeFilterPipelineAsync()
--- End of stack trace from previous location ---
   at Microsoft.AspNetCore.Mvc.Infrastructure.ResourceInvoker.<InvokeAsync>g__Awaited|17_0(ResourceInvoker invoker, Task task, IDisposable scope)
   at Microsoft.AspNetCore.Mvc.Infrastructure.ResourceInvoker.<InvokeAsync>g__Awaited|17_0(ResourceInvoker invoker, Task task, IDisposable scope)
   at SixLabors.ImageSharp.Web.Middleware.ImageSharpMiddleware.Invoke(HttpContext httpContext, Boolean retry)
   at Microsoft.AspNetCore.Authorization.AuthorizationMiddleware.Invoke(HttpContext context)
   at OrchardCore.Liquid.ScriptsMiddleware.Invoke(HttpContext httpContext)
   at Microsoft.AspNetCore.Authentication.AuthenticationMiddleware.Invoke(HttpContext context)
   at OrchardCore.Diagnostics.DiagnosticsStartupFilter.<>c__DisplayClass3_0.<<Configure>b__1>d.MoveNext()
--- End of stack trace from previous location ---
   at Microsoft.AspNetCore.Diagnostics.StatusCodePagesMiddleware.Invoke(HttpContext context)
   at OrchardCore.ContentPreview.PreviewStartupFilter.<>c.<<Configure>b__0_1>d.MoveNext()
--- End of stack trace from previous location ---
   at OrchardCore.Users.Services.ExternalAuthenticationsStartupFilter.<>c.<<Configure>b__0_1>d.MoveNext()
--- End of stack trace from previous location ---
   at OrchardCore.Modules.ModularTenantRouterMiddleware.Invoke(HttpContext httpContext)
   at OrchardCore.Modules.ModularTenantContainerMiddleware.<>c__DisplayClass4_0.<<Invoke>b__0>d.MoveNext()
--- End of stack trace from previous location ---
   at OrchardCore.Environment.Shell.Scope.ShellScope.UsingAsync(Func`2 execute, Boolean activateShell)
   at OrchardCore.Environment.Shell.Scope.ShellScope.UsingAsync(Func`2 execute, Boolean activateShell)
   at OrchardCore.Environment.Shell.Scope.ShellScope.UsingAsync(Func`2 execute, Boolean activateShell)
   at OrchardCore.Environment.Shell.Scope.ShellScope.UsingAsync(Func`2 execute, Boolean activateShell)
   at OrchardCore.Environment.Shell.Scope.ShellScope.UsingAsync(Func`2 execute, Boolean activateShell)
   at OrchardCore.Modules.ModularTenantContainerMiddleware.Invoke(HttpContext httpContext)
   at Microsoft.AspNetCore.Authentication.AuthenticationMiddleware.Invoke(HttpContext context)
   at Microsoft.AspNetCore.Diagnostics.DeveloperExceptionPageMiddlewareImpl.Invoke(HttpContext context)    at TechVerse.Cms.Pages.Product.IndexModel.OnGet()
   at Microsoft.AspNetCore.Mvc.RazorPages.Infrastructure.ExecutorFactory.VoidHandlerMethod.Execute(Object receiver, Object[] arguments)
   at Microsoft.AspNetCore.Mvc.RazorPages.Infrastructure.PageActionInvoker.InvokeHandlerMethodAsync()
   at Microsoft.AspNetCore.Mvc.RazorPages.Infrastructure.PageActionInvoker.InvokeNextPageFilterAsync()
   at Microsoft.AspNetCore.Mvc.RazorPages.Infrastructure.PageActionInvoker.Rethrow(PageHandlerExecutedContext context)
   at Microsoft.AspNetCore.Mvc.RazorPages.Infrastructure.PageActionInvoker.Next(State& next, Scope& scope, Object& state, Boolean& isCompleted)
   at Microsoft.AspNetCore.Mvc.RazorPages.Infrastructure.PageActionInvoker.InvokeInnerFilterAsync()
   at Microsoft.AspNetCore.Mvc.Infrastructure.ResourceInvoker.<InvokeNextResourceFilter>g__Awaited|25_0(ResourceInvoker invoker, Task lastTask, State next, Scope scope, Object state, Boolean isCompleted)
   at Microsoft.AspNetCore.Mvc.Infrastructure.ResourceInvoker.Rethrow(ResourceExecutedContextSealed context)
   at Microsoft.AspNetCore.Mvc.Infrastructure.ResourceInvoker.Next(State& next, Scope& scope, Object& state, Boolean& isCompleted)
   at Microsoft.AspNetCore.Mvc.Infrastructure.ResourceInvoker.InvokeFilterPipelineAsync()
--- End of stack trace from previous location ---
   at Microsoft.AspNetCore.Mvc.Infrastructure.ResourceInvoker.<InvokeAsync>g__Awaited|17_0(ResourceInvoker invoker, Task task, IDisposable scope)
   at Microsoft.AspNetCore.Mvc.Infrastructure.ResourceInvoker.<InvokeAsync>g__Awaited|17_0(ResourceInvoker invoker, Task task, IDisposable scope)
   at SixLabors.ImageSharp.Web.Middleware.ImageSharpMiddleware.Invoke(HttpContext httpContext, Boolean retry)
   at Microsoft.AspNetCore.Authorization.AuthorizationMiddleware.Invoke(HttpContext context)
   at OrchardCore.Liquid.ScriptsMiddleware.Invoke(HttpContext httpContext)
   at Microsoft.AspNetCore.Authentication.AuthenticationMiddleware.Invoke(HttpContext context)
   at OrchardCore.Diagnostics.DiagnosticsStartupFilter.<>c__DisplayClass3_0.<<Configure>b__1>d.MoveNext()
--- End of stack trace from previous location ---
   at Microsoft.AspNetCore.Diagnostics.StatusCodePagesMiddleware.Invoke(HttpContext context)
   at OrchardCore.ContentPreview.PreviewStartupFilter.<>c.<<Configure>b__0_1>d.MoveNext()
--- End of stack trace from previous location ---
   at OrchardCore.Users.Services.ExternalAuthenticationsStartupFilter.<>c.<<Configure>b__0_1>d.MoveNext()
--- End of stack trace from previous location ---
   at OrchardCore.Modules.ModularTenantRouterMiddleware.Invoke(HttpContext httpContext)
   at OrchardCore.Modules.ModularTenantContainerMiddleware.<>c__DisplayClass4_0.<<Invoke>b__0>d.MoveNext()
--- End of stack trace from previous location ---
   at OrchardCore.Environment.Shell.Scope.ShellScope.UsingAsync(Func`2 execute, Boolean activateShell)
   at OrchardCore.Environment.Shell.Scope.ShellScope.UsingAsync(Func`2 execute, Boolean activateShell)
   at OrchardCore.Environment.Shell.Scope.ShellScope.UsingAsync(Func`2 execute, Boolean activateShell)
   at OrchardCore.Environment.Shell.Scope.ShellScope.UsingAsync(Func`2 execute, Boolean activateShell)
   at OrchardCore.Environment.Shell.Scope.ShellScope.UsingAsync(Func`2 execute, Boolean activateShell)
   at OrchardCore.Modules.ModularTenantContainerMiddleware.Invoke(HttpContext httpContext)
   at Microsoft.AspNetCore.Authentication.AuthenticationMiddleware.Invoke(HttpContext context)
   at Microsoft.AspNetCore.Diagnostics.DeveloperExceptionPageMiddlewareImpl.Invoke(HttpContext context)
2026-01-06 15:16:58.8315|Default|00-997c7c03a67cffc274bfdf4fd86e2c14-35c09aac275b4621-00|1|Microsoft.AspNetCore.Diagnostics.DeveloperExceptionPageMiddleware|ERROR|An unhandled exception has occurred while executing the request. System.Runtime.CompilerServices.HotReloadException: Attempted to invoke a deleted method implementation. This can happen when a method is deleted or its name or signature is changed while the application is running.
   at TechVerse.Cms.Pages.Product.IndexModel.OnGet()
   at Microsoft.AspNetCore.Mvc.RazorPages.Infrastructure.ExecutorFactory.VoidHandlerMethod.Execute(Object receiver, Object[] arguments)
   at Microsoft.AspNetCore.Mvc.RazorPages.Infrastructure.PageActionInvoker.InvokeHandlerMethodAsync()
   at Microsoft.AspNetCore.Mvc.RazorPages.Infrastructure.PageActionInvoker.InvokeNextPageFilterAsync()
   at Microsoft.AspNetCore.Mvc.RazorPages.Infrastructure.PageActionInvoker.Rethrow(PageHandlerExecutedContext context)
   at Microsoft.AspNetCore.Mvc.RazorPages.Infrastructure.PageActionInvoker.Next(State& next, Scope& scope, Object& state, Boolean& isCompleted)
   at Microsoft.AspNetCore.Mvc.RazorPages.Infrastructure.PageActionInvoker.InvokeInnerFilterAsync()
   at Microsoft.AspNetCore.Mvc.Infrastructure.ResourceInvoker.<InvokeNextResourceFilter>g__Awaited|25_0(ResourceInvoker invoker, Task lastTask, State next, Scope scope, Object state, Boolean isCompleted)
   at Microsoft.AspNetCore.Mvc.Infrastructure.ResourceInvoker.Rethrow(ResourceExecutedContextSealed context)
   at Microsoft.AspNetCore.Mvc.Infrastructure.ResourceInvoker.Next(State& next, Scope& scope, Object& state, Boolean& isCompleted)
   at Microsoft.AspNetCore.Mvc.Infrastructure.ResourceInvoker.InvokeFilterPipelineAsync()
--- End of stack trace from previous location ---
   at Microsoft.AspNetCore.Mvc.Infrastructure.ResourceInvoker.<InvokeAsync>g__Awaited|17_0(ResourceInvoker invoker, Task task, IDisposable scope)
   at Microsoft.AspNetCore.Mvc.Infrastructure.ResourceInvoker.<InvokeAsync>g__Awaited|17_0(ResourceInvoker invoker, Task task, IDisposable scope)
   at SixLabors.ImageSharp.Web.Middleware.ImageSharpMiddleware.Invoke(HttpContext httpContext, Boolean retry)
   at Microsoft.AspNetCore.Authorization.AuthorizationMiddleware.Invoke(HttpContext context)
   at OrchardCore.Liquid.ScriptsMiddleware.Invoke(HttpContext httpContext)
   at Microsoft.AspNetCore.Authentication.AuthenticationMiddleware.Invoke(HttpContext context)
   at OrchardCore.Diagnostics.DiagnosticsStartupFilter.<>c__DisplayClass3_0.<<Configure>b__1>d.MoveNext()
--- End of stack trace from previous location ---
   at Microsoft.AspNetCore.Diagnostics.StatusCodePagesMiddleware.Invoke(HttpContext context)
   at OrchardCore.ContentPreview.PreviewStartupFilter.<>c.<<Configure>b__0_1>d.MoveNext()
--- End of stack trace from previous location ---
   at OrchardCore.Users.Services.ExternalAuthenticationsStartupFilter.<>c.<<Configure>b__0_1>d.MoveNext()
--- End of stack trace from previous location ---
   at OrchardCore.Modules.ModularTenantRouterMiddleware.Invoke(HttpContext httpContext)
   at OrchardCore.Modules.ModularTenantContainerMiddleware.<>c__DisplayClass4_0.<<Invoke>b__0>d.MoveNext()
--- End of stack trace from previous location ---
   at OrchardCore.Environment.Shell.Scope.ShellScope.UsingAsync(Func`2 execute, Boolean activateShell)
   at OrchardCore.Environment.Shell.Scope.ShellScope.UsingAsync(Func`2 execute, Boolean activateShell)
   at OrchardCore.Environment.Shell.Scope.ShellScope.UsingAsync(Func`2 execute, Boolean activateShell)
   at OrchardCore.Environment.Shell.Scope.ShellScope.UsingAsync(Func`2 execute, Boolean activateShell)
   at OrchardCore.Environment.Shell.Scope.ShellScope.UsingAsync(Func`2 execute, Boolean activateShell)
   at OrchardCore.Modules.ModularTenantContainerMiddleware.Invoke(HttpContext httpContext)
   at Microsoft.AspNetCore.Authentication.AuthenticationMiddleware.Invoke(HttpContext context)
   at Microsoft.AspNetCore.Diagnostics.DeveloperExceptionPageMiddlewareImpl.Invoke(HttpContext context)    at TechVerse.Cms.Pages.Product.IndexModel.OnGet()
   at Microsoft.AspNetCore.Mvc.RazorPages.Infrastructure.ExecutorFactory.VoidHandlerMethod.Execute(Object receiver, Object[] arguments)
   at Microsoft.AspNetCore.Mvc.RazorPages.Infrastructure.PageActionInvoker.InvokeHandlerMethodAsync()
   at Microsoft.AspNetCore.Mvc.RazorPages.Infrastructure.PageActionInvoker.InvokeNextPageFilterAsync()
   at Microsoft.AspNetCore.Mvc.RazorPages.Infrastructure.PageActionInvoker.Rethrow(PageHandlerExecutedContext context)
   at Microsoft.AspNetCore.Mvc.RazorPages.Infrastructure.PageActionInvoker.Next(State& next, Scope& scope, Object& state, Boolean& isCompleted)
   at Microsoft.AspNetCore.Mvc.RazorPages.Infrastructure.PageActionInvoker.InvokeInnerFilterAsync()
   at Microsoft.AspNetCore.Mvc.Infrastructure.ResourceInvoker.<InvokeNextResourceFilter>g__Awaited|25_0(ResourceInvoker invoker, Task lastTask, State next, Scope scope, Object state, Boolean isCompleted)
   at Microsoft.AspNetCore.Mvc.Infrastructure.ResourceInvoker.Rethrow(ResourceExecutedContextSealed context)
   at Microsoft.AspNetCore.Mvc.Infrastructure.ResourceInvoker.Next(State& next, Scope& scope, Object& state, Boolean& isCompleted)
   at Microsoft.AspNetCore.Mvc.Infrastructure.ResourceInvoker.InvokeFilterPipelineAsync()
--- End of stack trace from previous location ---
   at Microsoft.AspNetCore.Mvc.Infrastructure.ResourceInvoker.<InvokeAsync>g__Awaited|17_0(ResourceInvoker invoker, Task task, IDisposable scope)
   at Microsoft.AspNetCore.Mvc.Infrastructure.ResourceInvoker.<InvokeAsync>g__Awaited|17_0(ResourceInvoker invoker, Task task, IDisposable scope)
   at SixLabors.ImageSharp.Web.Middleware.ImageSharpMiddleware.Invoke(HttpContext httpContext, Boolean retry)
   at Microsoft.AspNetCore.Authorization.AuthorizationMiddleware.Invoke(HttpContext context)
   at OrchardCore.Liquid.ScriptsMiddleware.Invoke(HttpContext httpContext)
   at Microsoft.AspNetCore.Authentication.AuthenticationMiddleware.Invoke(HttpContext context)
   at OrchardCore.Diagnostics.DiagnosticsStartupFilter.<>c__DisplayClass3_0.<<Configure>b__1>d.MoveNext()
--- End of stack trace from previous location ---
   at Microsoft.AspNetCore.Diagnostics.StatusCodePagesMiddleware.Invoke(HttpContext context)
   at OrchardCore.ContentPreview.PreviewStartupFilter.<>c.<<Configure>b__0_1>d.MoveNext()
--- End of stack trace from previous location ---
   at OrchardCore.Users.Services.ExternalAuthenticationsStartupFilter.<>c.<<Configure>b__0_1>d.MoveNext()
--- End of stack trace from previous location ---
   at OrchardCore.Modules.ModularTenantRouterMiddleware.Invoke(HttpContext httpContext)
   at OrchardCore.Modules.ModularTenantContainerMiddleware.<>c__DisplayClass4_0.<<Invoke>b__0>d.MoveNext()
--- End of stack trace from previous location ---
   at OrchardCore.Environment.Shell.Scope.ShellScope.UsingAsync(Func`2 execute, Boolean activateShell)
   at OrchardCore.Environment.Shell.Scope.ShellScope.UsingAsync(Func`2 execute, Boolean activateShell)
   at OrchardCore.Environment.Shell.Scope.ShellScope.UsingAsync(Func`2 execute, Boolean activateShell)
   at OrchardCore.Environment.Shell.Scope.ShellScope.UsingAsync(Func`2 execute, Boolean activateShell)
   at OrchardCore.Environment.Shell.Scope.ShellScope.UsingAsync(Func`2 execute, Boolean activateShell)
   at OrchardCore.Modules.ModularTenantContainerMiddleware.Invoke(HttpContext httpContext)
   at Microsoft.AspNetCore.Authentication.AuthenticationMiddleware.Invoke(HttpContext context)
   at Microsoft.AspNetCore.Diagnostics.DeveloperExceptionPageMiddlewareImpl.Invoke(HttpContext context)
2026-01-06 15:17:07.1119|Default|00-81d04f4021214bfb59431a777cb27b8d-1774ef2916e962b7-00|1|Microsoft.AspNetCore.Diagnostics.DeveloperExceptionPageMiddleware|ERROR|An unhandled exception has occurred while executing the request. System.Runtime.CompilerServices.HotReloadException: Attempted to invoke a deleted method implementation. This can happen when a method is deleted or its name or signature is changed while the application is running.
   at TechVerse.Cms.Pages.Product.IndexModel.OnGet()
   at Microsoft.AspNetCore.Mvc.RazorPages.Infrastructure.ExecutorFactory.VoidHandlerMethod.Execute(Object receiver, Object[] arguments)
   at Microsoft.AspNetCore.Mvc.RazorPages.Infrastructure.PageActionInvoker.InvokeHandlerMethodAsync()
   at Microsoft.AspNetCore.Mvc.RazorPages.Infrastructure.PageActionInvoker.InvokeNextPageFilterAsync()
   at Microsoft.AspNetCore.Mvc.RazorPages.Infrastructure.PageActionInvoker.Rethrow(PageHandlerExecutedContext context)
   at Microsoft.AspNetCore.Mvc.RazorPages.Infrastructure.PageActionInvoker.Next(State& next, Scope& scope, Object& state, Boolean& isCompleted)
   at Microsoft.AspNetCore.Mvc.RazorPages.Infrastructure.PageActionInvoker.InvokeInnerFilterAsync()
   at Microsoft.AspNetCore.Mvc.Infrastructure.ResourceInvoker.<InvokeNextResourceFilter>g__Awaited|25_0(ResourceInvoker invoker, Task lastTask, State next, Scope scope, Object state, Boolean isCompleted)
   at Microsoft.AspNetCore.Mvc.Infrastructure.ResourceInvoker.Rethrow(ResourceExecutedContextSealed context)
   at Microsoft.AspNetCore.Mvc.Infrastructure.ResourceInvoker.Next(State& next, Scope& scope, Object& state, Boolean& isCompleted)
   at Microsoft.AspNetCore.Mvc.Infrastructure.ResourceInvoker.InvokeFilterPipelineAsync()
--- End of stack trace from previous location ---
   at Microsoft.AspNetCore.Mvc.Infrastructure.ResourceInvoker.<InvokeAsync>g__Awaited|17_0(ResourceInvoker invoker, Task task, IDisposable scope)
   at Microsoft.AspNetCore.Mvc.Infrastructure.ResourceInvoker.<InvokeAsync>g__Awaited|17_0(ResourceInvoker invoker, Task task, IDisposable scope)
   at SixLabors.ImageSharp.Web.Middleware.ImageSharpMiddleware.Invoke(HttpContext httpContext, Boolean retry)
   at Microsoft.AspNetCore.Authorization.AuthorizationMiddleware.Invoke(HttpContext context)
   at OrchardCore.Liquid.ScriptsMiddleware.Invoke(HttpContext httpContext)
   at Microsoft.AspNetCore.Authentication.AuthenticationMiddleware.Invoke(HttpContext context)
   at OrchardCore.Diagnostics.DiagnosticsStartupFilter.<>c__DisplayClass3_0.<<Configure>b__1>d.MoveNext()
--- End of stack trace from previous location ---
   at Microsoft.AspNetCore.Diagnostics.StatusCodePagesMiddleware.Invoke(HttpContext context)
   at OrchardCore.ContentPreview.PreviewStartupFilter.<>c.<<Configure>b__0_1>d.MoveNext()
--- End of stack trace from previous location ---
   at OrchardCore.Users.Services.ExternalAuthenticationsStartupFilter.<>c.<<Configure>b__0_1>d.MoveNext()
--- End of stack trace from previous location ---
   at OrchardCore.Modules.ModularTenantRouterMiddleware.Invoke(HttpContext httpContext)
   at OrchardCore.Modules.ModularTenantContainerMiddleware.<>c__DisplayClass4_0.<<Invoke>b__0>d.MoveNext()
--- End of stack trace from previous location ---
   at OrchardCore.Environment.Shell.Scope.ShellScope.UsingAsync(Func`2 execute, Boolean activateShell)
   at OrchardCore.Environment.Shell.Scope.ShellScope.UsingAsync(Func`2 execute, Boolean activateShell)
   at OrchardCore.Environment.Shell.Scope.ShellScope.UsingAsync(Func`2 execute, Boolean activateShell)
   at OrchardCore.Environment.Shell.Scope.ShellScope.UsingAsync(Func`2 execute, Boolean activateShell)
   at OrchardCore.Environment.Shell.Scope.ShellScope.UsingAsync(Func`2 execute, Boolean activateShell)
   at OrchardCore.Modules.ModularTenantContainerMiddleware.Invoke(HttpContext httpContext)
   at Microsoft.AspNetCore.Authentication.AuthenticationMiddleware.Invoke(HttpContext context)
   at Microsoft.AspNetCore.Diagnostics.DeveloperExceptionPageMiddlewareImpl.Invoke(HttpContext context)    at TechVerse.Cms.Pages.Product.IndexModel.OnGet()
   at Microsoft.AspNetCore.Mvc.RazorPages.Infrastructure.ExecutorFactory.VoidHandlerMethod.Execute(Object receiver, Object[] arguments)
   at Microsoft.AspNetCore.Mvc.RazorPages.Infrastructure.PageActionInvoker.InvokeHandlerMethodAsync()
   at Microsoft.AspNetCore.Mvc.RazorPages.Infrastructure.PageActionInvoker.InvokeNextPageFilterAsync()
   at Microsoft.AspNetCore.Mvc.RazorPages.Infrastructure.PageActionInvoker.Rethrow(PageHandlerExecutedContext context)
   at Microsoft.AspNetCore.Mvc.RazorPages.Infrastructure.PageActionInvoker.Next(State& next, Scope& scope, Object& state, Boolean& isCompleted)
   at Microsoft.AspNetCore.Mvc.RazorPages.Infrastructure.PageActionInvoker.InvokeInnerFilterAsync()
   at Microsoft.AspNetCore.Mvc.Infrastructure.ResourceInvoker.<InvokeNextResourceFilter>g__Awaited|25_0(ResourceInvoker invoker, Task lastTask, State next, Scope scope, Object state, Boolean isCompleted)
   at Microsoft.AspNetCore.Mvc.Infrastructure.ResourceInvoker.Rethrow(ResourceExecutedContextSealed context)
   at Microsoft.AspNetCore.Mvc.Infrastructure.ResourceInvoker.Next(State& next, Scope& scope, Object& state, Boolean& isCompleted)
   at Microsoft.AspNetCore.Mvc.Infrastructure.ResourceInvoker.InvokeFilterPipelineAsync()
--- End of stack trace from previous location ---
   at Microsoft.AspNetCore.Mvc.Infrastructure.ResourceInvoker.<InvokeAsync>g__Awaited|17_0(ResourceInvoker invoker, Task task, IDisposable scope)
   at Microsoft.AspNetCore.Mvc.Infrastructure.ResourceInvoker.<InvokeAsync>g__Awaited|17_0(ResourceInvoker invoker, Task task, IDisposable scope)
   at SixLabors.ImageSharp.Web.Middleware.ImageSharpMiddleware.Invoke(HttpContext httpContext, Boolean retry)
   at Microsoft.AspNetCore.Authorization.AuthorizationMiddleware.Invoke(HttpContext context)
   at OrchardCore.Liquid.ScriptsMiddleware.Invoke(HttpContext httpContext)
   at Microsoft.AspNetCore.Authentication.AuthenticationMiddleware.Invoke(HttpContext context)
   at OrchardCore.Diagnostics.DiagnosticsStartupFilter.<>c__DisplayClass3_0.<<Configure>b__1>d.MoveNext()
--- End of stack trace from previous location ---
   at Microsoft.AspNetCore.Diagnostics.StatusCodePagesMiddleware.Invoke(HttpContext context)
   at OrchardCore.ContentPreview.PreviewStartupFilter.<>c.<<Configure>b__0_1>d.MoveNext()
--- End of stack trace from previous location ---
   at OrchardCore.Users.Services.ExternalAuthenticationsStartupFilter.<>c.<<Configure>b__0_1>d.MoveNext()
--- End of stack trace from previous location ---
   at OrchardCore.Modules.ModularTenantRouterMiddleware.Invoke(HttpContext httpContext)
   at OrchardCore.Modules.ModularTenantContainerMiddleware.<>c__DisplayClass4_0.<<Invoke>b__0>d.MoveNext()
--- End of stack trace from previous location ---
   at OrchardCore.Environment.Shell.Scope.ShellScope.UsingAsync(Func`2 execute, Boolean activateShell)
   at OrchardCore.Environment.Shell.Scope.ShellScope.UsingAsync(Func`2 execute, Boolean activateShell)
   at OrchardCore.Environment.Shell.Scope.ShellScope.UsingAsync(Func`2 execute, Boolean activateShell)
   at OrchardCore.Environment.Shell.Scope.ShellScope.UsingAsync(Func`2 execute, Boolean activateShell)
   at OrchardCore.Environment.Shell.Scope.ShellScope.UsingAsync(Func`2 execute, Boolean activateShell)
   at OrchardCore.Modules.ModularTenantContainerMiddleware.Invoke(HttpContext httpContext)
   at Microsoft.AspNetCore.Authentication.AuthenticationMiddleware.Invoke(HttpContext context)
   at Microsoft.AspNetCore.Diagnostics.DeveloperExceptionPageMiddlewareImpl.Invoke(HttpContext context)
2026-01-06 15:18:58.3909|Default|00-5c3c07ce1077d20de226a4da082056cf-97ef129f84dfecfc-00|1|Microsoft.AspNetCore.Diagnostics.DeveloperExceptionPageMiddleware|ERROR|An unhandled exception has occurred while executing the request. System.Runtime.CompilerServices.HotReloadException: Attempted to invoke a deleted method implementation. This can happen when a method is deleted or its name or signature is changed while the application is running.
   at TechVerse.Cms.Pages.Product.IndexModel.OnGet()
   at Microsoft.AspNetCore.Mvc.RazorPages.Infrastructure.ExecutorFactory.VoidHandlerMethod.Execute(Object receiver, Object[] arguments)
   at Microsoft.AspNetCore.Mvc.RazorPages.Infrastructure.PageActionInvoker.InvokeHandlerMethodAsync()
   at Microsoft.AspNetCore.Mvc.RazorPages.Infrastructure.PageActionInvoker.InvokeNextPageFilterAsync()
   at Microsoft.AspNetCore.Mvc.RazorPages.Infrastructure.PageActionInvoker.Rethrow(PageHandlerExecutedContext context)
   at Microsoft.AspNetCore.Mvc.RazorPages.Infrastructure.PageActionInvoker.Next(State& next, Scope& scope, Object& state, Boolean& isCompleted)
   at Microsoft.AspNetCore.Mvc.RazorPages.Infrastructure.PageActionInvoker.InvokeInnerFilterAsync()
   at Microsoft.AspNetCore.Mvc.Infrastructure.ResourceInvoker.<InvokeNextResourceFilter>g__Awaited|25_0(ResourceInvoker invoker, Task lastTask, State next, Scope scope, Object state, Boolean isCompleted)
   at Microsoft.AspNetCore.Mvc.Infrastructure.ResourceInvoker.Rethrow(ResourceExecutedContextSealed context)
   at Microsoft.AspNetCore.Mvc.Infrastructure.ResourceInvoker.Next(State& next, Scope& scope, Object& state, Boolean& isCompleted)
   at Microsoft.AspNetCore.Mvc.Infrastructure.ResourceInvoker.InvokeFilterPipelineAsync()
--- End of stack trace from previous location ---
   at Microsoft.AspNetCore.Mvc.Infrastructure.ResourceInvoker.<InvokeAsync>g__Awaited|17_0(ResourceInvoker invoker, Task task, IDisposable scope)
   at Microsoft.AspNetCore.Mvc.Infrastructure.ResourceInvoker.<InvokeAsync>g__Awaited|17_0(ResourceInvoker invoker, Task task, IDisposable scope)
   at SixLabors.ImageSharp.Web.Middleware.ImageSharpMiddleware.Invoke(HttpContext httpContext, Boolean retry)
   at Microsoft.AspNetCore.Authorization.AuthorizationMiddleware.Invoke(HttpContext context)
   at OrchardCore.Liquid.ScriptsMiddleware.Invoke(HttpContext httpContext)
   at Microsoft.AspNetCore.Authentication.AuthenticationMiddleware.Invoke(HttpContext context)
   at OrchardCore.Diagnostics.DiagnosticsStartupFilter.<>c__DisplayClass3_0.<<Configure>b__1>d.MoveNext()
--- End of stack trace from previous location ---
   at Microsoft.AspNetCore.Diagnostics.StatusCodePagesMiddleware.Invoke(HttpContext context)
   at OrchardCore.ContentPreview.PreviewStartupFilter.<>c.<<Configure>b__0_1>d.MoveNext()
--- End of stack trace from previous location ---
   at OrchardCore.Users.Services.ExternalAuthenticationsStartupFilter.<>c.<<Configure>b__0_1>d.MoveNext()
--- End of stack trace from previous location ---
   at OrchardCore.Modules.ModularTenantRouterMiddleware.Invoke(HttpContext httpContext)
   at OrchardCore.Modules.ModularTenantContainerMiddleware.<>c__DisplayClass4_0.<<Invoke>b__0>d.MoveNext()
--- End of stack trace from previous location ---
   at OrchardCore.Environment.Shell.Scope.ShellScope.UsingAsync(Func`2 execute, Boolean activateShell)
   at OrchardCore.Environment.Shell.Scope.ShellScope.UsingAsync(Func`2 execute, Boolean activateShell)
   at OrchardCore.Environment.Shell.Scope.ShellScope.UsingAsync(Func`2 execute, Boolean activateShell)
   at OrchardCore.Environment.Shell.Scope.ShellScope.UsingAsync(Func`2 execute, Boolean activateShell)
   at OrchardCore.Environment.Shell.Scope.ShellScope.UsingAsync(Func`2 execute, Boolean activateShell)
   at OrchardCore.Modules.ModularTenantContainerMiddleware.Invoke(HttpContext httpContext)
   at Microsoft.AspNetCore.Authentication.AuthenticationMiddleware.Invoke(HttpContext context)
   at Microsoft.AspNetCore.Diagnostics.DeveloperExceptionPageMiddlewareImpl.Invoke(HttpContext context)    at TechVerse.Cms.Pages.Product.IndexModel.OnGet()
   at Microsoft.AspNetCore.Mvc.RazorPages.Infrastructure.ExecutorFactory.VoidHandlerMethod.Execute(Object receiver, Object[] arguments)
   at Microsoft.AspNetCore.Mvc.RazorPages.Infrastructure.PageActionInvoker.InvokeHandlerMethodAsync()
   at Microsoft.AspNetCore.Mvc.RazorPages.Infrastructure.PageActionInvoker.InvokeNextPageFilterAsync()
   at Microsoft.AspNetCore.Mvc.RazorPages.Infrastructure.PageActionInvoker.Rethrow(PageHandlerExecutedContext context)
   at Microsoft.AspNetCore.Mvc.RazorPages.Infrastructure.PageActionInvoker.Next(State& next, Scope& scope, Object& state, Boolean& isCompleted)
   at Microsoft.AspNetCore.Mvc.RazorPages.Infrastructure.PageActionInvoker.InvokeInnerFilterAsync()
   at Microsoft.AspNetCore.Mvc.Infrastructure.ResourceInvoker.<InvokeNextResourceFilter>g__Awaited|25_0(ResourceInvoker invoker, Task lastTask, State next, Scope scope, Object state, Boolean isCompleted)
   at Microsoft.AspNetCore.Mvc.Infrastructure.ResourceInvoker.Rethrow(ResourceExecutedContextSealed context)
   at Microsoft.AspNetCore.Mvc.Infrastructure.ResourceInvoker.Next(State& next, Scope& scope, Object& state, Boolean& isCompleted)
   at Microsoft.AspNetCore.Mvc.Infrastructure.ResourceInvoker.InvokeFilterPipelineAsync()
--- End of stack trace from previous location ---
   at Microsoft.AspNetCore.Mvc.Infrastructure.ResourceInvoker.<InvokeAsync>g__Awaited|17_0(ResourceInvoker invoker, Task task, IDisposable scope)
   at Microsoft.AspNetCore.Mvc.Infrastructure.ResourceInvoker.<InvokeAsync>g__Awaited|17_0(ResourceInvoker invoker, Task task, IDisposable scope)
   at SixLabors.ImageSharp.Web.Middleware.ImageSharpMiddleware.Invoke(HttpContext httpContext, Boolean retry)
   at Microsoft.AspNetCore.Authorization.AuthorizationMiddleware.Invoke(HttpContext context)
   at OrchardCore.Liquid.ScriptsMiddleware.Invoke(HttpContext httpContext)
   at Microsoft.AspNetCore.Authentication.AuthenticationMiddleware.Invoke(HttpContext context)
   at OrchardCore.Diagnostics.DiagnosticsStartupFilter.<>c__DisplayClass3_0.<<Configure>b__1>d.MoveNext()
--- End of stack trace from previous location ---
   at Microsoft.AspNetCore.Diagnostics.StatusCodePagesMiddleware.Invoke(HttpContext context)
   at OrchardCore.ContentPreview.PreviewStartupFilter.<>c.<<Configure>b__0_1>d.MoveNext()
--- End of stack trace from previous location ---
   at OrchardCore.Users.Services.ExternalAuthenticationsStartupFilter.<>c.<<Configure>b__0_1>d.MoveNext()
--- End of stack trace from previous location ---
   at OrchardCore.Modules.ModularTenantRouterMiddleware.Invoke(HttpContext httpContext)
   at OrchardCore.Modules.ModularTenantContainerMiddleware.<>c__DisplayClass4_0.<<Invoke>b__0>d.MoveNext()
--- End of stack trace from previous location ---
   at OrchardCore.Environment.Shell.Scope.ShellScope.UsingAsync(Func`2 execute, Boolean activateShell)
   at OrchardCore.Environment.Shell.Scope.ShellScope.UsingAsync(Func`2 execute, Boolean activateShell)
   at OrchardCore.Environment.Shell.Scope.ShellScope.UsingAsync(Func`2 execute, Boolean activateShell)
   at OrchardCore.Environment.Shell.Scope.ShellScope.UsingAsync(Func`2 execute, Boolean activateShell)
   at OrchardCore.Environment.Shell.Scope.ShellScope.UsingAsync(Func`2 execute, Boolean activateShell)
   at OrchardCore.Modules.ModularTenantContainerMiddleware.Invoke(HttpContext httpContext)
   at Microsoft.AspNetCore.Authentication.AuthenticationMiddleware.Invoke(HttpContext context)
   at Microsoft.AspNetCore.Diagnostics.DeveloperExceptionPageMiddlewareImpl.Invoke(HttpContext context)
2026-01-06 15:19:21.7849|Default|00-86185970a531041054f4742cfbfc3755-66315978f42381a0-00|1|Microsoft.AspNetCore.Diagnostics.DeveloperExceptionPageMiddleware|ERROR|An unhandled exception has occurred while executing the request. System.Runtime.CompilerServices.HotReloadException: Attempted to invoke a deleted method implementation. This can happen when a method is deleted or its name or signature is changed while the application is running.
   at TechVerse.Cms.Pages.Product.IndexModel.OnGet()
   at Microsoft.AspNetCore.Mvc.RazorPages.Infrastructure.ExecutorFactory.VoidHandlerMethod.Execute(Object receiver, Object[] arguments)
   at Microsoft.AspNetCore.Mvc.RazorPages.Infrastructure.PageActionInvoker.InvokeHandlerMethodAsync()
   at Microsoft.AspNetCore.Mvc.RazorPages.Infrastructure.PageActionInvoker.InvokeNextPageFilterAsync()
   at Microsoft.AspNetCore.Mvc.RazorPages.Infrastructure.PageActionInvoker.Rethrow(PageHandlerExecutedContext context)
   at Microsoft.AspNetCore.Mvc.RazorPages.Infrastructure.PageActionInvoker.Next(State& next, Scope& scope, Object& state, Boolean& isCompleted)
   at Microsoft.AspNetCore.Mvc.RazorPages.Infrastructure.PageActionInvoker.InvokeInnerFilterAsync()
   at Microsoft.AspNetCore.Mvc.Infrastructure.ResourceInvoker.<InvokeNextResourceFilter>g__Awaited|25_0(ResourceInvoker invoker, Task lastTask, State next, Scope scope, Object state, Boolean isCompleted)
   at Microsoft.AspNetCore.Mvc.Infrastructure.ResourceInvoker.Rethrow(ResourceExecutedContextSealed context)
   at Microsoft.AspNetCore.Mvc.Infrastructure.ResourceInvoker.Next(State& next, Scope& scope, Object& state, Boolean& isCompleted)
   at Microsoft.AspNetCore.Mvc.Infrastructure.ResourceInvoker.InvokeFilterPipelineAsync()
--- End of stack trace from previous location ---
   at Microsoft.AspNetCore.Mvc.Infrastructure.ResourceInvoker.<InvokeAsync>g__Awaited|17_0(ResourceInvoker invoker, Task task, IDisposable scope)
   at Microsoft.AspNetCore.Mvc.Infrastructure.ResourceInvoker.<InvokeAsync>g__Awaited|17_0(ResourceInvoker invoker, Task task, IDisposable scope)
   at SixLabors.ImageSharp.Web.Middleware.ImageSharpMiddleware.Invoke(HttpContext httpContext, Boolean retry)
   at Microsoft.AspNetCore.Authorization.AuthorizationMiddleware.Invoke(HttpContext context)
   at OrchardCore.Liquid.ScriptsMiddleware.Invoke(HttpContext httpContext)
   at Microsoft.AspNetCore.Authentication.AuthenticationMiddleware.Invoke(HttpContext context)
   at OrchardCore.Diagnostics.DiagnosticsStartupFilter.<>c__DisplayClass3_0.<<Configure>b__1>d.MoveNext()
--- End of stack trace from previous location ---
   at Microsoft.AspNetCore.Diagnostics.StatusCodePagesMiddleware.Invoke(HttpContext context)
   at OrchardCore.ContentPreview.PreviewStartupFilter.<>c.<<Configure>b__0_1>d.MoveNext()
--- End of stack trace from previous location ---
   at OrchardCore.Users.Services.ExternalAuthenticationsStartupFilter.<>c.<<Configure>b__0_1>d.MoveNext()
--- End of stack trace from previous location ---
   at OrchardCore.Modules.ModularTenantRouterMiddleware.Invoke(HttpContext httpContext)
   at OrchardCore.Modules.ModularTenantContainerMiddleware.<>c__DisplayClass4_0.<<Invoke>b__0>d.MoveNext()
--- End of stack trace from previous location ---
   at OrchardCore.Environment.Shell.Scope.ShellScope.UsingAsync(Func`2 execute, Boolean activateShell)
   at OrchardCore.Environment.Shell.Scope.ShellScope.UsingAsync(Func`2 execute, Boolean activateShell)
   at OrchardCore.Environment.Shell.Scope.ShellScope.UsingAsync(Func`2 execute, Boolean activateShell)
   at OrchardCore.Environment.Shell.Scope.ShellScope.UsingAsync(Func`2 execute, Boolean activateShell)
   at OrchardCore.Environment.Shell.Scope.ShellScope.UsingAsync(Func`2 execute, Boolean activateShell)
   at OrchardCore.Modules.ModularTenantContainerMiddleware.Invoke(HttpContext httpContext)
   at Microsoft.AspNetCore.Authentication.AuthenticationMiddleware.Invoke(HttpContext context)
   at Microsoft.AspNetCore.Diagnostics.DeveloperExceptionPageMiddlewareImpl.Invoke(HttpContext context)    at TechVerse.Cms.Pages.Product.IndexModel.OnGet()
   at Microsoft.AspNetCore.Mvc.RazorPages.Infrastructure.ExecutorFactory.VoidHandlerMethod.Execute(Object receiver, Object[] arguments)
   at Microsoft.AspNetCore.Mvc.RazorPages.Infrastructure.PageActionInvoker.InvokeHandlerMethodAsync()
   at Microsoft.AspNetCore.Mvc.RazorPages.Infrastructure.PageActionInvoker.InvokeNextPageFilterAsync()
   at Microsoft.AspNetCore.Mvc.RazorPages.Infrastructure.PageActionInvoker.Rethrow(PageHandlerExecutedContext context)
   at Microsoft.AspNetCore.Mvc.RazorPages.Infrastructure.PageActionInvoker.Next(State& next, Scope& scope, Object& state, Boolean& isCompleted)
   at Microsoft.AspNetCore.Mvc.RazorPages.Infrastructure.PageActionInvoker.InvokeInnerFilterAsync()
   at Microsoft.AspNetCore.Mvc.Infrastructure.ResourceInvoker.<InvokeNextResourceFilter>g__Awaited|25_0(ResourceInvoker invoker, Task lastTask, State next, Scope scope, Object state, Boolean isCompleted)
   at Microsoft.AspNetCore.Mvc.Infrastructure.ResourceInvoker.Rethrow(ResourceExecutedContextSealed context)
   at Microsoft.AspNetCore.Mvc.Infrastructure.ResourceInvoker.Next(State& next, Scope& scope, Object& state, Boolean& isCompleted)
   at Microsoft.AspNetCore.Mvc.Infrastructure.ResourceInvoker.InvokeFilterPipelineAsync()
--- End of stack trace from previous location ---
   at Microsoft.AspNetCore.Mvc.Infrastructure.ResourceInvoker.<InvokeAsync>g__Awaited|17_0(ResourceInvoker invoker, Task task, IDisposable scope)
   at Microsoft.AspNetCore.Mvc.Infrastructure.ResourceInvoker.<InvokeAsync>g__Awaited|17_0(ResourceInvoker invoker, Task task, IDisposable scope)
   at SixLabors.ImageSharp.Web.Middleware.ImageSharpMiddleware.Invoke(HttpContext httpContext, Boolean retry)
   at Microsoft.AspNetCore.Authorization.AuthorizationMiddleware.Invoke(HttpContext context)
   at OrchardCore.Liquid.ScriptsMiddleware.Invoke(HttpContext httpContext)
   at Microsoft.AspNetCore.Authentication.AuthenticationMiddleware.Invoke(HttpContext context)
   at OrchardCore.Diagnostics.DiagnosticsStartupFilter.<>c__DisplayClass3_0.<<Configure>b__1>d.MoveNext()
--- End of stack trace from previous location ---
   at Microsoft.AspNetCore.Diagnostics.StatusCodePagesMiddleware.Invoke(HttpContext context)
   at OrchardCore.ContentPreview.PreviewStartupFilter.<>c.<<Configure>b__0_1>d.MoveNext()
--- End of stack trace from previous location ---
   at OrchardCore.Users.Services.ExternalAuthenticationsStartupFilter.<>c.<<Configure>b__0_1>d.MoveNext()
--- End of stack trace from previous location ---
   at OrchardCore.Modules.ModularTenantRouterMiddleware.Invoke(HttpContext httpContext)
   at OrchardCore.Modules.ModularTenantContainerMiddleware.<>c__DisplayClass4_0.<<Invoke>b__0>d.MoveNext()
--- End of stack trace from previous location ---
   at OrchardCore.Environment.Shell.Scope.ShellScope.UsingAsync(Func`2 execute, Boolean activateShell)
   at OrchardCore.Environment.Shell.Scope.ShellScope.UsingAsync(Func`2 execute, Boolean activateShell)
   at OrchardCore.Environment.Shell.Scope.ShellScope.UsingAsync(Func`2 execute, Boolean activateShell)
   at OrchardCore.Environment.Shell.Scope.ShellScope.UsingAsync(Func`2 execute, Boolean activateShell)
   at OrchardCore.Environment.Shell.Scope.ShellScope.UsingAsync(Func`2 execute, Boolean activateShell)
   at OrchardCore.Modules.ModularTenantContainerMiddleware.Invoke(HttpContext httpContext)
   at Microsoft.AspNetCore.Authentication.AuthenticationMiddleware.Invoke(HttpContext context)
   at Microsoft.AspNetCore.Diagnostics.DeveloperExceptionPageMiddlewareImpl.Invoke(HttpContext context)
2026-01-06 15:19:33.4228|Default|00-08669d22d53026de1826c8f7750ece92-58ff0d59d04c5cfa-00|1|Microsoft.AspNetCore.Diagnostics.DeveloperExceptionPageMiddleware|ERROR|An unhandled exception has occurred while executing the request. System.Runtime.CompilerServices.HotReloadException: Attempted to invoke a deleted method implementation. This can happen when a method is deleted or its name or signature is changed while the application is running.
   at TechVerse.Cms.Pages.Product.IndexModel.OnGet()
   at Microsoft.AspNetCore.Mvc.RazorPages.Infrastructure.ExecutorFactory.VoidHandlerMethod.Execute(Object receiver, Object[] arguments)
   at Microsoft.AspNetCore.Mvc.RazorPages.Infrastructure.PageActionInvoker.InvokeHandlerMethodAsync()
   at Microsoft.AspNetCore.Mvc.RazorPages.Infrastructure.PageActionInvoker.InvokeNextPageFilterAsync()
   at Microsoft.AspNetCore.Mvc.RazorPages.Infrastructure.PageActionInvoker.Rethrow(PageHandlerExecutedContext context)
   at Microsoft.AspNetCore.Mvc.RazorPages.Infrastructure.PageActionInvoker.Next(State& next, Scope& scope, Object& state, Boolean& isCompleted)
   at Microsoft.AspNetCore.Mvc.RazorPages.Infrastructure.PageActionInvoker.InvokeInnerFilterAsync()
   at Microsoft.AspNetCore.Mvc.Infrastructure.ResourceInvoker.<InvokeNextResourceFilter>g__Awaited|25_0(ResourceInvoker invoker, Task lastTask, State next, Scope scope, Object state, Boolean isCompleted)
   at Microsoft.AspNetCore.Mvc.Infrastructure.ResourceInvoker.Rethrow(ResourceExecutedContextSealed context)
   at Microsoft.AspNetCore.Mvc.Infrastructure.ResourceInvoker.Next(State& next, Scope& scope, Object& state, Boolean& isCompleted)
   at Microsoft.AspNetCore.Mvc.Infrastructure.ResourceInvoker.InvokeFilterPipelineAsync()
--- End of stack trace from previous location ---
   at Microsoft.AspNetCore.Mvc.Infrastructure.ResourceInvoker.<InvokeAsync>g__Awaited|17_0(ResourceInvoker invoker, Task task, IDisposable scope)
   at Microsoft.AspNetCore.Mvc.Infrastructure.ResourceInvoker.<InvokeAsync>g__Awaited|17_0(ResourceInvoker invoker, Task task, IDisposable scope)
   at SixLabors.ImageSharp.Web.Middleware.ImageSharpMiddleware.Invoke(HttpContext httpContext, Boolean retry)
   at Microsoft.AspNetCore.Authorization.AuthorizationMiddleware.Invoke(HttpContext context)
   at OrchardCore.Liquid.ScriptsMiddleware.Invoke(HttpContext httpContext)
   at Microsoft.AspNetCore.Authentication.AuthenticationMiddleware.Invoke(HttpContext context)
   at OrchardCore.Diagnostics.DiagnosticsStartupFilter.<>c__DisplayClass3_0.<<Configure>b__1>d.MoveNext()
--- End of stack trace from previous location ---
   at Microsoft.AspNetCore.Diagnostics.StatusCodePagesMiddleware.Invoke(HttpContext context)
   at OrchardCore.ContentPreview.PreviewStartupFilter.<>c.<<Configure>b__0_1>d.MoveNext()
--- End of stack trace from previous location ---
   at OrchardCore.Users.Services.ExternalAuthenticationsStartupFilter.<>c.<<Configure>b__0_1>d.MoveNext()
--- End of stack trace from previous location ---
   at OrchardCore.Modules.ModularTenantRouterMiddleware.Invoke(HttpContext httpContext)
   at OrchardCore.Modules.ModularTenantContainerMiddleware.<>c__DisplayClass4_0.<<Invoke>b__0>d.MoveNext()
--- End of stack trace from previous location ---
   at OrchardCore.Environment.Shell.Scope.ShellScope.UsingAsync(Func`2 execute, Boolean activateShell)
   at OrchardCore.Environment.Shell.Scope.ShellScope.UsingAsync(Func`2 execute, Boolean activateShell)
   at OrchardCore.Environment.Shell.Scope.ShellScope.UsingAsync(Func`2 execute, Boolean activateShell)
   at OrchardCore.Environment.Shell.Scope.ShellScope.UsingAsync(Func`2 execute, Boolean activateShell)
   at OrchardCore.Environment.Shell.Scope.ShellScope.UsingAsync(Func`2 execute, Boolean activateShell)
   at OrchardCore.Modules.ModularTenantContainerMiddleware.Invoke(HttpContext httpContext)
   at Microsoft.AspNetCore.Authentication.AuthenticationMiddleware.Invoke(HttpContext context)
   at Microsoft.AspNetCore.Diagnostics.DeveloperExceptionPageMiddlewareImpl.Invoke(HttpContext context)    at TechVerse.Cms.Pages.Product.IndexModel.OnGet()
   at Microsoft.AspNetCore.Mvc.RazorPages.Infrastructure.ExecutorFactory.VoidHandlerMethod.Execute(Object receiver, Object[] arguments)
   at Microsoft.AspNetCore.Mvc.RazorPages.Infrastructure.PageActionInvoker.InvokeHandlerMethodAsync()
   at Microsoft.AspNetCore.Mvc.RazorPages.Infrastructure.PageActionInvoker.InvokeNextPageFilterAsync()
   at Microsoft.AspNetCore.Mvc.RazorPages.Infrastructure.PageActionInvoker.Rethrow(PageHandlerExecutedContext context)
   at Microsoft.AspNetCore.Mvc.RazorPages.Infrastructure.PageActionInvoker.Next(State& next, Scope& scope, Object& state, Boolean& isCompleted)
   at Microsoft.AspNetCore.Mvc.RazorPages.Infrastructure.PageActionInvoker.InvokeInnerFilterAsync()
   at Microsoft.AspNetCore.Mvc.Infrastructure.ResourceInvoker.<InvokeNextResourceFilter>g__Awaited|25_0(ResourceInvoker invoker, Task lastTask, State next, Scope scope, Object state, Boolean isCompleted)
   at Microsoft.AspNetCore.Mvc.Infrastructure.ResourceInvoker.Rethrow(ResourceExecutedContextSealed context)
   at Microsoft.AspNetCore.Mvc.Infrastructure.ResourceInvoker.Next(State& next, Scope& scope, Object& state, Boolean& isCompleted)
   at Microsoft.AspNetCore.Mvc.Infrastructure.ResourceInvoker.InvokeFilterPipelineAsync()
--- End of stack trace from previous location ---
   at Microsoft.AspNetCore.Mvc.Infrastructure.ResourceInvoker.<InvokeAsync>g__Awaited|17_0(ResourceInvoker invoker, Task task, IDisposable scope)
   at Microsoft.AspNetCore.Mvc.Infrastructure.ResourceInvoker.<InvokeAsync>g__Awaited|17_0(ResourceInvoker invoker, Task task, IDisposable scope)
   at SixLabors.ImageSharp.Web.Middleware.ImageSharpMiddleware.Invoke(HttpContext httpContext, Boolean retry)
   at Microsoft.AspNetCore.Authorization.AuthorizationMiddleware.Invoke(HttpContext context)
   at OrchardCore.Liquid.ScriptsMiddleware.Invoke(HttpContext httpContext)
   at Microsoft.AspNetCore.Authentication.AuthenticationMiddleware.Invoke(HttpContext context)
   at OrchardCore.Diagnostics.DiagnosticsStartupFilter.<>c__DisplayClass3_0.<<Configure>b__1>d.MoveNext()
--- End of stack trace from previous location ---
   at Microsoft.AspNetCore.Diagnostics.StatusCodePagesMiddleware.Invoke(HttpContext context)
   at OrchardCore.ContentPreview.PreviewStartupFilter.<>c.<<Configure>b__0_1>d.MoveNext()
--- End of stack trace from previous location ---
   at OrchardCore.Users.Services.ExternalAuthenticationsStartupFilter.<>c.<<Configure>b__0_1>d.MoveNext()
--- End of stack trace from previous location ---
   at OrchardCore.Modules.ModularTenantRouterMiddleware.Invoke(HttpContext httpContext)
   at OrchardCore.Modules.ModularTenantContainerMiddleware.<>c__DisplayClass4_0.<<Invoke>b__0>d.MoveNext()
--- End of stack trace from previous location ---
   at OrchardCore.Environment.Shell.Scope.ShellScope.UsingAsync(Func`2 execute, Boolean activateShell)
   at OrchardCore.Environment.Shell.Scope.ShellScope.UsingAsync(Func`2 execute, Boolean activateShell)
   at OrchardCore.Environment.Shell.Scope.ShellScope.UsingAsync(Func`2 execute, Boolean activateShell)
   at OrchardCore.Environment.Shell.Scope.ShellScope.UsingAsync(Func`2 execute, Boolean activateShell)
   at OrchardCore.Environment.Shell.Scope.ShellScope.UsingAsync(Func`2 execute, Boolean activateShell)
   at OrchardCore.Modules.ModularTenantContainerMiddleware.Invoke(HttpContext httpContext)
   at Microsoft.AspNetCore.Authentication.AuthenticationMiddleware.Invoke(HttpContext context)
   at Microsoft.AspNetCore.Diagnostics.DeveloperExceptionPageMiddlewareImpl.Invoke(HttpContext context)
2026-01-06 15:19:39.6582|Default|00-dcb79368ebf6cb5c9cb467240a4e7882-2cb902f20669ea5f-00|1|Microsoft.AspNetCore.Diagnostics.DeveloperExceptionPageMiddleware|ERROR|An unhandled exception has occurred while executing the request. System.Runtime.CompilerServices.HotReloadException: Attempted to invoke a deleted method implementation. This can happen when a method is deleted or its name or signature is changed while the application is running.
   at TechVerse.Cms.Pages.Product.IndexModel.OnGet()
   at Microsoft.AspNetCore.Mvc.RazorPages.Infrastructure.ExecutorFactory.VoidHandlerMethod.Execute(Object receiver, Object[] arguments)
   at Microsoft.AspNetCore.Mvc.RazorPages.Infrastructure.PageActionInvoker.InvokeHandlerMethodAsync()
   at Microsoft.AspNetCore.Mvc.RazorPages.Infrastructure.PageActionInvoker.InvokeNextPageFilterAsync()
   at Microsoft.AspNetCore.Mvc.RazorPages.Infrastructure.PageActionInvoker.Rethrow(PageHandlerExecutedContext context)
   at Microsoft.AspNetCore.Mvc.RazorPages.Infrastructure.PageActionInvoker.Next(State& next, Scope& scope, Object& state, Boolean& isCompleted)
   at Microsoft.AspNetCore.Mvc.RazorPages.Infrastructure.PageActionInvoker.InvokeInnerFilterAsync()
   at Microsoft.AspNetCore.Mvc.Infrastructure.ResourceInvoker.<InvokeNextResourceFilter>g__Awaited|25_0(ResourceInvoker invoker, Task lastTask, State next, Scope scope, Object state, Boolean isCompleted)
   at Microsoft.AspNetCore.Mvc.Infrastructure.ResourceInvoker.Rethrow(ResourceExecutedContextSealed context)
   at Microsoft.AspNetCore.Mvc.Infrastructure.ResourceInvoker.Next(State& next, Scope& scope, Object& state, Boolean& isCompleted)
   at Microsoft.AspNetCore.Mvc.Infrastructure.ResourceInvoker.InvokeFilterPipelineAsync()
--- End of stack trace from previous location ---
   at Microsoft.AspNetCore.Mvc.Infrastructure.ResourceInvoker.<InvokeAsync>g__Awaited|17_0(ResourceInvoker invoker, Task task, IDisposable scope)
   at Microsoft.AspNetCore.Mvc.Infrastructure.ResourceInvoker.<InvokeAsync>g__Awaited|17_0(ResourceInvoker invoker, Task task, IDisposable scope)
   at SixLabors.ImageSharp.Web.Middleware.ImageSharpMiddleware.Invoke(HttpContext httpContext, Boolean retry)
   at Microsoft.AspNetCore.Authorization.AuthorizationMiddleware.Invoke(HttpContext context)
   at OrchardCore.Liquid.ScriptsMiddleware.Invoke(HttpContext httpContext)
   at Microsoft.AspNetCore.Authentication.AuthenticationMiddleware.Invoke(HttpContext context)
   at OrchardCore.Diagnostics.DiagnosticsStartupFilter.<>c__DisplayClass3_0.<<Configure>b__1>d.MoveNext()
--- End of stack trace from previous location ---
   at Microsoft.AspNetCore.Diagnostics.StatusCodePagesMiddleware.Invoke(HttpContext context)
   at OrchardCore.ContentPreview.PreviewStartupFilter.<>c.<<Configure>b__0_1>d.MoveNext()
--- End of stack trace from previous location ---
   at OrchardCore.Users.Services.ExternalAuthenticationsStartupFilter.<>c.<<Configure>b__0_1>d.MoveNext()
--- End of stack trace from previous location ---
   at OrchardCore.Modules.ModularTenantRouterMiddleware.Invoke(HttpContext httpContext)
   at OrchardCore.Modules.ModularTenantContainerMiddleware.<>c__DisplayClass4_0.<<Invoke>b__0>d.MoveNext()
--- End of stack trace from previous location ---
   at OrchardCore.Environment.Shell.Scope.ShellScope.UsingAsync(Func`2 execute, Boolean activateShell)
   at OrchardCore.Environment.Shell.Scope.ShellScope.UsingAsync(Func`2 execute, Boolean activateShell)
   at OrchardCore.Environment.Shell.Scope.ShellScope.UsingAsync(Func`2 execute, Boolean activateShell)
   at OrchardCore.Environment.Shell.Scope.ShellScope.UsingAsync(Func`2 execute, Boolean activateShell)
   at OrchardCore.Environment.Shell.Scope.ShellScope.UsingAsync(Func`2 execute, Boolean activateShell)
   at OrchardCore.Modules.ModularTenantContainerMiddleware.Invoke(HttpContext httpContext)
   at Microsoft.AspNetCore.Authentication.AuthenticationMiddleware.Invoke(HttpContext context)
   at Microsoft.AspNetCore.Diagnostics.DeveloperExceptionPageMiddlewareImpl.Invoke(HttpContext context)    at TechVerse.Cms.Pages.Product.IndexModel.OnGet()
   at Microsoft.AspNetCore.Mvc.RazorPages.Infrastructure.ExecutorFactory.VoidHandlerMethod.Execute(Object receiver, Object[] arguments)
   at Microsoft.AspNetCore.Mvc.RazorPages.Infrastructure.PageActionInvoker.InvokeHandlerMethodAsync()
   at Microsoft.AspNetCore.Mvc.RazorPages.Infrastructure.PageActionInvoker.InvokeNextPageFilterAsync()
   at Microsoft.AspNetCore.Mvc.RazorPages.Infrastructure.PageActionInvoker.Rethrow(PageHandlerExecutedContext context)
   at Microsoft.AspNetCore.Mvc.RazorPages.Infrastructure.PageActionInvoker.Next(State& next, Scope& scope, Object& state, Boolean& isCompleted)
   at Microsoft.AspNetCore.Mvc.RazorPages.Infrastructure.PageActionInvoker.InvokeInnerFilterAsync()
   at Microsoft.AspNetCore.Mvc.Infrastructure.ResourceInvoker.<InvokeNextResourceFilter>g__Awaited|25_0(ResourceInvoker invoker, Task lastTask, State next, Scope scope, Object state, Boolean isCompleted)
   at Microsoft.AspNetCore.Mvc.Infrastructure.ResourceInvoker.Rethrow(ResourceExecutedContextSealed context)
   at Microsoft.AspNetCore.Mvc.Infrastructure.ResourceInvoker.Next(State& next, Scope& scope, Object& state, Boolean& isCompleted)
   at Microsoft.AspNetCore.Mvc.Infrastructure.ResourceInvoker.InvokeFilterPipelineAsync()
--- End of stack trace from previous location ---
   at Microsoft.AspNetCore.Mvc.Infrastructure.ResourceInvoker.<InvokeAsync>g__Awaited|17_0(ResourceInvoker invoker, Task task, IDisposable scope)
   at Microsoft.AspNetCore.Mvc.Infrastructure.ResourceInvoker.<InvokeAsync>g__Awaited|17_0(ResourceInvoker invoker, Task task, IDisposable scope)
   at SixLabors.ImageSharp.Web.Middleware.ImageSharpMiddleware.Invoke(HttpContext httpContext, Boolean retry)
   at Microsoft.AspNetCore.Authorization.AuthorizationMiddleware.Invoke(HttpContext context)
   at OrchardCore.Liquid.ScriptsMiddleware.Invoke(HttpContext httpContext)
   at Microsoft.AspNetCore.Authentication.AuthenticationMiddleware.Invoke(HttpContext context)
   at OrchardCore.Diagnostics.DiagnosticsStartupFilter.<>c__DisplayClass3_0.<<Configure>b__1>d.MoveNext()
--- End of stack trace from previous location ---
   at Microsoft.AspNetCore.Diagnostics.StatusCodePagesMiddleware.Invoke(HttpContext context)
   at OrchardCore.ContentPreview.PreviewStartupFilter.<>c.<<Configure>b__0_1>d.MoveNext()
--- End of stack trace from previous location ---
   at OrchardCore.Users.Services.ExternalAuthenticationsStartupFilter.<>c.<<Configure>b__0_1>d.MoveNext()
--- End of stack trace from previous location ---
   at OrchardCore.Modules.ModularTenantRouterMiddleware.Invoke(HttpContext httpContext)
   at OrchardCore.Modules.ModularTenantContainerMiddleware.<>c__DisplayClass4_0.<<Invoke>b__0>d.MoveNext()
--- End of stack trace from previous location ---
   at OrchardCore.Environment.Shell.Scope.ShellScope.UsingAsync(Func`2 execute, Boolean activateShell)
   at OrchardCore.Environment.Shell.Scope.ShellScope.UsingAsync(Func`2 execute, Boolean activateShell)
   at OrchardCore.Environment.Shell.Scope.ShellScope.UsingAsync(Func`2 execute, Boolean activateShell)
   at OrchardCore.Environment.Shell.Scope.ShellScope.UsingAsync(Func`2 execute, Boolean activateShell)
   at OrchardCore.Environment.Shell.Scope.ShellScope.UsingAsync(Func`2 execute, Boolean activateShell)
   at OrchardCore.Modules.ModularTenantContainerMiddleware.Invoke(HttpContext httpContext)
   at Microsoft.AspNetCore.Authentication.AuthenticationMiddleware.Invoke(HttpContext context)
   at Microsoft.AspNetCore.Diagnostics.DeveloperExceptionPageMiddlewareImpl.Invoke(HttpContext context)
2026-01-06 15:24:29.0805|Default|00-a4aeef70a034422f959abbd52bd1450f-9dc369335c16b65e-00|1|Microsoft.AspNetCore.Diagnostics.DeveloperExceptionPageMiddleware|ERROR|An unhandled exception has occurred while executing the request. System.Runtime.CompilerServices.HotReloadException: Attempted to invoke a deleted method implementation. This can happen when a method is deleted or its name or signature is changed while the application is running.
   at TechVerse.Cms.Pages.Product.IndexModel.OnGet()
   at Microsoft.AspNetCore.Mvc.RazorPages.Infrastructure.ExecutorFactory.VoidHandlerMethod.Execute(Object receiver, Object[] arguments)
   at Microsoft.AspNetCore.Mvc.RazorPages.Infrastructure.PageActionInvoker.InvokeHandlerMethodAsync()
   at Microsoft.AspNetCore.Mvc.RazorPages.Infrastructure.PageActionInvoker.InvokeNextPageFilterAsync()
   at Microsoft.AspNetCore.Mvc.RazorPages.Infrastructure.PageActionInvoker.Rethrow(PageHandlerExecutedContext context)
   at Microsoft.AspNetCore.Mvc.RazorPages.Infrastructure.PageActionInvoker.Next(State& next, Scope& scope, Object& state, Boolean& isCompleted)
   at Microsoft.AspNetCore.Mvc.RazorPages.Infrastructure.PageActionInvoker.InvokeInnerFilterAsync()
   at Microsoft.AspNetCore.Mvc.Infrastructure.ResourceInvoker.<InvokeNextResourceFilter>g__Awaited|25_0(ResourceInvoker invoker, Task lastTask, State next, Scope scope, Object state, Boolean isCompleted)
   at Microsoft.AspNetCore.Mvc.Infrastructure.ResourceInvoker.Rethrow(ResourceExecutedContextSealed context)
   at Microsoft.AspNetCore.Mvc.Infrastructure.ResourceInvoker.Next(State& next, Scope& scope, Object& state, Boolean& isCompleted)
   at Microsoft.AspNetCore.Mvc.Infrastructure.ResourceInvoker.InvokeFilterPipelineAsync()
--- End of stack trace from previous location ---
   at Microsoft.AspNetCore.Mvc.Infrastructure.ResourceInvoker.<InvokeAsync>g__Awaited|17_0(ResourceInvoker invoker, Task task, IDisposable scope)
   at Microsoft.AspNetCore.Mvc.Infrastructure.ResourceInvoker.<InvokeAsync>g__Awaited|17_0(ResourceInvoker invoker, Task task, IDisposable scope)
   at SixLabors.ImageSharp.Web.Middleware.ImageSharpMiddleware.Invoke(HttpContext httpContext, Boolean retry)
   at Microsoft.AspNetCore.Authorization.AuthorizationMiddleware.Invoke(HttpContext context)
   at OrchardCore.Liquid.ScriptsMiddleware.Invoke(HttpContext httpContext)
   at Microsoft.AspNetCore.Authentication.AuthenticationMiddleware.Invoke(HttpContext context)
   at OrchardCore.Diagnostics.DiagnosticsStartupFilter.<>c__DisplayClass3_0.<<Configure>b__1>d.MoveNext()
--- End of stack trace from previous location ---
   at Microsoft.AspNetCore.Diagnostics.StatusCodePagesMiddleware.Invoke(HttpContext context)
   at OrchardCore.ContentPreview.PreviewStartupFilter.<>c.<<Configure>b__0_1>d.MoveNext()
--- End of stack trace from previous location ---
   at OrchardCore.Users.Services.ExternalAuthenticationsStartupFilter.<>c.<<Configure>b__0_1>d.MoveNext()
--- End of stack trace from previous location ---
   at OrchardCore.Modules.ModularTenantRouterMiddleware.Invoke(HttpContext httpContext)
   at OrchardCore.Modules.ModularTenantContainerMiddleware.<>c__DisplayClass4_0.<<Invoke>b__0>d.MoveNext()
--- End of stack trace from previous location ---
   at OrchardCore.Environment.Shell.Scope.ShellScope.UsingAsync(Func`2 execute, Boolean activateShell)
   at OrchardCore.Environment.Shell.Scope.ShellScope.UsingAsync(Func`2 execute, Boolean activateShell)
   at OrchardCore.Environment.Shell.Scope.ShellScope.UsingAsync(Func`2 execute, Boolean activateShell)
   at OrchardCore.Environment.Shell.Scope.ShellScope.UsingAsync(Func`2 execute, Boolean activateShell)
   at OrchardCore.Environment.Shell.Scope.ShellScope.UsingAsync(Func`2 execute, Boolean activateShell)
   at OrchardCore.Modules.ModularTenantContainerMiddleware.Invoke(HttpContext httpContext)
   at Microsoft.AspNetCore.Authentication.AuthenticationMiddleware.Invoke(HttpContext context)
   at Microsoft.AspNetCore.Diagnostics.DeveloperExceptionPageMiddlewareImpl.Invoke(HttpContext context)    at TechVerse.Cms.Pages.Product.IndexModel.OnGet()
   at Microsoft.AspNetCore.Mvc.RazorPages.Infrastructure.ExecutorFactory.VoidHandlerMethod.Execute(Object receiver, Object[] arguments)
   at Microsoft.AspNetCore.Mvc.RazorPages.Infrastructure.PageActionInvoker.InvokeHandlerMethodAsync()
   at Microsoft.AspNetCore.Mvc.RazorPages.Infrastructure.PageActionInvoker.InvokeNextPageFilterAsync()
   at Microsoft.AspNetCore.Mvc.RazorPages.Infrastructure.PageActionInvoker.Rethrow(PageHandlerExecutedContext context)
   at Microsoft.AspNetCore.Mvc.RazorPages.Infrastructure.PageActionInvoker.Next(State& next, Scope& scope, Object& state, Boolean& isCompleted)
   at Microsoft.AspNetCore.Mvc.RazorPages.Infrastructure.PageActionInvoker.InvokeInnerFilterAsync()
   at Microsoft.AspNetCore.Mvc.Infrastructure.ResourceInvoker.<InvokeNextResourceFilter>g__Awaited|25_0(ResourceInvoker invoker, Task lastTask, State next, Scope scope, Object state, Boolean isCompleted)
   at Microsoft.AspNetCore.Mvc.Infrastructure.ResourceInvoker.Rethrow(ResourceExecutedContextSealed context)
   at Microsoft.AspNetCore.Mvc.Infrastructure.ResourceInvoker.Next(State& next, Scope& scope, Object& state, Boolean& isCompleted)
   at Microsoft.AspNetCore.Mvc.Infrastructure.ResourceInvoker.InvokeFilterPipelineAsync()
--- End of stack trace from previous location ---
   at Microsoft.AspNetCore.Mvc.Infrastructure.ResourceInvoker.<InvokeAsync>g__Awaited|17_0(ResourceInvoker invoker, Task task, IDisposable scope)
   at Microsoft.AspNetCore.Mvc.Infrastructure.ResourceInvoker.<InvokeAsync>g__Awaited|17_0(ResourceInvoker invoker, Task task, IDisposable scope)
   at SixLabors.ImageSharp.Web.Middleware.ImageSharpMiddleware.Invoke(HttpContext httpContext, Boolean retry)
   at Microsoft.AspNetCore.Authorization.AuthorizationMiddleware.Invoke(HttpContext context)
   at OrchardCore.Liquid.ScriptsMiddleware.Invoke(HttpContext httpContext)
   at Microsoft.AspNetCore.Authentication.AuthenticationMiddleware.Invoke(HttpContext context)
   at OrchardCore.Diagnostics.DiagnosticsStartupFilter.<>c__DisplayClass3_0.<<Configure>b__1>d.MoveNext()
--- End of stack trace from previous location ---
   at Microsoft.AspNetCore.Diagnostics.StatusCodePagesMiddleware.Invoke(HttpContext context)
   at OrchardCore.ContentPreview.PreviewStartupFilter.<>c.<<Configure>b__0_1>d.MoveNext()
--- End of stack trace from previous location ---
   at OrchardCore.Users.Services.ExternalAuthenticationsStartupFilter.<>c.<<Configure>b__0_1>d.MoveNext()
--- End of stack trace from previous location ---
   at OrchardCore.Modules.ModularTenantRouterMiddleware.Invoke(HttpContext httpContext)
   at OrchardCore.Modules.ModularTenantContainerMiddleware.<>c__DisplayClass4_0.<<Invoke>b__0>d.MoveNext()
--- End of stack trace from previous location ---
   at OrchardCore.Environment.Shell.Scope.ShellScope.UsingAsync(Func`2 execute, Boolean activateShell)
   at OrchardCore.Environment.Shell.Scope.ShellScope.UsingAsync(Func`2 execute, Boolean activateShell)
   at OrchardCore.Environment.Shell.Scope.ShellScope.UsingAsync(Func`2 execute, Boolean activateShell)
   at OrchardCore.Environment.Shell.Scope.ShellScope.UsingAsync(Func`2 execute, Boolean activateShell)
   at OrchardCore.Environment.Shell.Scope.ShellScope.UsingAsync(Func`2 execute, Boolean activateShell)
   at OrchardCore.Modules.ModularTenantContainerMiddleware.Invoke(HttpContext httpContext)
   at Microsoft.AspNetCore.Authentication.AuthenticationMiddleware.Invoke(HttpContext context)
   at Microsoft.AspNetCore.Diagnostics.DeveloperExceptionPageMiddlewareImpl.Invoke(HttpContext context)
2026-01-06 15:24:31.6899|Default|00-dea44f45a99384643d2e075382556ece-9368bbf2cc048595-00|1|Microsoft.AspNetCore.Diagnostics.DeveloperExceptionPageMiddleware|ERROR|An unhandled exception has occurred while executing the request. System.Runtime.CompilerServices.HotReloadException: Attempted to invoke a deleted method implementation. This can happen when a method is deleted or its name or signature is changed while the application is running.
   at TechVerse.Cms.Pages.Product.IndexModel.OnGet()
   at Microsoft.AspNetCore.Mvc.RazorPages.Infrastructure.ExecutorFactory.VoidHandlerMethod.Execute(Object receiver, Object[] arguments)
   at Microsoft.AspNetCore.Mvc.RazorPages.Infrastructure.PageActionInvoker.InvokeHandlerMethodAsync()
   at Microsoft.AspNetCore.Mvc.RazorPages.Infrastructure.PageActionInvoker.InvokeNextPageFilterAsync()
   at Microsoft.AspNetCore.Mvc.RazorPages.Infrastructure.PageActionInvoker.Rethrow(PageHandlerExecutedContext context)
   at Microsoft.AspNetCore.Mvc.RazorPages.Infrastructure.PageActionInvoker.Next(State& next, Scope& scope, Object& state, Boolean& isCompleted)
   at Microsoft.AspNetCore.Mvc.RazorPages.Infrastructure.PageActionInvoker.InvokeInnerFilterAsync()
   at Microsoft.AspNetCore.Mvc.Infrastructure.ResourceInvoker.<InvokeNextResourceFilter>g__Awaited|25_0(ResourceInvoker invoker, Task lastTask, State next, Scope scope, Object state, Boolean isCompleted)
   at Microsoft.AspNetCore.Mvc.Infrastructure.ResourceInvoker.Rethrow(ResourceExecutedContextSealed context)
   at Microsoft.AspNetCore.Mvc.Infrastructure.ResourceInvoker.Next(State& next, Scope& scope, Object& state, Boolean& isCompleted)
   at Microsoft.AspNetCore.Mvc.Infrastructure.ResourceInvoker.InvokeFilterPipelineAsync()
--- End of stack trace from previous location ---
   at Microsoft.AspNetCore.Mvc.Infrastructure.ResourceInvoker.<InvokeAsync>g__Awaited|17_0(ResourceInvoker invoker, Task task, IDisposable scope)
   at Microsoft.AspNetCore.Mvc.Infrastructure.ResourceInvoker.<InvokeAsync>g__Awaited|17_0(ResourceInvoker invoker, Task task, IDisposable scope)
   at SixLabors.ImageSharp.Web.Middleware.ImageSharpMiddleware.Invoke(HttpContext httpContext, Boolean retry)
   at Microsoft.AspNetCore.Authorization.AuthorizationMiddleware.Invoke(HttpContext context)
   at OrchardCore.Liquid.ScriptsMiddleware.Invoke(HttpContext httpContext)
   at Microsoft.AspNetCore.Authentication.AuthenticationMiddleware.Invoke(HttpContext context)
   at OrchardCore.Diagnostics.DiagnosticsStartupFilter.<>c__DisplayClass3_0.<<Configure>b__1>d.MoveNext()
--- End of stack trace from previous location ---
   at Microsoft.AspNetCore.Diagnostics.StatusCodePagesMiddleware.Invoke(HttpContext context)
   at OrchardCore.ContentPreview.PreviewStartupFilter.<>c.<<Configure>b__0_1>d.MoveNext()
--- End of stack trace from previous location ---
   at OrchardCore.Users.Services.ExternalAuthenticationsStartupFilter.<>c.<<Configure>b__0_1>d.MoveNext()
--- End of stack trace from previous location ---
   at OrchardCore.Modules.ModularTenantRouterMiddleware.Invoke(HttpContext httpContext)
   at OrchardCore.Modules.ModularTenantContainerMiddleware.<>c__DisplayClass4_0.<<Invoke>b__0>d.MoveNext()
--- End of stack trace from previous location ---
   at OrchardCore.Environment.Shell.Scope.ShellScope.UsingAsync(Func`2 execute, Boolean activateShell)
   at OrchardCore.Environment.Shell.Scope.ShellScope.UsingAsync(Func`2 execute, Boolean activateShell)
   at OrchardCore.Environment.Shell.Scope.ShellScope.UsingAsync(Func`2 execute, Boolean activateShell)
   at OrchardCore.Environment.Shell.Scope.ShellScope.UsingAsync(Func`2 execute, Boolean activateShell)
   at OrchardCore.Environment.Shell.Scope.ShellScope.UsingAsync(Func`2 execute, Boolean activateShell)
   at OrchardCore.Modules.ModularTenantContainerMiddleware.Invoke(HttpContext httpContext)
   at Microsoft.AspNetCore.Authentication.AuthenticationMiddleware.Invoke(HttpContext context)
   at Microsoft.AspNetCore.Diagnostics.DeveloperExceptionPageMiddlewareImpl.Invoke(HttpContext context)    at TechVerse.Cms.Pages.Product.IndexModel.OnGet()
   at Microsoft.AspNetCore.Mvc.RazorPages.Infrastructure.ExecutorFactory.VoidHandlerMethod.Execute(Object receiver, Object[] arguments)
   at Microsoft.AspNetCore.Mvc.RazorPages.Infrastructure.PageActionInvoker.InvokeHandlerMethodAsync()
   at Microsoft.AspNetCore.Mvc.RazorPages.Infrastructure.PageActionInvoker.InvokeNextPageFilterAsync()
   at Microsoft.AspNetCore.Mvc.RazorPages.Infrastructure.PageActionInvoker.Rethrow(PageHandlerExecutedContext context)
   at Microsoft.AspNetCore.Mvc.RazorPages.Infrastructure.PageActionInvoker.Next(State& next, Scope& scope, Object& state, Boolean& isCompleted)
   at Microsoft.AspNetCore.Mvc.RazorPages.Infrastructure.PageActionInvoker.InvokeInnerFilterAsync()
   at Microsoft.AspNetCore.Mvc.Infrastructure.ResourceInvoker.<InvokeNextResourceFilter>g__Awaited|25_0(ResourceInvoker invoker, Task lastTask, State next, Scope scope, Object state, Boolean isCompleted)
   at Microsoft.AspNetCore.Mvc.Infrastructure.ResourceInvoker.Rethrow(ResourceExecutedContextSealed context)
   at Microsoft.AspNetCore.Mvc.Infrastructure.ResourceInvoker.Next(State& next, Scope& scope, Object& state, Boolean& isCompleted)
   at Microsoft.AspNetCore.Mvc.Infrastructure.ResourceInvoker.InvokeFilterPipelineAsync()
--- End of stack trace from previous location ---
   at Microsoft.AspNetCore.Mvc.Infrastructure.ResourceInvoker.<InvokeAsync>g__Awaited|17_0(ResourceInvoker invoker, Task task, IDisposable scope)
   at Microsoft.AspNetCore.Mvc.Infrastructure.ResourceInvoker.<InvokeAsync>g__Awaited|17_0(ResourceInvoker invoker, Task task, IDisposable scope)
   at SixLabors.ImageSharp.Web.Middleware.ImageSharpMiddleware.Invoke(HttpContext httpContext, Boolean retry)
   at Microsoft.AspNetCore.Authorization.AuthorizationMiddleware.Invoke(HttpContext context)
   at OrchardCore.Liquid.ScriptsMiddleware.Invoke(HttpContext httpContext)
   at Microsoft.AspNetCore.Authentication.AuthenticationMiddleware.Invoke(HttpContext context)
   at OrchardCore.Diagnostics.DiagnosticsStartupFilter.<>c__DisplayClass3_0.<<Configure>b__1>d.MoveNext()
--- End of stack trace from previous location ---
   at Microsoft.AspNetCore.Diagnostics.StatusCodePagesMiddleware.Invoke(HttpContext context)
   at OrchardCore.ContentPreview.PreviewStartupFilter.<>c.<<Configure>b__0_1>d.MoveNext()
--- End of stack trace from previous location ---
   at OrchardCore.Users.Services.ExternalAuthenticationsStartupFilter.<>c.<<Configure>b__0_1>d.MoveNext()
--- End of stack trace from previous location ---
   at OrchardCore.Modules.ModularTenantRouterMiddleware.Invoke(HttpContext httpContext)
   at OrchardCore.Modules.ModularTenantContainerMiddleware.<>c__DisplayClass4_0.<<Invoke>b__0>d.MoveNext()
--- End of stack trace from previous location ---
   at OrchardCore.Environment.Shell.Scope.ShellScope.UsingAsync(Func`2 execute, Boolean activateShell)
   at OrchardCore.Environment.Shell.Scope.ShellScope.UsingAsync(Func`2 execute, Boolean activateShell)
   at OrchardCore.Environment.Shell.Scope.ShellScope.UsingAsync(Func`2 execute, Boolean activateShell)
   at OrchardCore.Environment.Shell.Scope.ShellScope.UsingAsync(Func`2 execute, Boolean activateShell)
   at OrchardCore.Environment.Shell.Scope.ShellScope.UsingAsync(Func`2 execute, Boolean activateShell)
   at OrchardCore.Modules.ModularTenantContainerMiddleware.Invoke(HttpContext httpContext)
   at Microsoft.AspNetCore.Authentication.AuthenticationMiddleware.Invoke(HttpContext context)
   at Microsoft.AspNetCore.Diagnostics.DeveloperExceptionPageMiddlewareImpl.Invoke(HttpContext context)
2026-01-06 15:24:39.5983|Default|00-cb32d65a57203155cfa19d42e8f415fb-2aa78a3c66a99789-00|1|Microsoft.AspNetCore.Diagnostics.DeveloperExceptionPageMiddleware|ERROR|An unhandled exception has occurred while executing the request. System.Runtime.CompilerServices.HotReloadException: Attempted to invoke a deleted method implementation. This can happen when a method is deleted or its name or signature is changed while the application is running.
   at TechVerse.Cms.Pages.Product.IndexModel.OnGet()
   at Microsoft.AspNetCore.Mvc.RazorPages.Infrastructure.ExecutorFactory.VoidHandlerMethod.Execute(Object receiver, Object[] arguments)
   at Microsoft.AspNetCore.Mvc.RazorPages.Infrastructure.PageActionInvoker.InvokeHandlerMethodAsync()
   at Microsoft.AspNetCore.Mvc.RazorPages.Infrastructure.PageActionInvoker.InvokeNextPageFilterAsync()
   at Microsoft.AspNetCore.Mvc.RazorPages.Infrastructure.PageActionInvoker.Rethrow(PageHandlerExecutedContext context)
   at Microsoft.AspNetCore.Mvc.RazorPages.Infrastructure.PageActionInvoker.Next(State& next, Scope& scope, Object& state, Boolean& isCompleted)
   at Microsoft.AspNetCore.Mvc.RazorPages.Infrastructure.PageActionInvoker.InvokeInnerFilterAsync()
   at Microsoft.AspNetCore.Mvc.Infrastructure.ResourceInvoker.<InvokeNextResourceFilter>g__Awaited|25_0(ResourceInvoker invoker, Task lastTask, State next, Scope scope, Object state, Boolean isCompleted)
   at Microsoft.AspNetCore.Mvc.Infrastructure.ResourceInvoker.Rethrow(ResourceExecutedContextSealed context)
   at Microsoft.AspNetCore.Mvc.Infrastructure.ResourceInvoker.Next(State& next, Scope& scope, Object& state, Boolean& isCompleted)
   at Microsoft.AspNetCore.Mvc.Infrastructure.ResourceInvoker.InvokeFilterPipelineAsync()
--- End of stack trace from previous location ---
   at Microsoft.AspNetCore.Mvc.Infrastructure.ResourceInvoker.<InvokeAsync>g__Awaited|17_0(ResourceInvoker invoker, Task task, IDisposable scope)
   at Microsoft.AspNetCore.Mvc.Infrastructure.ResourceInvoker.<InvokeAsync>g__Awaited|17_0(ResourceInvoker invoker, Task task, IDisposable scope)
   at SixLabors.ImageSharp.Web.Middleware.ImageSharpMiddleware.Invoke(HttpContext httpContext, Boolean retry)
   at Microsoft.AspNetCore.Authorization.AuthorizationMiddleware.Invoke(HttpContext context)
   at OrchardCore.Liquid.ScriptsMiddleware.Invoke(HttpContext httpContext)
   at Microsoft.AspNetCore.Authentication.AuthenticationMiddleware.Invoke(HttpContext context)
   at OrchardCore.Diagnostics.DiagnosticsStartupFilter.<>c__DisplayClass3_0.<<Configure>b__1>d.MoveNext()
--- End of stack trace from previous location ---
   at Microsoft.AspNetCore.Diagnostics.StatusCodePagesMiddleware.Invoke(HttpContext context)
   at OrchardCore.ContentPreview.PreviewStartupFilter.<>c.<<Configure>b__0_1>d.MoveNext()
--- End of stack trace from previous location ---
   at OrchardCore.Users.Services.ExternalAuthenticationsStartupFilter.<>c.<<Configure>b__0_1>d.MoveNext()
--- End of stack trace from previous location ---
   at OrchardCore.Modules.ModularTenantRouterMiddleware.Invoke(HttpContext httpContext)
   at OrchardCore.Modules.ModularTenantContainerMiddleware.<>c__DisplayClass4_0.<<Invoke>b__0>d.MoveNext()
--- End of stack trace from previous location ---
   at OrchardCore.Environment.Shell.Scope.ShellScope.UsingAsync(Func`2 execute, Boolean activateShell)
   at OrchardCore.Environment.Shell.Scope.ShellScope.UsingAsync(Func`2 execute, Boolean activateShell)
   at OrchardCore.Environment.Shell.Scope.ShellScope.UsingAsync(Func`2 execute, Boolean activateShell)
   at OrchardCore.Environment.Shell.Scope.ShellScope.UsingAsync(Func`2 execute, Boolean activateShell)
   at OrchardCore.Environment.Shell.Scope.ShellScope.UsingAsync(Func`2 execute, Boolean activateShell)
   at OrchardCore.Modules.ModularTenantContainerMiddleware.Invoke(HttpContext httpContext)
   at Microsoft.AspNetCore.Authentication.AuthenticationMiddleware.Invoke(HttpContext context)
   at Microsoft.AspNetCore.Diagnostics.DeveloperExceptionPageMiddlewareImpl.Invoke(HttpContext context)    at TechVerse.Cms.Pages.Product.IndexModel.OnGet()
   at Microsoft.AspNetCore.Mvc.RazorPages.Infrastructure.ExecutorFactory.VoidHandlerMethod.Execute(Object receiver, Object[] arguments)
   at Microsoft.AspNetCore.Mvc.RazorPages.Infrastructure.PageActionInvoker.InvokeHandlerMethodAsync()
   at Microsoft.AspNetCore.Mvc.RazorPages.Infrastructure.PageActionInvoker.InvokeNextPageFilterAsync()
   at Microsoft.AspNetCore.Mvc.RazorPages.Infrastructure.PageActionInvoker.Rethrow(PageHandlerExecutedContext context)
   at Microsoft.AspNetCore.Mvc.RazorPages.Infrastructure.PageActionInvoker.Next(State& next, Scope& scope, Object& state, Boolean& isCompleted)
   at Microsoft.AspNetCore.Mvc.RazorPages.Infrastructure.PageActionInvoker.InvokeInnerFilterAsync()
   at Microsoft.AspNetCore.Mvc.Infrastructure.ResourceInvoker.<InvokeNextResourceFilter>g__Awaited|25_0(ResourceInvoker invoker, Task lastTask, State next, Scope scope, Object state, Boolean isCompleted)
   at Microsoft.AspNetCore.Mvc.Infrastructure.ResourceInvoker.Rethrow(ResourceExecutedContextSealed context)
   at Microsoft.AspNetCore.Mvc.Infrastructure.ResourceInvoker.Next(State& next, Scope& scope, Object& state, Boolean& isCompleted)
   at Microsoft.AspNetCore.Mvc.Infrastructure.ResourceInvoker.InvokeFilterPipelineAsync()
--- End of stack trace from previous location ---
   at Microsoft.AspNetCore.Mvc.Infrastructure.ResourceInvoker.<InvokeAsync>g__Awaited|17_0(ResourceInvoker invoker, Task task, IDisposable scope)
   at Microsoft.AspNetCore.Mvc.Infrastructure.ResourceInvoker.<InvokeAsync>g__Awaited|17_0(ResourceInvoker invoker, Task task, IDisposable scope)
   at SixLabors.ImageSharp.Web.Middleware.ImageSharpMiddleware.Invoke(HttpContext httpContext, Boolean retry)
   at Microsoft.AspNetCore.Authorization.AuthorizationMiddleware.Invoke(HttpContext context)
   at OrchardCore.Liquid.ScriptsMiddleware.Invoke(HttpContext httpContext)
   at Microsoft.AspNetCore.Authentication.AuthenticationMiddleware.Invoke(HttpContext context)
   at OrchardCore.Diagnostics.DiagnosticsStartupFilter.<>c__DisplayClass3_0.<<Configure>b__1>d.MoveNext()
--- End of stack trace from previous location ---
   at Microsoft.AspNetCore.Diagnostics.StatusCodePagesMiddleware.Invoke(HttpContext context)
   at OrchardCore.ContentPreview.PreviewStartupFilter.<>c.<<Configure>b__0_1>d.MoveNext()
--- End of stack trace from previous location ---
   at OrchardCore.Users.Services.ExternalAuthenticationsStartupFilter.<>c.<<Configure>b__0_1>d.MoveNext()
--- End of stack trace from previous location ---
   at OrchardCore.Modules.ModularTenantRouterMiddleware.Invoke(HttpContext httpContext)
   at OrchardCore.Modules.ModularTenantContainerMiddleware.<>c__DisplayClass4_0.<<Invoke>b__0>d.MoveNext()
--- End of stack trace from previous location ---
   at OrchardCore.Environment.Shell.Scope.ShellScope.UsingAsync(Func`2 execute, Boolean activateShell)
   at OrchardCore.Environment.Shell.Scope.ShellScope.UsingAsync(Func`2 execute, Boolean activateShell)
   at OrchardCore.Environment.Shell.Scope.ShellScope.UsingAsync(Func`2 execute, Boolean activateShell)
   at OrchardCore.Environment.Shell.Scope.ShellScope.UsingAsync(Func`2 execute, Boolean activateShell)
   at OrchardCore.Environment.Shell.Scope.ShellScope.UsingAsync(Func`2 execute, Boolean activateShell)
   at OrchardCore.Modules.ModularTenantContainerMiddleware.Invoke(HttpContext httpContext)
   at Microsoft.AspNetCore.Authentication.AuthenticationMiddleware.Invoke(HttpContext context)
   at Microsoft.AspNetCore.Diagnostics.DeveloperExceptionPageMiddlewareImpl.Invoke(HttpContext context)
2026-01-06 15:25:41.2588||||Microsoft.Hosting.Lifetime|INFO|Application started. Press Ctrl+C to shut down. 
2026-01-06 15:25:41.3253||||Microsoft.Hosting.Lifetime|INFO|Hosting environment: Development 
2026-01-06 15:25:41.3378||||Microsoft.Hosting.Lifetime|INFO|Content root path: C:\Users\Wanwi\OneDrive\Desktop\TechVerse\TechVerse.Cms 
2026-01-06 15:26:20.0612|Default|00-c032c523d0e3718a3f7f1f6be17aa5ea-f6c596fb2634418a-00|1|Microsoft.AspNetCore.Diagnostics.DeveloperExceptionPageMiddleware|ERROR|An unhandled exception has occurred while executing the request. System.MissingMethodException: Method 'System.Text.Json.Nodes.JsonArray.FirstOrDefault' not found.
   at System.RuntimeType.InvokeMember(String name, BindingFlags bindingFlags, Binder binder, Object target, Object[] providedArgs, ParameterModifier[] modifiers, CultureInfo culture, String[] namedParams)
   at System.Type.InvokeMember(String name, BindingFlags invokeAttr, Binder binder, Object target, Object[] args)
   at System.Text.Json.Dynamic.JsonDynamicArray.TryInvokeMember(InvokeMemberBinder binder, Object[] args, Object& result)
   at CallSite.Target(Closure, CallSite, Object)
   at System.Dynamic.UpdateDelegates.UpdateAndExecute1[T0,TRet](CallSite site, T0 arg0)
   at AspNetCoreGeneratedDocument.Pages_Product_Index.ExecuteAsync() in C:\Users\Wanwi\OneDrive\Desktop\TechVerse\TechVerse.Cms\Pages\Product\Index.cshtml:line 24
   at Microsoft.AspNetCore.Mvc.Razor.RazorView.RenderPageCoreAsync(IRazorPage page, ViewContext context)
   at Microsoft.AspNetCore.Mvc.Razor.RazorView.RenderPageAsync(IRazorPage page, ViewContext context, Boolean invokeViewStarts)
   at Microsoft.AspNetCore.Mvc.Razor.RazorView.RenderAsync(ViewContext context)
   at Microsoft.AspNetCore.Mvc.ViewFeatures.ViewExecutor.ExecuteAsync(ViewContext viewContext, String contentType, Nullable`1 statusCode)
   at Microsoft.AspNetCore.Mvc.ViewFeatures.ViewExecutor.ExecuteAsync(ViewContext viewContext, String contentType, Nullable`1 statusCode)
   at Microsoft.AspNetCore.Mvc.Infrastructure.ResourceInvoker.<InvokeNextResultFilterAsync>g__Awaited|30_0[TFilter,TFilterAsync](ResourceInvoker invoker, Task lastTask, State next, Scope scope, Object state, Boolean isCompleted)
   at Microsoft.AspNetCore.Mvc.Infrastructure.ResourceInvoker.Rethrow(ResultExecutedContextSealed context)
   at Microsoft.AspNetCore.Mvc.Infrastructure.ResourceInvoker.ResultNext[TFilter,TFilterAsync](State& next, Scope& scope, Object& state, Boolean& isCompleted)
   at Microsoft.AspNetCore.Mvc.Infrastructure.ResourceInvoker.<InvokeResultFilters>g__Awaited|28_0(ResourceInvoker invoker, Task lastTask, State next, Scope scope, Object state, Boolean isCompleted)
   at Microsoft.AspNetCore.Mvc.Infrastructure.ResourceInvoker.<InvokeNextResourceFilter>g__Awaited|25_0(ResourceInvoker invoker, Task lastTask, State next, Scope scope, Object state, Boolean isCompleted)
   at Microsoft.AspNetCore.Mvc.Infrastructure.ResourceInvoker.Rethrow(ResourceExecutedContextSealed context)
   at Microsoft.AspNetCore.Mvc.Infrastructure.ResourceInvoker.Next(State& next, Scope& scope, Object& state, Boolean& isCompleted)
   at Microsoft.AspNetCore.Mvc.Infrastructure.ResourceInvoker.<InvokeFilterPipelineAsync>g__Awaited|20_0(ResourceInvoker invoker, Task lastTask, State next, Scope scope, Object state, Boolean isCompleted)
   at Microsoft.AspNetCore.Mvc.Infrastructure.ResourceInvoker.<InvokeAsync>g__Awaited|17_0(ResourceInvoker invoker, Task task, IDisposable scope)
   at Microsoft.AspNetCore.Mvc.Infrastructure.ResourceInvoker.<InvokeAsync>g__Awaited|17_0(ResourceInvoker invoker, Task task, IDisposable scope)
   at SixLabors.ImageSharp.Web.Middleware.ImageSharpMiddleware.Invoke(HttpContext httpContext, Boolean retry)
   at Microsoft.AspNetCore.Authorization.AuthorizationMiddleware.Invoke(HttpContext context)
   at OrchardCore.Liquid.ScriptsMiddleware.Invoke(HttpContext httpContext)
   at Microsoft.AspNetCore.Authentication.AuthenticationMiddleware.Invoke(HttpContext context)
   at OrchardCore.Diagnostics.DiagnosticsStartupFilter.<>c__DisplayClass3_0.<<Configure>b__1>d.MoveNext()
--- End of stack trace from previous location ---
   at Microsoft.AspNetCore.Diagnostics.StatusCodePagesMiddleware.Invoke(HttpContext context)
   at OrchardCore.ContentPreview.PreviewStartupFilter.<>c.<<Configure>b__0_1>d.MoveNext()
--- End of stack trace from previous location ---
   at OrchardCore.Users.Services.ExternalAuthenticationsStartupFilter.<>c.<<Configure>b__0_1>d.MoveNext()
--- End of stack trace from previous location ---
   at OrchardCore.Modules.ModularTenantRouterMiddleware.Invoke(HttpContext httpContext)
   at OrchardCore.Modules.ModularTenantContainerMiddleware.<>c__DisplayClass4_0.<<Invoke>b__0>d.MoveNext()
--- End of stack trace from previous location ---
   at OrchardCore.Environment.Shell.Scope.ShellScope.UsingAsync(Func`2 execute, Boolean activateShell)
   at OrchardCore.Environment.Shell.Scope.ShellScope.UsingAsync(Func`2 execute, Boolean activateShell)
   at OrchardCore.Environment.Shell.Scope.ShellScope.UsingAsync(Func`2 execute, Boolean activateShell)
   at OrchardCore.Environment.Shell.Scope.ShellScope.UsingAsync(Func`2 execute, Boolean activateShell)
   at OrchardCore.Environment.Shell.Scope.ShellScope.UsingAsync(Func`2 execute, Boolean activateShell)
   at OrchardCore.Modules.ModularTenantContainerMiddleware.Invoke(HttpContext httpContext)
   at Microsoft.AspNetCore.Authentication.AuthenticationMiddleware.Invoke(HttpContext context)
   at Microsoft.AspNetCore.Diagnostics.DeveloperExceptionPageMiddlewareImpl.Invoke(HttpContext context)    at System.RuntimeType.InvokeMember(String name, BindingFlags bindingFlags, Binder binder, Object target, Object[] providedArgs, ParameterModifier[] modifiers, CultureInfo culture, String[] namedParams)
   at System.Type.InvokeMember(String name, BindingFlags invokeAttr, Binder binder, Object target, Object[] args)
   at System.Text.Json.Dynamic.JsonDynamicArray.TryInvokeMember(InvokeMemberBinder binder, Object[] args, Object& result)
   at CallSite.Target(Closure, CallSite, Object)
   at System.Dynamic.UpdateDelegates.UpdateAndExecute1[T0,TRet](CallSite site, T0 arg0)
   at AspNetCoreGeneratedDocument.Pages_Product_Index.ExecuteAsync() in C:\Users\Wanwi\OneDrive\Desktop\TechVerse\TechVerse.Cms\Pages\Product\Index.cshtml:line 24
   at Microsoft.AspNetCore.Mvc.Razor.RazorView.RenderPageCoreAsync(IRazorPage page, ViewContext context)
   at Microsoft.AspNetCore.Mvc.Razor.RazorView.RenderPageAsync(IRazorPage page, ViewContext context, Boolean invokeViewStarts)
   at Microsoft.AspNetCore.Mvc.Razor.RazorView.RenderAsync(ViewContext context)
   at Microsoft.AspNetCore.Mvc.ViewFeatures.ViewExecutor.ExecuteAsync(ViewContext viewContext, String contentType, Nullable`1 statusCode)
   at Microsoft.AspNetCore.Mvc.ViewFeatures.ViewExecutor.ExecuteAsync(ViewContext viewContext, String contentType, Nullable`1 statusCode)
   at Microsoft.AspNetCore.Mvc.Infrastructure.ResourceInvoker.<InvokeNextResultFilterAsync>g__Awaited|30_0[TFilter,TFilterAsync](ResourceInvoker invoker, Task lastTask, State next, Scope scope, Object state, Boolean isCompleted)
   at Microsoft.AspNetCore.Mvc.Infrastructure.ResourceInvoker.Rethrow(ResultExecutedContextSealed context)
   at Microsoft.AspNetCore.Mvc.Infrastructure.ResourceInvoker.ResultNext[TFilter,TFilterAsync](State& next, Scope& scope, Object& state, Boolean& isCompleted)
   at Microsoft.AspNetCore.Mvc.Infrastructure.ResourceInvoker.<InvokeResultFilters>g__Awaited|28_0(ResourceInvoker invoker, Task lastTask, State next, Scope scope, Object state, Boolean isCompleted)
   at Microsoft.AspNetCore.Mvc.Infrastructure.ResourceInvoker.<InvokeNextResourceFilter>g__Awaited|25_0(ResourceInvoker invoker, Task lastTask, State next, Scope scope, Object state, Boolean isCompleted)
   at Microsoft.AspNetCore.Mvc.Infrastructure.ResourceInvoker.Rethrow(ResourceExecutedContextSealed context)
   at Microsoft.AspNetCore.Mvc.Infrastructure.ResourceInvoker.Next(State& next, Scope& scope, Object& state, Boolean& isCompleted)
   at Microsoft.AspNetCore.Mvc.Infrastructure.ResourceInvoker.<InvokeFilterPipelineAsync>g__Awaited|20_0(ResourceInvoker invoker, Task lastTask, State next, Scope scope, Object state, Boolean isCompleted)
   at Microsoft.AspNetCore.Mvc.Infrastructure.ResourceInvoker.<InvokeAsync>g__Awaited|17_0(ResourceInvoker invoker, Task task, IDisposable scope)
   at Microsoft.AspNetCore.Mvc.Infrastructure.ResourceInvoker.<InvokeAsync>g__Awaited|17_0(ResourceInvoker invoker, Task task, IDisposable scope)
   at SixLabors.ImageSharp.Web.Middleware.ImageSharpMiddleware.Invoke(HttpContext httpContext, Boolean retry)
   at Microsoft.AspNetCore.Authorization.AuthorizationMiddleware.Invoke(HttpContext context)
   at OrchardCore.Liquid.ScriptsMiddleware.Invoke(HttpContext httpContext)
   at Microsoft.AspNetCore.Authentication.AuthenticationMiddleware.Invoke(HttpContext context)
   at OrchardCore.Diagnostics.DiagnosticsStartupFilter.<>c__DisplayClass3_0.<<Configure>b__1>d.MoveNext()
--- End of stack trace from previous location ---
   at Microsoft.AspNetCore.Diagnostics.StatusCodePagesMiddleware.Invoke(HttpContext context)
   at OrchardCore.ContentPreview.PreviewStartupFilter.<>c.<<Configure>b__0_1>d.MoveNext()
--- End of stack trace from previous location ---
   at OrchardCore.Users.Services.ExternalAuthenticationsStartupFilter.<>c.<<Configure>b__0_1>d.MoveNext()
--- End of stack trace from previous location ---
   at OrchardCore.Modules.ModularTenantRouterMiddleware.Invoke(HttpContext httpContext)
   at OrchardCore.Modules.ModularTenantContainerMiddleware.<>c__DisplayClass4_0.<<Invoke>b__0>d.MoveNext()
--- End of stack trace from previous location ---
   at OrchardCore.Environment.Shell.Scope.ShellScope.UsingAsync(Func`2 execute, Boolean activateShell)
   at OrchardCore.Environment.Shell.Scope.ShellScope.UsingAsync(Func`2 execute, Boolean activateShell)
   at OrchardCore.Environment.Shell.Scope.ShellScope.UsingAsync(Func`2 execute, Boolean activateShell)
   at OrchardCore.Environment.Shell.Scope.ShellScope.UsingAsync(Func`2 execute, Boolean activateShell)
   at OrchardCore.Environment.Shell.Scope.ShellScope.UsingAsync(Func`2 execute, Boolean activateShell)
   at OrchardCore.Modules.ModularTenantContainerMiddleware.Invoke(HttpContext httpContext)
   at Microsoft.AspNetCore.Authentication.AuthenticationMiddleware.Invoke(HttpContext context)
   at Microsoft.AspNetCore.Diagnostics.DeveloperExceptionPageMiddlewareImpl.Invoke(HttpContext context)
2026-01-06 15:27:23.7942|Default|00-eccd1ef360ab66b32c4a23af77641208-6e30511fba709170-00|1|Microsoft.AspNetCore.Diagnostics.DeveloperExceptionPageMiddleware|ERROR|An unhandled exception has occurred while executing the request. System.MissingMethodException: Method 'System.Text.Json.Nodes.JsonArray.FirstOrDefault' not found.
   at System.RuntimeType.InvokeMember(String name, BindingFlags bindingFlags, Binder binder, Object target, Object[] providedArgs, ParameterModifier[] modifiers, CultureInfo culture, String[] namedParams)
   at System.Type.InvokeMember(String name, BindingFlags invokeAttr, Binder binder, Object target, Object[] args)
   at System.Text.Json.Dynamic.JsonDynamicArray.TryInvokeMember(InvokeMemberBinder binder, Object[] args, Object& result)
   at CallSite.Target(Closure, CallSite, Object)
   at AspNetCoreGeneratedDocument.Pages_Product_Index.ExecuteAsync()
   at Microsoft.AspNetCore.Mvc.Razor.RazorView.RenderPageCoreAsync(IRazorPage page, ViewContext context)
   at Microsoft.AspNetCore.Mvc.Razor.RazorView.RenderPageAsync(IRazorPage page, ViewContext context, Boolean invokeViewStarts)
   at Microsoft.AspNetCore.Mvc.Razor.RazorView.RenderAsync(ViewContext context)
   at Microsoft.AspNetCore.Mvc.ViewFeatures.ViewExecutor.ExecuteAsync(ViewContext viewContext, String contentType, Nullable`1 statusCode)
   at Microsoft.AspNetCore.Mvc.ViewFeatures.ViewExecutor.ExecuteAsync(ViewContext viewContext, String contentType, Nullable`1 statusCode)
   at Microsoft.AspNetCore.Mvc.Infrastructure.ResourceInvoker.<InvokeNextResultFilterAsync>g__Awaited|30_0[TFilter,TFilterAsync](ResourceInvoker invoker, Task lastTask, State next, Scope scope, Object state, Boolean isCompleted)
   at Microsoft.AspNetCore.Mvc.Infrastructure.ResourceInvoker.Rethrow(ResultExecutedContextSealed context)
   at Microsoft.AspNetCore.Mvc.Infrastructure.ResourceInvoker.ResultNext[TFilter,TFilterAsync](State& next, Scope& scope, Object& state, Boolean& isCompleted)
   at Microsoft.AspNetCore.Mvc.Infrastructure.ResourceInvoker.<InvokeResultFilters>g__Awaited|28_0(ResourceInvoker invoker, Task lastTask, State next, Scope scope, Object state, Boolean isCompleted)
   at Microsoft.AspNetCore.Mvc.Infrastructure.ResourceInvoker.<InvokeNextResourceFilter>g__Awaited|25_0(ResourceInvoker invoker, Task lastTask, State next, Scope scope, Object state, Boolean isCompleted)
   at Microsoft.AspNetCore.Mvc.Infrastructure.ResourceInvoker.Rethrow(ResourceExecutedContextSealed context)
   at Microsoft.AspNetCore.Mvc.Infrastructure.ResourceInvoker.Next(State& next, Scope& scope, Object& state, Boolean& isCompleted)
   at Microsoft.AspNetCore.Mvc.Infrastructure.ResourceInvoker.<InvokeFilterPipelineAsync>g__Awaited|20_0(ResourceInvoker invoker, Task lastTask, State next, Scope scope, Object state, Boolean isCompleted)
   at Microsoft.AspNetCore.Mvc.Infrastructure.ResourceInvoker.<InvokeAsync>g__Awaited|17_0(ResourceInvoker invoker, Task task, IDisposable scope)
   at Microsoft.AspNetCore.Mvc.Infrastructure.ResourceInvoker.<InvokeAsync>g__Awaited|17_0(ResourceInvoker invoker, Task task, IDisposable scope)
   at SixLabors.ImageSharp.Web.Middleware.ImageSharpMiddleware.Invoke(HttpContext httpContext, Boolean retry)
   at Microsoft.AspNetCore.Authorization.AuthorizationMiddleware.Invoke(HttpContext context)
   at OrchardCore.Liquid.ScriptsMiddleware.Invoke(HttpContext httpContext)
   at Microsoft.AspNetCore.Authentication.AuthenticationMiddleware.Invoke(HttpContext context)
   at OrchardCore.Diagnostics.DiagnosticsStartupFilter.<>c__DisplayClass3_0.<<Configure>b__1>d.MoveNext()
--- End of stack trace from previous location ---
   at Microsoft.AspNetCore.Diagnostics.StatusCodePagesMiddleware.Invoke(HttpContext context)
   at OrchardCore.ContentPreview.PreviewStartupFilter.<>c.<<Configure>b__0_1>d.MoveNext()
--- End of stack trace from previous location ---
   at OrchardCore.Users.Services.ExternalAuthenticationsStartupFilter.<>c.<<Configure>b__0_1>d.MoveNext()
--- End of stack trace from previous location ---
   at OrchardCore.Modules.ModularTenantRouterMiddleware.Invoke(HttpContext httpContext)
   at OrchardCore.Modules.ModularTenantContainerMiddleware.<>c__DisplayClass4_0.<<Invoke>b__0>d.MoveNext()
--- End of stack trace from previous location ---
   at OrchardCore.Environment.Shell.Scope.ShellScope.UsingAsync(Func`2 execute, Boolean activateShell)
   at OrchardCore.Environment.Shell.Scope.ShellScope.UsingAsync(Func`2 execute, Boolean activateShell)
   at OrchardCore.Environment.Shell.Scope.ShellScope.UsingAsync(Func`2 execute, Boolean activateShell)
   at OrchardCore.Environment.Shell.Scope.ShellScope.UsingAsync(Func`2 execute, Boolean activateShell)
   at OrchardCore.Environment.Shell.Scope.ShellScope.UsingAsync(Func`2 execute, Boolean activateShell)
   at OrchardCore.Modules.ModularTenantContainerMiddleware.Invoke(HttpContext httpContext)
   at Microsoft.AspNetCore.Authentication.AuthenticationMiddleware.Invoke(HttpContext context)
   at Microsoft.AspNetCore.Diagnostics.DeveloperExceptionPageMiddlewareImpl.Invoke(HttpContext context)    at System.RuntimeType.InvokeMember(String name, BindingFlags bindingFlags, Binder binder, Object target, Object[] providedArgs, ParameterModifier[] modifiers, CultureInfo culture, String[] namedParams)
   at System.Type.InvokeMember(String name, BindingFlags invokeAttr, Binder binder, Object target, Object[] args)
   at System.Text.Json.Dynamic.JsonDynamicArray.TryInvokeMember(InvokeMemberBinder binder, Object[] args, Object& result)
   at CallSite.Target(Closure, CallSite, Object)
   at AspNetCoreGeneratedDocument.Pages_Product_Index.ExecuteAsync()
   at Microsoft.AspNetCore.Mvc.Razor.RazorView.RenderPageCoreAsync(IRazorPage page, ViewContext context)
   at Microsoft.AspNetCore.Mvc.Razor.RazorView.RenderPageAsync(IRazorPage page, ViewContext context, Boolean invokeViewStarts)
   at Microsoft.AspNetCore.Mvc.Razor.RazorView.RenderAsync(ViewContext context)
   at Microsoft.AspNetCore.Mvc.ViewFeatures.ViewExecutor.ExecuteAsync(ViewContext viewContext, String contentType, Nullable`1 statusCode)
   at Microsoft.AspNetCore.Mvc.ViewFeatures.ViewExecutor.ExecuteAsync(ViewContext viewContext, String contentType, Nullable`1 statusCode)
   at Microsoft.AspNetCore.Mvc.Infrastructure.ResourceInvoker.<InvokeNextResultFilterAsync>g__Awaited|30_0[TFilter,TFilterAsync](ResourceInvoker invoker, Task lastTask, State next, Scope scope, Object state, Boolean isCompleted)
   at Microsoft.AspNetCore.Mvc.Infrastructure.ResourceInvoker.Rethrow(ResultExecutedContextSealed context)
   at Microsoft.AspNetCore.Mvc.Infrastructure.ResourceInvoker.ResultNext[TFilter,TFilterAsync](State& next, Scope& scope, Object& state, Boolean& isCompleted)
   at Microsoft.AspNetCore.Mvc.Infrastructure.ResourceInvoker.<InvokeResultFilters>g__Awaited|28_0(ResourceInvoker invoker, Task lastTask, State next, Scope scope, Object state, Boolean isCompleted)
   at Microsoft.AspNetCore.Mvc.Infrastructure.ResourceInvoker.<InvokeNextResourceFilter>g__Awaited|25_0(ResourceInvoker invoker, Task lastTask, State next, Scope scope, Object state, Boolean isCompleted)
   at Microsoft.AspNetCore.Mvc.Infrastructure.ResourceInvoker.Rethrow(ResourceExecutedContextSealed context)
   at Microsoft.AspNetCore.Mvc.Infrastructure.ResourceInvoker.Next(State& next, Scope& scope, Object& state, Boolean& isCompleted)
   at Microsoft.AspNetCore.Mvc.Infrastructure.ResourceInvoker.<InvokeFilterPipelineAsync>g__Awaited|20_0(ResourceInvoker invoker, Task lastTask, State next, Scope scope, Object state, Boolean isCompleted)
   at Microsoft.AspNetCore.Mvc.Infrastructure.ResourceInvoker.<InvokeAsync>g__Awaited|17_0(ResourceInvoker invoker, Task task, IDisposable scope)
   at Microsoft.AspNetCore.Mvc.Infrastructure.ResourceInvoker.<InvokeAsync>g__Awaited|17_0(ResourceInvoker invoker, Task task, IDisposable scope)
   at SixLabors.ImageSharp.Web.Middleware.ImageSharpMiddleware.Invoke(HttpContext httpContext, Boolean retry)
   at Microsoft.AspNetCore.Authorization.AuthorizationMiddleware.Invoke(HttpContext context)
   at OrchardCore.Liquid.ScriptsMiddleware.Invoke(HttpContext httpContext)
   at Microsoft.AspNetCore.Authentication.AuthenticationMiddleware.Invoke(HttpContext context)
   at OrchardCore.Diagnostics.DiagnosticsStartupFilter.<>c__DisplayClass3_0.<<Configure>b__1>d.MoveNext()
--- End of stack trace from previous location ---
   at Microsoft.AspNetCore.Diagnostics.StatusCodePagesMiddleware.Invoke(HttpContext context)
   at OrchardCore.ContentPreview.PreviewStartupFilter.<>c.<<Configure>b__0_1>d.MoveNext()
--- End of stack trace from previous location ---
   at OrchardCore.Users.Services.ExternalAuthenticationsStartupFilter.<>c.<<Configure>b__0_1>d.MoveNext()
--- End of stack trace from previous location ---
   at OrchardCore.Modules.ModularTenantRouterMiddleware.Invoke(HttpContext httpContext)
   at OrchardCore.Modules.ModularTenantContainerMiddleware.<>c__DisplayClass4_0.<<Invoke>b__0>d.MoveNext()
--- End of stack trace from previous location ---
   at OrchardCore.Environment.Shell.Scope.ShellScope.UsingAsync(Func`2 execute, Boolean activateShell)
   at OrchardCore.Environment.Shell.Scope.ShellScope.UsingAsync(Func`2 execute, Boolean activateShell)
   at OrchardCore.Environment.Shell.Scope.ShellScope.UsingAsync(Func`2 execute, Boolean activateShell)
   at OrchardCore.Environment.Shell.Scope.ShellScope.UsingAsync(Func`2 execute, Boolean activateShell)
   at OrchardCore.Environment.Shell.Scope.ShellScope.UsingAsync(Func`2 execute, Boolean activateShell)
   at OrchardCore.Modules.ModularTenantContainerMiddleware.Invoke(HttpContext httpContext)
   at Microsoft.AspNetCore.Authentication.AuthenticationMiddleware.Invoke(HttpContext context)
   at Microsoft.AspNetCore.Diagnostics.DeveloperExceptionPageMiddlewareImpl.Invoke(HttpContext context)
2026-01-06 15:27:27.1695|Default|00-80dfaf0e0d213b73ad2a8ab33b5bcfa1-5bc53fa0668a502f-00|1|Microsoft.AspNetCore.Diagnostics.DeveloperExceptionPageMiddleware|ERROR|An unhandled exception has occurred while executing the request. NLog message: Exception in NLog.LayoutRenderers.ExceptionLayoutRenderer.AppendToString(): System.TypeLoadException. 
2026-01-06 15:27:28.2142|Default|00-80dfaf0e0d213b73ad2a8ab33b5bcfa1-5bc53fa0668a502f-00|2|Microsoft.AspNetCore.Server.IIS.Core.IISHttpServer|ERROR|Connection ID "18302628903618871859", Request ID "40000234-0004-fe00-b63f-84710c7967bb": An unhandled exception was thrown by the application. System.AggregateException: An error occurred while writing to logger(s). (Could not resolve type 'AspNetCoreGeneratedDocument.Pages_Product_Index' in assembly 'TechVerse.Cms, Version=1.0.0.0, Culture=neutral, PublicKeyToken=null'.) (Could not resolve type 'AspNetCoreGeneratedDocument.Pages_Product_Index' in assembly 'TechVerse.Cms, Version=1.0.0.0, Culture=neutral, PublicKeyToken=null'.) (Could not resolve type 'AspNetCoreGeneratedDocument.Pages_Product_Index' in assembly 'TechVerse.Cms, Version=1.0.0.0, Culture=neutral, PublicKeyToken=null'.)
 ---> System.TypeLoadException: Could not resolve type 'AspNetCoreGeneratedDocument.Pages_Product_Index' in assembly 'TechVerse.Cms, Version=1.0.0.0, Culture=neutral, PublicKeyToken=null'.
   at System.Reflection.TypeNameParser.GetTypeFromDefaultAssemblies(String typeName, ReadOnlySpan`1 nestedTypeNames)
   at System.Reflection.TypeNameParser.GetType(String typeName, ReadOnlySpan`1 nestedTypeNames, String assemblyNameIfAny)
   at System.Reflection.TypeNameParser.NestedNamespaceTypeName.ResolveType(TypeNameParser& parser, String containingAssemblyIfAny)
   at System.Reflection.TypeNameParser.GetTypeHelper(Char* pTypeName, RuntimeAssembly requestingAssembly, Boolean throwOnError, Boolean requireAssemblyQualifiedName)
   at System.Reflection.CustomAttribute._CreateCaObject(RuntimeModule pModule, RuntimeType type, IRuntimeMethodInfo pCtor, Byte** ppBlob, Byte* pEndBlob, Int32* pcNamedArgs)
   at System.Reflection.CustomAttribute.AddCustomAttributes(ListBuilder`1& attributes, RuntimeModule decoratedModule, Int32 decoratedMetadataToken, RuntimeType attributeFilterType, Boolean mustBeInheritable, ListBuilder`1 derivedAttributes)
   at System.Reflection.CustomAttribute.GetCustomAttributes(RuntimeModule decoratedModule, Int32 decoratedMetadataToken, Int32 pcaCount, RuntimeType attributeFilterType)
   at System.Reflection.CustomAttribute.GetCustomAttributes(RuntimeMethodInfo method, RuntimeType caType, Boolean inherit)
   at System.Attribute.GetCustomAttributes(MemberInfo element, Type attributeType, Boolean inherit)
   at System.Diagnostics.StackTrace.TryResolveStateMachineMethod(MethodBase& method, Type& declaringType)
   at System.Diagnostics.StackTrace.ToString(TraceFormat traceFormat, StringBuilder sb)
   at System.Diagnostics.StackTrace.ToString(TraceFormat traceFormat)
   at System.Exception.get_StackTrace()
   at System.Exception.ToString()
   at Microsoft.Extensions.Logging.Console.SimpleConsoleFormatter.CreateDefaultLogMessage[TState](TextWriter textWriter, LogEntry`1& logEntry, String message, IExternalScopeProvider scopeProvider)
   at Microsoft.Extensions.Logging.Console.SimpleConsoleFormatter.Write[TState](LogEntry`1& logEntry, IExternalScopeProvider scopeProvider, TextWriter textWriter)
   at Microsoft.Extensions.Logging.Console.ConsoleLogger.Log[TState](LogLevel logLevel, EventId eventId, TState state, Exception exception, Func`3 formatter)
   at Microsoft.Extensions.Logging.Logger.<Log>g__LoggerLog|14_0[TState](LogLevel logLevel, EventId eventId, ILogger logger, Exception exception, Func`3 formatter, List`1& exceptions, TState& state)
   --- End of inner exception stack trace ---
 ---> (Inner Exception #1) System.TypeLoadException: Could not resolve type 'AspNetCoreGeneratedDocument.Pages_Product_Index' in assembly 'TechVerse.Cms, Version=1.0.0.0, Culture=neutral, PublicKeyToken=null'.
   at System.Reflection.TypeNameParser.GetTypeFromDefaultAssemblies(String typeName, ReadOnlySpan`1 nestedTypeNames)
   at System.Reflection.TypeNameParser.GetType(String typeName, ReadOnlySpan`1 nestedTypeNames, String assemblyNameIfAny)
   at System.Reflection.TypeNameParser.NestedNamespaceTypeName.ResolveType(TypeNameParser& parser, String containingAssemblyIfAny)
   at System.Reflection.TypeNameParser.GetTypeHelper(Char* pTypeName, RuntimeAssembly requestingAssembly, Boolean throwOnError, Boolean requireAssemblyQualifiedName)
   at System.Reflection.CustomAttribute._CreateCaObject(RuntimeModule pModule, RuntimeType type, IRuntimeMethodInfo pCtor, Byte** ppBlob, Byte* pEndBlob, Int32* pcNamedArgs)
   at System.Reflection.CustomAttribute.AddCustomAttributes(ListBuilder`1& attributes, RuntimeModule decoratedModule, Int32 decoratedMetadataToken, RuntimeType attributeFilterType, Boolean mustBeInheritable, ListBuilder`1 derivedAttributes)
   at System.Reflection.CustomAttribute.GetCustomAttributes(RuntimeModule decoratedModule, Int32 decoratedMetadataToken, Int32 pcaCount, RuntimeType attributeFilterType)
   at System.Reflection.CustomAttribute.GetCustomAttributes(RuntimeMethodInfo method, RuntimeType caType, Boolean inherit)
   at System.Attribute.GetCustomAttributes(MemberInfo element, Type attributeType, Boolean inherit)
   at System.Diagnostics.StackTrace.TryResolveStateMachineMethod(MethodBase& method, Type& declaringType)
   at System.Diagnostics.StackTrace.ToString(TraceFormat traceFormat, StringBuilder sb)
   at System.Diagnostics.StackTrace.ToString(TraceFormat traceFormat)
   at System.Exception.get_StackTrace()
   at System.Exception.ToString()
   at Microsoft.Extensions.Logging.Debug.DebugLogger.Log[TState](LogLevel logLevel, EventId eventId, TState state, Exception exception, Func`3 formatter)
   at Microsoft.Extensions.Logging.Logger.<Log>g__LoggerLog|14_0[TState](LogLevel logLevel, EventId eventId, ILogger logger, Exception exception, Func`3 formatter, List`1& exceptions, TState& state)<---

 ---> (Inner Exception #2) System.TypeLoadException: Could not resolve type 'AspNetCoreGeneratedDocument.Pages_Product_Index' in assembly 'TechVerse.Cms, Version=1.0.0.0, Culture=neutral, PublicKeyToken=null'.
   at System.Reflection.TypeNameParser.GetTypeFromDefaultAssemblies(String typeName, ReadOnlySpan`1 nestedTypeNames)
   at System.Reflection.TypeNameParser.GetType(String typeName, ReadOnlySpan`1 nestedTypeNames, String assemblyNameIfAny)
   at System.Reflection.TypeNameParser.NestedNamespaceTypeName.ResolveType(TypeNameParser& parser, String containingAssemblyIfAny)
   at System.Reflection.TypeNameParser.GetTypeHelper(Char* pTypeName, RuntimeAssembly requestingAssembly, Boolean throwOnError, Boolean requireAssemblyQualifiedName)
   at System.Reflection.CustomAttribute._CreateCaObject(RuntimeModule pModule, RuntimeType type, IRuntimeMethodInfo pCtor, Byte** ppBlob, Byte* pEndBlob, Int32* pcNamedArgs)
   at System.Reflection.CustomAttribute.AddCustomAttributes(ListBuilder`1& attributes, RuntimeModule decoratedModule, Int32 decoratedMetadataToken, RuntimeType attributeFilterType, Boolean mustBeInheritable, ListBuilder`1 derivedAttributes)
   at System.Reflection.CustomAttribute.GetCustomAttributes(RuntimeModule decoratedModule, Int32 decoratedMetadataToken, Int32 pcaCount, RuntimeType attributeFilterType)
   at System.Reflection.CustomAttribute.GetCustomAttributes(RuntimeMethodInfo method, RuntimeType caType, Boolean inherit)
   at System.Attribute.GetCustomAttributes(MemberInfo element, Type attributeType, Boolean inherit)
   at System.Diagnostics.StackTrace.TryResolveStateMachineMethod(MethodBase& method, Type& declaringType)
   at System.Diagnostics.StackTrace.ToString(TraceFormat traceFormat, StringBuilder sb)
   at System.Diagnostics.StackTrace.ToString(TraceFormat traceFormat)
   at System.Exception.get_StackTrace()
   at System.Exception.ToString()
   at System.Text.StringBuilder.Append(Object value)
   at Microsoft.Extensions.Logging.EventLog.EventLogLogger.Log[TState](LogLevel logLevel, EventId eventId, TState state, Exception exception, Func`3 formatter)
   at Microsoft.Extensions.Logging.Logger.<Log>g__LoggerLog|14_0[TState](LogLevel logLevel, EventId eventId, ILogger logger, Exception exception, Func`3 formatter, List`1& exceptions, TState& state)<---

2026-01-06 15:27:34.3705|Default|00-885d7fe5ca69ffe11728158cd14b6ec7-7c33623e9f13f270-00|1|Microsoft.AspNetCore.Diagnostics.DeveloperExceptionPageMiddleware|ERROR|An unhandled exception has occurred while executing the request. NLog message: Exception in NLog.LayoutRenderers.ExceptionLayoutRenderer.AppendToString(): System.TypeLoadException. 
2026-01-06 15:27:34.4160|Default|00-885d7fe5ca69ffe11728158cd14b6ec7-7c33623e9f13f270-00|2|Microsoft.AspNetCore.Server.IIS.Core.IISHttpServer|ERROR|Connection ID "17942340942019166363", Request ID "4000009c-0006-f900-b63f-84710c7967bb": An unhandled exception was thrown by the application. System.AggregateException: An error occurred while writing to logger(s). (Could not resolve type 'AspNetCoreGeneratedDocument.Pages_Product_Index' in assembly 'TechVerse.Cms, Version=1.0.0.0, Culture=neutral, PublicKeyToken=null'.) (Could not resolve type 'AspNetCoreGeneratedDocument.Pages_Product_Index' in assembly 'TechVerse.Cms, Version=1.0.0.0, Culture=neutral, PublicKeyToken=null'.) (Could not resolve type 'AspNetCoreGeneratedDocument.Pages_Product_Index' in assembly 'TechVerse.Cms, Version=1.0.0.0, Culture=neutral, PublicKeyToken=null'.)
 ---> System.TypeLoadException: Could not resolve type 'AspNetCoreGeneratedDocument.Pages_Product_Index' in assembly 'TechVerse.Cms, Version=1.0.0.0, Culture=neutral, PublicKeyToken=null'.
   at System.Reflection.TypeNameParser.GetTypeFromDefaultAssemblies(String typeName, ReadOnlySpan`1 nestedTypeNames)
   at System.Reflection.TypeNameParser.GetType(String typeName, ReadOnlySpan`1 nestedTypeNames, String assemblyNameIfAny)
   at System.Reflection.TypeNameParser.NestedNamespaceTypeName.ResolveType(TypeNameParser& parser, String containingAssemblyIfAny)
   at System.Reflection.TypeNameParser.GetTypeHelper(Char* pTypeName, RuntimeAssembly requestingAssembly, Boolean throwOnError, Boolean requireAssemblyQualifiedName)
   at System.Reflection.CustomAttribute._CreateCaObject(RuntimeModule pModule, RuntimeType type, IRuntimeMethodInfo pCtor, Byte** ppBlob, Byte* pEndBlob, Int32* pcNamedArgs)
   at System.Reflection.CustomAttribute.AddCustomAttributes(ListBuilder`1& attributes, RuntimeModule decoratedModule, Int32 decoratedMetadataToken, RuntimeType attributeFilterType, Boolean mustBeInheritable, ListBuilder`1 derivedAttributes)
   at System.Reflection.CustomAttribute.GetCustomAttributes(RuntimeModule decoratedModule, Int32 decoratedMetadataToken, Int32 pcaCount, RuntimeType attributeFilterType)
   at System.Reflection.CustomAttribute.GetCustomAttributes(RuntimeMethodInfo method, RuntimeType caType, Boolean inherit)
   at System.Attribute.GetCustomAttributes(MemberInfo element, Type attributeType, Boolean inherit)
   at System.Diagnostics.StackTrace.TryResolveStateMachineMethod(MethodBase& method, Type& declaringType)
   at System.Diagnostics.StackTrace.ToString(TraceFormat traceFormat, StringBuilder sb)
   at System.Exception.get_StackTrace()
   at System.Exception.ToString()
   at Microsoft.Extensions.Logging.Console.SimpleConsoleFormatter.CreateDefaultLogMessage[TState](TextWriter textWriter, LogEntry`1& logEntry, String message, IExternalScopeProvider scopeProvider)
   at Microsoft.Extensions.Logging.Console.SimpleConsoleFormatter.Write[TState](LogEntry`1& logEntry, IExternalScopeProvider scopeProvider, TextWriter textWriter)
   at Microsoft.Extensions.Logging.Console.ConsoleLogger.Log[TState](LogLevel logLevel, EventId eventId, TState state, Exception exception, Func`3 formatter)
   at Microsoft.Extensions.Logging.Logger.<Log>g__LoggerLog|14_0[TState](LogLevel logLevel, EventId eventId, ILogger logger, Exception exception, Func`3 formatter, List`1& exceptions, TState& state)
   --- End of inner exception stack trace ---
 ---> (Inner Exception #1) System.TypeLoadException: Could not resolve type 'AspNetCoreGeneratedDocument.Pages_Product_Index' in assembly 'TechVerse.Cms, Version=1.0.0.0, Culture=neutral, PublicKeyToken=null'.
   at System.Reflection.TypeNameParser.GetTypeFromDefaultAssemblies(String typeName, ReadOnlySpan`1 nestedTypeNames)
   at System.Reflection.TypeNameParser.GetType(String typeName, ReadOnlySpan`1 nestedTypeNames, String assemblyNameIfAny)
   at System.Reflection.TypeNameParser.NestedNamespaceTypeName.ResolveType(TypeNameParser& parser, String containingAssemblyIfAny)
   at System.Reflection.TypeNameParser.GetTypeHelper(Char* pTypeName, RuntimeAssembly requestingAssembly, Boolean throwOnError, Boolean requireAssemblyQualifiedName)
   at System.Reflection.CustomAttribute._CreateCaObject(RuntimeModule pModule, RuntimeType type, IRuntimeMethodInfo pCtor, Byte** ppBlob, Byte* pEndBlob, Int32* pcNamedArgs)
   at System.Reflection.CustomAttribute.AddCustomAttributes(ListBuilder`1& attributes, RuntimeModule decoratedModule, Int32 decoratedMetadataToken, RuntimeType attributeFilterType, Boolean mustBeInheritable, ListBuilder`1 derivedAttributes)
   at System.Reflection.CustomAttribute.GetCustomAttributes(RuntimeModule decoratedModule, Int32 decoratedMetadataToken, Int32 pcaCount, RuntimeType attributeFilterType)
   at System.Reflection.CustomAttribute.GetCustomAttributes(RuntimeMethodInfo method, RuntimeType caType, Boolean inherit)
   at System.Attribute.GetCustomAttributes(MemberInfo element, Type attributeType, Boolean inherit)
   at System.Diagnostics.StackTrace.TryResolveStateMachineMethod(MethodBase& method, Type& declaringType)
   at System.Diagnostics.StackTrace.ToString(TraceFormat traceFormat, StringBuilder sb)
   at System.Exception.get_StackTrace()
   at System.Exception.ToString()
   at Microsoft.Extensions.Logging.Debug.DebugLogger.Log[TState](LogLevel logLevel, EventId eventId, TState state, Exception exception, Func`3 formatter)
   at Microsoft.Extensions.Logging.Logger.<Log>g__LoggerLog|14_0[TState](LogLevel logLevel, EventId eventId, ILogger logger, Exception exception, Func`3 formatter, List`1& exceptions, TState& state)<---

 ---> (Inner Exception #2) System.TypeLoadException: Could not resolve type 'AspNetCoreGeneratedDocument.Pages_Product_Index' in assembly 'TechVerse.Cms, Version=1.0.0.0, Culture=neutral, PublicKeyToken=null'.
   at System.Reflection.TypeNameParser.GetTypeFromDefaultAssemblies(String typeName, ReadOnlySpan`1 nestedTypeNames)
   at System.Reflection.TypeNameParser.GetType(String typeName, ReadOnlySpan`1 nestedTypeNames, String assemblyNameIfAny)
   at System.Reflection.TypeNameParser.NestedNamespaceTypeName.ResolveType(TypeNameParser& parser, String containingAssemblyIfAny)
   at System.Reflection.TypeNameParser.GetTypeHelper(Char* pTypeName, RuntimeAssembly requestingAssembly, Boolean throwOnError, Boolean requireAssemblyQualifiedName)
   at System.Reflection.CustomAttribute._CreateCaObject(RuntimeModule pModule, RuntimeType type, IRuntimeMethodInfo pCtor, Byte** ppBlob, Byte* pEndBlob, Int32* pcNamedArgs)
   at System.Reflection.CustomAttribute.AddCustomAttributes(ListBuilder`1& attributes, RuntimeModule decoratedModule, Int32 decoratedMetadataToken, RuntimeType attributeFilterType, Boolean mustBeInheritable, ListBuilder`1 derivedAttributes)
   at System.Reflection.CustomAttribute.GetCustomAttributes(RuntimeModule decoratedModule, Int32 decoratedMetadataToken, Int32 pcaCount, RuntimeType attributeFilterType)
   at System.Reflection.CustomAttribute.GetCustomAttributes(RuntimeMethodInfo method, RuntimeType caType, Boolean inherit)
   at System.Attribute.GetCustomAttributes(MemberInfo element, Type attributeType, Boolean inherit)
   at System.Diagnostics.StackTrace.TryResolveStateMachineMethod(MethodBase& method, Type& declaringType)
   at System.Diagnostics.StackTrace.ToString(TraceFormat traceFormat, StringBuilder sb)
   at System.Exception.get_StackTrace()
   at System.Exception.ToString()
   at System.Text.StringBuilder.Append(Object value)
   at Microsoft.Extensions.Logging.EventLog.EventLogLogger.Log[TState](LogLevel logLevel, EventId eventId, TState state, Exception exception, Func`3 formatter)
   at Microsoft.Extensions.Logging.Logger.<Log>g__LoggerLog|14_0[TState](LogLevel logLevel, EventId eventId, ILogger logger, Exception exception, Func`3 formatter, List`1& exceptions, TState& state)<---

