2026-01-05 10:03:14.9622||||Microsoft.Hosting.Lifetime|INFO|Application started. Press Ctrl+C to shut down. 
2026-01-05 10:03:15.0177||||Microsoft.Hosting.Lifetime|INFO|Hosting environment: Development 
2026-01-05 10:03:15.0177||||Microsoft.Hosting.Lifetime|INFO|Content root path: C:\Users\Wanwi\OneDrive\Desktop\TechVerse\TechVerse.Cms 
2026-01-05 10:54:18.3046||||Microsoft.Hosting.Lifetime|INFO|Application started. Press Ctrl+C to shut down. 
2026-01-05 10:54:18.3420||||Microsoft.Hosting.Lifetime|INFO|Hosting environment: Development 
2026-01-05 10:54:18.3475||||Microsoft.Hosting.Lifetime|INFO|Content root path: C:\Users\Wanwi\OneDrive\Desktop\TechVerse\TechVerse.Cms 
2026-01-05 11:50:10.2382||||Microsoft.Hosting.Lifetime|INFO|Application started. Press Ctrl+C to shut down. 
2026-01-05 11:50:10.2906||||Microsoft.Hosting.Lifetime|INFO|Hosting environment: Development 
2026-01-05 11:50:10.3021||||Microsoft.Hosting.Lifetime|INFO|Content root path: C:\Users\Wanwi\OneDrive\Desktop\TechVerse\TechVerse.Cms 
2026-01-05 13:13:11.3336||||Microsoft.Hosting.Lifetime|INFO|Application started. Press Ctrl+C to shut down. 
2026-01-05 13:13:11.3781||||Microsoft.Hosting.Lifetime|INFO|Hosting environment: Development 
2026-01-05 13:13:11.3781||||Microsoft.Hosting.Lifetime|INFO|Content root path: C:\Users\Wanwi\OneDrive\Desktop\TechVerse\TechVerse.Cms 
2026-01-05 13:14:36.8096|Default|00-8771e18a1c1be9a42d23ede62da039b4-c193d2969e20daf4-00|1|Microsoft.AspNetCore.Diagnostics.DeveloperExceptionPageMiddleware|ERROR|An unhandled exception has occurred while executing the request. System.ArgumentNullException: Value cannot be null. (Parameter 'source')
   at System.Linq.ThrowHelper.ThrowArgumentNullException(ExceptionArgument argument)
   at System.Linq.Enumerable.Cast[TResult](IEnumerable source)
   at AspNetCoreGeneratedDocument.Pages_Widgets__ProductHighlight.ExecuteAsync() in C:\Users\Wanwi\OneDrive\Desktop\TechVerse\TechVerse.Cms\Pages\Widgets\_ProductHighlight.cshtml:line 24
   at Microsoft.AspNetCore.Mvc.Razor.RazorView.RenderPageCoreAsync(IRazorPage page, ViewContext context)
   at Microsoft.AspNetCore.Mvc.Razor.RazorView.RenderPageAsync(IRazorPage page, ViewContext context, Boolean invokeViewStarts)
   at Microsoft.AspNetCore.Mvc.Razor.RazorView.RenderAsync(ViewContext context)
   at Microsoft.AspNetCore.Mvc.ViewFeatures.HtmlHelper.RenderPartialCoreAsync(String partialViewName, Object model, ViewDataDictionary viewData, TextWriter writer)
   at Microsoft.AspNetCore.Mvc.ViewFeatures.HtmlHelper.PartialAsync(String partialViewName, Object model, ViewDataDictionary viewData)
   at AspNetCoreGeneratedDocument.Pages_Home_Index.ExecuteAsync() in C:\Users\Wanwi\OneDrive\Desktop\TechVerse\TechVerse.Cms\Pages\Home\Index.cshtml:line 37
   at Microsoft.AspNetCore.Mvc.Razor.RazorView.RenderPageCoreAsync(IRazorPage page, ViewContext context)
   at Microsoft.AspNetCore.Mvc.Razor.RazorView.RenderPageAsync(IRazorPage page, ViewContext context, Boolean invokeViewStarts)
   at Microsoft.AspNetCore.Mvc.Razor.RazorView.RenderAsync(ViewContext context)
   at Microsoft.AspNetCore.Mvc.ViewFeatures.ViewExecutor.ExecuteAsync(ViewContext viewContext, String contentType, Nullable`1 statusCode)
   at Microsoft.AspNetCore.Mvc.ViewFeatures.ViewExecutor.ExecuteAsync(ViewContext viewContext, String contentType, Nullable`1 statusCode)
   at Microsoft.AspNetCore.Mvc.Infrastructure.ResourceInvoker.<InvokeNextResultFilterAsync>g__Awaited|30_0[TFilter,TFilterAsync](ResourceInvoker invoker, Task lastTask, State next, Scope scope, Object state, Boolean isCompleted)
   at Microsoft.AspNetCore.Mvc.Infrastructure.ResourceInvoker.Rethrow(ResultExecutedContextSealed context)
   at Microsoft.AspNetCore.Mvc.Infrastructure.ResourceInvoker.ResultNext[TFilter,TFilterAsync](State& next, Scope& scope, Object& state, Boolean& isCompleted)
   at Microsoft.AspNetCore.Mvc.Infrastructure.ResourceInvoker.<InvokeResultFilters>g__Awaited|28_0(ResourceInvoker invoker, Task lastTask, State next, Scope scope, Object state, Boolean isCompleted)
   at Microsoft.AspNetCore.Mvc.Infrastructure.ResourceInvoker.<InvokeNextResourceFilter>g__Awaited|25_0(ResourceInvoker invoker, Task lastTask, State next, Scope scope, Object state, Boolean isCompleted)
   at Microsoft.AspNetCore.Mvc.Infrastructure.ResourceInvoker.Rethrow(ResourceExecutedContextSealed context)
   at Microsoft.AspNetCore.Mvc.Infrastructure.ResourceInvoker.Next(State& next, Scope& scope, Object& state, Boolean& isCompleted)
   at Microsoft.AspNetCore.Mvc.Infrastructure.ResourceInvoker.<InvokeFilterPipelineAsync>g__Awaited|20_0(ResourceInvoker invoker, Task lastTask, State next, Scope scope, Object state, Boolean isCompleted)
   at Microsoft.AspNetCore.Mvc.Infrastructure.ResourceInvoker.<InvokeAsync>g__Awaited|17_0(ResourceInvoker invoker, Task task, IDisposable scope)
   at Microsoft.AspNetCore.Mvc.Infrastructure.ResourceInvoker.<InvokeAsync>g__Awaited|17_0(ResourceInvoker invoker, Task task, IDisposable scope)
   at SixLabors.ImageSharp.Web.Middleware.ImageSharpMiddleware.Invoke(HttpContext httpContext, Boolean retry)
   at Microsoft.AspNetCore.Authorization.AuthorizationMiddleware.Invoke(HttpContext context)
   at OrchardCore.Liquid.ScriptsMiddleware.Invoke(HttpContext httpContext)
   at Microsoft.AspNetCore.Authentication.AuthenticationMiddleware.Invoke(HttpContext context)
   at OrchardCore.Diagnostics.DiagnosticsStartupFilter.<>c__DisplayClass3_0.<<Configure>b__1>d.MoveNext()
--- End of stack trace from previous location ---
   at Microsoft.AspNetCore.Diagnostics.StatusCodePagesMiddleware.Invoke(HttpContext context)
   at OrchardCore.ContentPreview.PreviewStartupFilter.<>c.<<Configure>b__0_1>d.MoveNext()
--- End of stack trace from previous location ---
   at OrchardCore.Users.Services.ExternalAuthenticationsStartupFilter.<>c.<<Configure>b__0_1>d.MoveNext()
--- End of stack trace from previous location ---
   at OrchardCore.Modules.ModularTenantRouterMiddleware.Invoke(HttpContext httpContext)
   at OrchardCore.Modules.ModularTenantContainerMiddleware.<>c__DisplayClass4_0.<<Invoke>b__0>d.MoveNext()
--- End of stack trace from previous location ---
   at OrchardCore.Environment.Shell.Scope.ShellScope.UsingAsync(Func`2 execute, Boolean activateShell)
   at OrchardCore.Environment.Shell.Scope.ShellScope.UsingAsync(Func`2 execute, Boolean activateShell)
   at OrchardCore.Environment.Shell.Scope.ShellScope.UsingAsync(Func`2 execute, Boolean activateShell)
   at OrchardCore.Environment.Shell.Scope.ShellScope.UsingAsync(Func`2 execute, Boolean activateShell)
   at OrchardCore.Environment.Shell.Scope.ShellScope.UsingAsync(Func`2 execute, Boolean activateShell)
   at OrchardCore.Modules.ModularTenantContainerMiddleware.Invoke(HttpContext httpContext)
   at Microsoft.AspNetCore.Authentication.AuthenticationMiddleware.Invoke(HttpContext context)
   at Microsoft.AspNetCore.Diagnostics.DeveloperExceptionPageMiddlewareImpl.Invoke(HttpContext context)    at System.Linq.ThrowHelper.ThrowArgumentNullException(ExceptionArgument argument)
   at System.Linq.Enumerable.Cast[TResult](IEnumerable source)
   at AspNetCoreGeneratedDocument.Pages_Widgets__ProductHighlight.ExecuteAsync() in C:\Users\Wanwi\OneDrive\Desktop\TechVerse\TechVerse.Cms\Pages\Widgets\_ProductHighlight.cshtml:line 24
   at Microsoft.AspNetCore.Mvc.Razor.RazorView.RenderPageCoreAsync(IRazorPage page, ViewContext context)
   at Microsoft.AspNetCore.Mvc.Razor.RazorView.RenderPageAsync(IRazorPage page, ViewContext context, Boolean invokeViewStarts)
   at Microsoft.AspNetCore.Mvc.Razor.RazorView.RenderAsync(ViewContext context)
   at Microsoft.AspNetCore.Mvc.ViewFeatures.HtmlHelper.RenderPartialCoreAsync(String partialViewName, Object model, ViewDataDictionary viewData, TextWriter writer)
   at Microsoft.AspNetCore.Mvc.ViewFeatures.HtmlHelper.PartialAsync(String partialViewName, Object model, ViewDataDictionary viewData)
   at AspNetCoreGeneratedDocument.Pages_Home_Index.ExecuteAsync() in C:\Users\Wanwi\OneDrive\Desktop\TechVerse\TechVerse.Cms\Pages\Home\Index.cshtml:line 37
   at Microsoft.AspNetCore.Mvc.Razor.RazorView.RenderPageCoreAsync(IRazorPage page, ViewContext context)
   at Microsoft.AspNetCore.Mvc.Razor.RazorView.RenderPageAsync(IRazorPage page, ViewContext context, Boolean invokeViewStarts)
   at Microsoft.AspNetCore.Mvc.Razor.RazorView.RenderAsync(ViewContext context)
   at Microsoft.AspNetCore.Mvc.ViewFeatures.ViewExecutor.ExecuteAsync(ViewContext viewContext, String contentType, Nullable`1 statusCode)
   at Microsoft.AspNetCore.Mvc.ViewFeatures.ViewExecutor.ExecuteAsync(ViewContext viewContext, String contentType, Nullable`1 statusCode)
   at Microsoft.AspNetCore.Mvc.Infrastructure.ResourceInvoker.<InvokeNextResultFilterAsync>g__Awaited|30_0[TFilter,TFilterAsync](ResourceInvoker invoker, Task lastTask, State next, Scope scope, Object state, Boolean isCompleted)
   at Microsoft.AspNetCore.Mvc.Infrastructure.ResourceInvoker.Rethrow(ResultExecutedContextSealed context)
   at Microsoft.AspNetCore.Mvc.Infrastructure.ResourceInvoker.ResultNext[TFilter,TFilterAsync](State& next, Scope& scope, Object& state, Boolean& isCompleted)
   at Microsoft.AspNetCore.Mvc.Infrastructure.ResourceInvoker.<InvokeResultFilters>g__Awaited|28_0(ResourceInvoker invoker, Task lastTask, State next, Scope scope, Object state, Boolean isCompleted)
   at Microsoft.AspNetCore.Mvc.Infrastructure.ResourceInvoker.<InvokeNextResourceFilter>g__Awaited|25_0(ResourceInvoker invoker, Task lastTask, State next, Scope scope, Object state, Boolean isCompleted)
   at Microsoft.AspNetCore.Mvc.Infrastructure.ResourceInvoker.Rethrow(ResourceExecutedContextSealed context)
   at Microsoft.AspNetCore.Mvc.Infrastructure.ResourceInvoker.Next(State& next, Scope& scope, Object& state, Boolean& isCompleted)
   at Microsoft.AspNetCore.Mvc.Infrastructure.ResourceInvoker.<InvokeFilterPipelineAsync>g__Awaited|20_0(ResourceInvoker invoker, Task lastTask, State next, Scope scope, Object state, Boolean isCompleted)
   at Microsoft.AspNetCore.Mvc.Infrastructure.ResourceInvoker.<InvokeAsync>g__Awaited|17_0(ResourceInvoker invoker, Task task, IDisposable scope)
   at Microsoft.AspNetCore.Mvc.Infrastructure.ResourceInvoker.<InvokeAsync>g__Awaited|17_0(ResourceInvoker invoker, Task task, IDisposable scope)
   at SixLabors.ImageSharp.Web.Middleware.ImageSharpMiddleware.Invoke(HttpContext httpContext, Boolean retry)
   at Microsoft.AspNetCore.Authorization.AuthorizationMiddleware.Invoke(HttpContext context)
   at OrchardCore.Liquid.ScriptsMiddleware.Invoke(HttpContext httpContext)
   at Microsoft.AspNetCore.Authentication.AuthenticationMiddleware.Invoke(HttpContext context)
   at OrchardCore.Diagnostics.DiagnosticsStartupFilter.<>c__DisplayClass3_0.<<Configure>b__1>d.MoveNext()
--- End of stack trace from previous location ---
   at Microsoft.AspNetCore.Diagnostics.StatusCodePagesMiddleware.Invoke(HttpContext context)
   at OrchardCore.ContentPreview.PreviewStartupFilter.<>c.<<Configure>b__0_1>d.MoveNext()
--- End of stack trace from previous location ---
   at OrchardCore.Users.Services.ExternalAuthenticationsStartupFilter.<>c.<<Configure>b__0_1>d.MoveNext()
--- End of stack trace from previous location ---
   at OrchardCore.Modules.ModularTenantRouterMiddleware.Invoke(HttpContext httpContext)
   at OrchardCore.Modules.ModularTenantContainerMiddleware.<>c__DisplayClass4_0.<<Invoke>b__0>d.MoveNext()
--- End of stack trace from previous location ---
   at OrchardCore.Environment.Shell.Scope.ShellScope.UsingAsync(Func`2 execute, Boolean activateShell)
   at OrchardCore.Environment.Shell.Scope.ShellScope.UsingAsync(Func`2 execute, Boolean activateShell)
   at OrchardCore.Environment.Shell.Scope.ShellScope.UsingAsync(Func`2 execute, Boolean activateShell)
   at OrchardCore.Environment.Shell.Scope.ShellScope.UsingAsync(Func`2 execute, Boolean activateShell)
   at OrchardCore.Environment.Shell.Scope.ShellScope.UsingAsync(Func`2 execute, Boolean activateShell)
   at OrchardCore.Modules.ModularTenantContainerMiddleware.Invoke(HttpContext httpContext)
   at Microsoft.AspNetCore.Authentication.AuthenticationMiddleware.Invoke(HttpContext context)
   at Microsoft.AspNetCore.Diagnostics.DeveloperExceptionPageMiddlewareImpl.Invoke(HttpContext context)
2026-01-05 13:15:41.6533|Default|00-a3e61d94c3c5cfb268508581353f7b84-26013158a94453dc-00|1|Microsoft.AspNetCore.Diagnostics.DeveloperExceptionPageMiddleware|ERROR|An unhandled exception has occurred while executing the request. System.ArgumentNullException: Value cannot be null. (Parameter 'source')
   at System.Linq.ThrowHelper.ThrowArgumentNullException(ExceptionArgument argument)
   at System.Linq.Enumerable.Cast[TResult](IEnumerable source)
   at AspNetCoreGeneratedDocument.Pages_Widgets__ProductHighlight.ExecuteAsync() in C:\Users\Wanwi\OneDrive\Desktop\TechVerse\TechVerse.Cms\Pages\Widgets\_ProductHighlight.cshtml:line 24
   at Microsoft.AspNetCore.Mvc.Razor.RazorView.RenderPageCoreAsync(IRazorPage page, ViewContext context)
   at Microsoft.AspNetCore.Mvc.Razor.RazorView.RenderPageAsync(IRazorPage page, ViewContext context, Boolean invokeViewStarts)
   at Microsoft.AspNetCore.Mvc.Razor.RazorView.RenderAsync(ViewContext context)
   at Microsoft.AspNetCore.Mvc.ViewFeatures.HtmlHelper.RenderPartialCoreAsync(String partialViewName, Object model, ViewDataDictionary viewData, TextWriter writer)
   at Microsoft.AspNetCore.Mvc.ViewFeatures.HtmlHelper.PartialAsync(String partialViewName, Object model, ViewDataDictionary viewData)
   at AspNetCoreGeneratedDocument.Pages_Home_Index.ExecuteAsync() in C:\Users\Wanwi\OneDrive\Desktop\TechVerse\TechVerse.Cms\Pages\Home\Index.cshtml:line 37
   at Microsoft.AspNetCore.Mvc.Razor.RazorView.RenderPageCoreAsync(IRazorPage page, ViewContext context)
   at Microsoft.AspNetCore.Mvc.Razor.RazorView.RenderPageAsync(IRazorPage page, ViewContext context, Boolean invokeViewStarts)
   at Microsoft.AspNetCore.Mvc.Razor.RazorView.RenderAsync(ViewContext context)
   at Microsoft.AspNetCore.Mvc.ViewFeatures.ViewExecutor.ExecuteAsync(ViewContext viewContext, String contentType, Nullable`1 statusCode)
   at Microsoft.AspNetCore.Mvc.ViewFeatures.ViewExecutor.ExecuteAsync(ViewContext viewContext, String contentType, Nullable`1 statusCode)
   at Microsoft.AspNetCore.Mvc.Infrastructure.ResourceInvoker.<InvokeNextResultFilterAsync>g__Awaited|30_0[TFilter,TFilterAsync](ResourceInvoker invoker, Task lastTask, State next, Scope scope, Object state, Boolean isCompleted)
   at Microsoft.AspNetCore.Mvc.Infrastructure.ResourceInvoker.Rethrow(ResultExecutedContextSealed context)
   at Microsoft.AspNetCore.Mvc.Infrastructure.ResourceInvoker.ResultNext[TFilter,TFilterAsync](State& next, Scope& scope, Object& state, Boolean& isCompleted)
   at Microsoft.AspNetCore.Mvc.Infrastructure.ResourceInvoker.<InvokeResultFilters>g__Awaited|28_0(ResourceInvoker invoker, Task lastTask, State next, Scope scope, Object state, Boolean isCompleted)
   at Microsoft.AspNetCore.Mvc.Infrastructure.ResourceInvoker.<InvokeNextResourceFilter>g__Awaited|25_0(ResourceInvoker invoker, Task lastTask, State next, Scope scope, Object state, Boolean isCompleted)
   at Microsoft.AspNetCore.Mvc.Infrastructure.ResourceInvoker.Rethrow(ResourceExecutedContextSealed context)
   at Microsoft.AspNetCore.Mvc.Infrastructure.ResourceInvoker.Next(State& next, Scope& scope, Object& state, Boolean& isCompleted)
   at Microsoft.AspNetCore.Mvc.Infrastructure.ResourceInvoker.<InvokeFilterPipelineAsync>g__Awaited|20_0(ResourceInvoker invoker, Task lastTask, State next, Scope scope, Object state, Boolean isCompleted)
   at Microsoft.AspNetCore.Mvc.Infrastructure.ResourceInvoker.<InvokeAsync>g__Awaited|17_0(ResourceInvoker invoker, Task task, IDisposable scope)
   at Microsoft.AspNetCore.Mvc.Infrastructure.ResourceInvoker.<InvokeAsync>g__Awaited|17_0(ResourceInvoker invoker, Task task, IDisposable scope)
   at SixLabors.ImageSharp.Web.Middleware.ImageSharpMiddleware.Invoke(HttpContext httpContext, Boolean retry)
   at Microsoft.AspNetCore.Authorization.AuthorizationMiddleware.Invoke(HttpContext context)
   at OrchardCore.Liquid.ScriptsMiddleware.Invoke(HttpContext httpContext)
   at Microsoft.AspNetCore.Authentication.AuthenticationMiddleware.Invoke(HttpContext context)
   at OrchardCore.Diagnostics.DiagnosticsStartupFilter.<>c__DisplayClass3_0.<<Configure>b__1>d.MoveNext()
--- End of stack trace from previous location ---
   at Microsoft.AspNetCore.Diagnostics.StatusCodePagesMiddleware.Invoke(HttpContext context)
   at OrchardCore.ContentPreview.PreviewStartupFilter.<>c.<<Configure>b__0_1>d.MoveNext()
--- End of stack trace from previous location ---
   at OrchardCore.Users.Services.ExternalAuthenticationsStartupFilter.<>c.<<Configure>b__0_1>d.MoveNext()
--- End of stack trace from previous location ---
   at OrchardCore.Modules.ModularTenantRouterMiddleware.Invoke(HttpContext httpContext)
   at OrchardCore.Modules.ModularTenantContainerMiddleware.<>c__DisplayClass4_0.<<Invoke>b__0>d.MoveNext()
--- End of stack trace from previous location ---
   at OrchardCore.Environment.Shell.Scope.ShellScope.UsingAsync(Func`2 execute, Boolean activateShell)
   at OrchardCore.Environment.Shell.Scope.ShellScope.UsingAsync(Func`2 execute, Boolean activateShell)
   at OrchardCore.Environment.Shell.Scope.ShellScope.UsingAsync(Func`2 execute, Boolean activateShell)
   at OrchardCore.Environment.Shell.Scope.ShellScope.UsingAsync(Func`2 execute, Boolean activateShell)
   at OrchardCore.Environment.Shell.Scope.ShellScope.UsingAsync(Func`2 execute, Boolean activateShell)
   at OrchardCore.Modules.ModularTenantContainerMiddleware.Invoke(HttpContext httpContext)
   at Microsoft.AspNetCore.Authentication.AuthenticationMiddleware.Invoke(HttpContext context)
   at Microsoft.AspNetCore.Diagnostics.DeveloperExceptionPageMiddlewareImpl.Invoke(HttpContext context)    at System.Linq.ThrowHelper.ThrowArgumentNullException(ExceptionArgument argument)
   at System.Linq.Enumerable.Cast[TResult](IEnumerable source)
   at AspNetCoreGeneratedDocument.Pages_Widgets__ProductHighlight.ExecuteAsync() in C:\Users\Wanwi\OneDrive\Desktop\TechVerse\TechVerse.Cms\Pages\Widgets\_ProductHighlight.cshtml:line 24
   at Microsoft.AspNetCore.Mvc.Razor.RazorView.RenderPageCoreAsync(IRazorPage page, ViewContext context)
   at Microsoft.AspNetCore.Mvc.Razor.RazorView.RenderPageAsync(IRazorPage page, ViewContext context, Boolean invokeViewStarts)
   at Microsoft.AspNetCore.Mvc.Razor.RazorView.RenderAsync(ViewContext context)
   at Microsoft.AspNetCore.Mvc.ViewFeatures.HtmlHelper.RenderPartialCoreAsync(String partialViewName, Object model, ViewDataDictionary viewData, TextWriter writer)
   at Microsoft.AspNetCore.Mvc.ViewFeatures.HtmlHelper.PartialAsync(String partialViewName, Object model, ViewDataDictionary viewData)
   at AspNetCoreGeneratedDocument.Pages_Home_Index.ExecuteAsync() in C:\Users\Wanwi\OneDrive\Desktop\TechVerse\TechVerse.Cms\Pages\Home\Index.cshtml:line 37
   at Microsoft.AspNetCore.Mvc.Razor.RazorView.RenderPageCoreAsync(IRazorPage page, ViewContext context)
   at Microsoft.AspNetCore.Mvc.Razor.RazorView.RenderPageAsync(IRazorPage page, ViewContext context, Boolean invokeViewStarts)
   at Microsoft.AspNetCore.Mvc.Razor.RazorView.RenderAsync(ViewContext context)
   at Microsoft.AspNetCore.Mvc.ViewFeatures.ViewExecutor.ExecuteAsync(ViewContext viewContext, String contentType, Nullable`1 statusCode)
   at Microsoft.AspNetCore.Mvc.ViewFeatures.ViewExecutor.ExecuteAsync(ViewContext viewContext, String contentType, Nullable`1 statusCode)
   at Microsoft.AspNetCore.Mvc.Infrastructure.ResourceInvoker.<InvokeNextResultFilterAsync>g__Awaited|30_0[TFilter,TFilterAsync](ResourceInvoker invoker, Task lastTask, State next, Scope scope, Object state, Boolean isCompleted)
   at Microsoft.AspNetCore.Mvc.Infrastructure.ResourceInvoker.Rethrow(ResultExecutedContextSealed context)
   at Microsoft.AspNetCore.Mvc.Infrastructure.ResourceInvoker.ResultNext[TFilter,TFilterAsync](State& next, Scope& scope, Object& state, Boolean& isCompleted)
   at Microsoft.AspNetCore.Mvc.Infrastructure.ResourceInvoker.<InvokeResultFilters>g__Awaited|28_0(ResourceInvoker invoker, Task lastTask, State next, Scope scope, Object state, Boolean isCompleted)
   at Microsoft.AspNetCore.Mvc.Infrastructure.ResourceInvoker.<InvokeNextResourceFilter>g__Awaited|25_0(ResourceInvoker invoker, Task lastTask, State next, Scope scope, Object state, Boolean isCompleted)
   at Microsoft.AspNetCore.Mvc.Infrastructure.ResourceInvoker.Rethrow(ResourceExecutedContextSealed context)
   at Microsoft.AspNetCore.Mvc.Infrastructure.ResourceInvoker.Next(State& next, Scope& scope, Object& state, Boolean& isCompleted)
   at Microsoft.AspNetCore.Mvc.Infrastructure.ResourceInvoker.<InvokeFilterPipelineAsync>g__Awaited|20_0(ResourceInvoker invoker, Task lastTask, State next, Scope scope, Object state, Boolean isCompleted)
   at Microsoft.AspNetCore.Mvc.Infrastructure.ResourceInvoker.<InvokeAsync>g__Awaited|17_0(ResourceInvoker invoker, Task task, IDisposable scope)
   at Microsoft.AspNetCore.Mvc.Infrastructure.ResourceInvoker.<InvokeAsync>g__Awaited|17_0(ResourceInvoker invoker, Task task, IDisposable scope)
   at SixLabors.ImageSharp.Web.Middleware.ImageSharpMiddleware.Invoke(HttpContext httpContext, Boolean retry)
   at Microsoft.AspNetCore.Authorization.AuthorizationMiddleware.Invoke(HttpContext context)
   at OrchardCore.Liquid.ScriptsMiddleware.Invoke(HttpContext httpContext)
   at Microsoft.AspNetCore.Authentication.AuthenticationMiddleware.Invoke(HttpContext context)
   at OrchardCore.Diagnostics.DiagnosticsStartupFilter.<>c__DisplayClass3_0.<<Configure>b__1>d.MoveNext()
--- End of stack trace from previous location ---
   at Microsoft.AspNetCore.Diagnostics.StatusCodePagesMiddleware.Invoke(HttpContext context)
   at OrchardCore.ContentPreview.PreviewStartupFilter.<>c.<<Configure>b__0_1>d.MoveNext()
--- End of stack trace from previous location ---
   at OrchardCore.Users.Services.ExternalAuthenticationsStartupFilter.<>c.<<Configure>b__0_1>d.MoveNext()
--- End of stack trace from previous location ---
   at OrchardCore.Modules.ModularTenantRouterMiddleware.Invoke(HttpContext httpContext)
   at OrchardCore.Modules.ModularTenantContainerMiddleware.<>c__DisplayClass4_0.<<Invoke>b__0>d.MoveNext()
--- End of stack trace from previous location ---
   at OrchardCore.Environment.Shell.Scope.ShellScope.UsingAsync(Func`2 execute, Boolean activateShell)
   at OrchardCore.Environment.Shell.Scope.ShellScope.UsingAsync(Func`2 execute, Boolean activateShell)
   at OrchardCore.Environment.Shell.Scope.ShellScope.UsingAsync(Func`2 execute, Boolean activateShell)
   at OrchardCore.Environment.Shell.Scope.ShellScope.UsingAsync(Func`2 execute, Boolean activateShell)
   at OrchardCore.Environment.Shell.Scope.ShellScope.UsingAsync(Func`2 execute, Boolean activateShell)
   at OrchardCore.Modules.ModularTenantContainerMiddleware.Invoke(HttpContext httpContext)
   at Microsoft.AspNetCore.Authentication.AuthenticationMiddleware.Invoke(HttpContext context)
   at Microsoft.AspNetCore.Diagnostics.DeveloperExceptionPageMiddlewareImpl.Invoke(HttpContext context)
2026-01-05 13:16:11.2445||||Microsoft.Hosting.Lifetime|INFO|Application started. Press Ctrl+C to shut down. 
2026-01-05 13:16:11.6890||||Microsoft.Hosting.Lifetime|INFO|Hosting environment: Development 
2026-01-05 13:16:11.7084||||Microsoft.Hosting.Lifetime|INFO|Content root path: C:\Users\Wanwi\OneDrive\Desktop\TechVerse\TechVerse.Cms 
2026-01-05 13:24:16.0759||||Microsoft.Hosting.Lifetime|INFO|Application started. Press Ctrl+C to shut down. 
2026-01-05 13:24:16.1189||||Microsoft.Hosting.Lifetime|INFO|Hosting environment: Development 
2026-01-05 13:24:16.1189||||Microsoft.Hosting.Lifetime|INFO|Content root path: C:\Users\Wanwi\OneDrive\Desktop\TechVerse\TechVerse.Cms 
2026-01-05 13:24:30.6422|Default|00-db9d5c97de2e7067f6f068a4bcdad78e-f1650b88ed586179-00|1|Microsoft.AspNetCore.Diagnostics.DeveloperExceptionPageMiddleware|ERROR|An unhandled exception has occurred while executing the request. System.InvalidOperationException: The partial view '/Pages/Widgets/Partials/_ProductHighlightModel.cshtml' was not found. The following locations were searched:
/Pages/Widgets/Partials/_ProductHighlightModel.cshtml
   at Microsoft.AspNetCore.Mvc.ViewFeatures.HtmlHelper.RenderPartialCoreAsync(String partialViewName, Object model, ViewDataDictionary viewData, TextWriter writer)
   at Microsoft.AspNetCore.Mvc.ViewFeatures.HtmlHelper.PartialAsync(String partialViewName, Object model, ViewDataDictionary viewData)
   at AspNetCoreGeneratedDocument.Pages_Home_Index.ExecuteAsync() in C:\Users\Wanwi\OneDrive\Desktop\TechVerse\TechVerse.Cms\Pages\Home\Index.cshtml:line 33
   at Microsoft.AspNetCore.Mvc.Razor.RazorView.RenderPageCoreAsync(IRazorPage page, ViewContext context)
   at Microsoft.AspNetCore.Mvc.Razor.RazorView.RenderPageAsync(IRazorPage page, ViewContext context, Boolean invokeViewStarts)
   at Microsoft.AspNetCore.Mvc.Razor.RazorView.RenderAsync(ViewContext context)
   at Microsoft.AspNetCore.Mvc.ViewFeatures.ViewExecutor.ExecuteAsync(ViewContext viewContext, String contentType, Nullable`1 statusCode)
   at Microsoft.AspNetCore.Mvc.ViewFeatures.ViewExecutor.ExecuteAsync(ViewContext viewContext, String contentType, Nullable`1 statusCode)
   at Microsoft.AspNetCore.Mvc.Infrastructure.ResourceInvoker.<InvokeNextResultFilterAsync>g__Awaited|30_0[TFilter,TFilterAsync](ResourceInvoker invoker, Task lastTask, State next, Scope scope, Object state, Boolean isCompleted)
   at Microsoft.AspNetCore.Mvc.Infrastructure.ResourceInvoker.Rethrow(ResultExecutedContextSealed context)
   at Microsoft.AspNetCore.Mvc.Infrastructure.ResourceInvoker.ResultNext[TFilter,TFilterAsync](State& next, Scope& scope, Object& state, Boolean& isCompleted)
   at Microsoft.AspNetCore.Mvc.Infrastructure.ResourceInvoker.<InvokeResultFilters>g__Awaited|28_0(ResourceInvoker invoker, Task lastTask, State next, Scope scope, Object state, Boolean isCompleted)
   at Microsoft.AspNetCore.Mvc.Infrastructure.ResourceInvoker.<InvokeNextResourceFilter>g__Awaited|25_0(ResourceInvoker invoker, Task lastTask, State next, Scope scope, Object state, Boolean isCompleted)
   at Microsoft.AspNetCore.Mvc.Infrastructure.ResourceInvoker.Rethrow(ResourceExecutedContextSealed context)
   at Microsoft.AspNetCore.Mvc.Infrastructure.ResourceInvoker.Next(State& next, Scope& scope, Object& state, Boolean& isCompleted)
   at Microsoft.AspNetCore.Mvc.Infrastructure.ResourceInvoker.<InvokeFilterPipelineAsync>g__Awaited|20_0(ResourceInvoker invoker, Task lastTask, State next, Scope scope, Object state, Boolean isCompleted)
   at Microsoft.AspNetCore.Mvc.Infrastructure.ResourceInvoker.<InvokeAsync>g__Awaited|17_0(ResourceInvoker invoker, Task task, IDisposable scope)
   at Microsoft.AspNetCore.Mvc.Infrastructure.ResourceInvoker.<InvokeAsync>g__Awaited|17_0(ResourceInvoker invoker, Task task, IDisposable scope)
   at SixLabors.ImageSharp.Web.Middleware.ImageSharpMiddleware.Invoke(HttpContext httpContext, Boolean retry)
   at Microsoft.AspNetCore.Authorization.AuthorizationMiddleware.Invoke(HttpContext context)
   at OrchardCore.Liquid.ScriptsMiddleware.Invoke(HttpContext httpContext)
   at Microsoft.AspNetCore.Authentication.AuthenticationMiddleware.Invoke(HttpContext context)
   at OrchardCore.Diagnostics.DiagnosticsStartupFilter.<>c__DisplayClass3_0.<<Configure>b__1>d.MoveNext()
--- End of stack trace from previous location ---
   at Microsoft.AspNetCore.Diagnostics.StatusCodePagesMiddleware.Invoke(HttpContext context)
   at OrchardCore.ContentPreview.PreviewStartupFilter.<>c.<<Configure>b__0_1>d.MoveNext()
--- End of stack trace from previous location ---
   at OrchardCore.Users.Services.ExternalAuthenticationsStartupFilter.<>c.<<Configure>b__0_1>d.MoveNext()
--- End of stack trace from previous location ---
   at OrchardCore.Modules.ModularTenantRouterMiddleware.Invoke(HttpContext httpContext)
   at OrchardCore.Modules.ModularTenantContainerMiddleware.<>c__DisplayClass4_0.<<Invoke>b__0>d.MoveNext()
--- End of stack trace from previous location ---
   at OrchardCore.Environment.Shell.Scope.ShellScope.UsingAsync(Func`2 execute, Boolean activateShell)
   at OrchardCore.Environment.Shell.Scope.ShellScope.UsingAsync(Func`2 execute, Boolean activateShell)
   at OrchardCore.Environment.Shell.Scope.ShellScope.UsingAsync(Func`2 execute, Boolean activateShell)
   at OrchardCore.Environment.Shell.Scope.ShellScope.UsingAsync(Func`2 execute, Boolean activateShell)
   at OrchardCore.Environment.Shell.Scope.ShellScope.UsingAsync(Func`2 execute, Boolean activateShell)
   at OrchardCore.Modules.ModularTenantContainerMiddleware.Invoke(HttpContext httpContext)
   at Microsoft.AspNetCore.Authentication.AuthenticationMiddleware.Invoke(HttpContext context)
   at Microsoft.AspNetCore.Diagnostics.DeveloperExceptionPageMiddlewareImpl.Invoke(HttpContext context)    at Microsoft.AspNetCore.Mvc.ViewFeatures.HtmlHelper.RenderPartialCoreAsync(String partialViewName, Object model, ViewDataDictionary viewData, TextWriter writer)
   at Microsoft.AspNetCore.Mvc.ViewFeatures.HtmlHelper.PartialAsync(String partialViewName, Object model, ViewDataDictionary viewData)
   at AspNetCoreGeneratedDocument.Pages_Home_Index.ExecuteAsync() in C:\Users\Wanwi\OneDrive\Desktop\TechVerse\TechVerse.Cms\Pages\Home\Index.cshtml:line 33
   at Microsoft.AspNetCore.Mvc.Razor.RazorView.RenderPageCoreAsync(IRazorPage page, ViewContext context)
   at Microsoft.AspNetCore.Mvc.Razor.RazorView.RenderPageAsync(IRazorPage page, ViewContext context, Boolean invokeViewStarts)
   at Microsoft.AspNetCore.Mvc.Razor.RazorView.RenderAsync(ViewContext context)
   at Microsoft.AspNetCore.Mvc.ViewFeatures.ViewExecutor.ExecuteAsync(ViewContext viewContext, String contentType, Nullable`1 statusCode)
   at Microsoft.AspNetCore.Mvc.ViewFeatures.ViewExecutor.ExecuteAsync(ViewContext viewContext, String contentType, Nullable`1 statusCode)
   at Microsoft.AspNetCore.Mvc.Infrastructure.ResourceInvoker.<InvokeNextResultFilterAsync>g__Awaited|30_0[TFilter,TFilterAsync](ResourceInvoker invoker, Task lastTask, State next, Scope scope, Object state, Boolean isCompleted)
   at Microsoft.AspNetCore.Mvc.Infrastructure.ResourceInvoker.Rethrow(ResultExecutedContextSealed context)
   at Microsoft.AspNetCore.Mvc.Infrastructure.ResourceInvoker.ResultNext[TFilter,TFilterAsync](State& next, Scope& scope, Object& state, Boolean& isCompleted)
   at Microsoft.AspNetCore.Mvc.Infrastructure.ResourceInvoker.<InvokeResultFilters>g__Awaited|28_0(ResourceInvoker invoker, Task lastTask, State next, Scope scope, Object state, Boolean isCompleted)
   at Microsoft.AspNetCore.Mvc.Infrastructure.ResourceInvoker.<InvokeNextResourceFilter>g__Awaited|25_0(ResourceInvoker invoker, Task lastTask, State next, Scope scope, Object state, Boolean isCompleted)
   at Microsoft.AspNetCore.Mvc.Infrastructure.ResourceInvoker.Rethrow(ResourceExecutedContextSealed context)
   at Microsoft.AspNetCore.Mvc.Infrastructure.ResourceInvoker.Next(State& next, Scope& scope, Object& state, Boolean& isCompleted)
   at Microsoft.AspNetCore.Mvc.Infrastructure.ResourceInvoker.<InvokeFilterPipelineAsync>g__Awaited|20_0(ResourceInvoker invoker, Task lastTask, State next, Scope scope, Object state, Boolean isCompleted)
   at Microsoft.AspNetCore.Mvc.Infrastructure.ResourceInvoker.<InvokeAsync>g__Awaited|17_0(ResourceInvoker invoker, Task task, IDisposable scope)
   at Microsoft.AspNetCore.Mvc.Infrastructure.ResourceInvoker.<InvokeAsync>g__Awaited|17_0(ResourceInvoker invoker, Task task, IDisposable scope)
   at SixLabors.ImageSharp.Web.Middleware.ImageSharpMiddleware.Invoke(HttpContext httpContext, Boolean retry)
   at Microsoft.AspNetCore.Authorization.AuthorizationMiddleware.Invoke(HttpContext context)
   at OrchardCore.Liquid.ScriptsMiddleware.Invoke(HttpContext httpContext)
   at Microsoft.AspNetCore.Authentication.AuthenticationMiddleware.Invoke(HttpContext context)
   at OrchardCore.Diagnostics.DiagnosticsStartupFilter.<>c__DisplayClass3_0.<<Configure>b__1>d.MoveNext()
--- End of stack trace from previous location ---
   at Microsoft.AspNetCore.Diagnostics.StatusCodePagesMiddleware.Invoke(HttpContext context)
   at OrchardCore.ContentPreview.PreviewStartupFilter.<>c.<<Configure>b__0_1>d.MoveNext()
--- End of stack trace from previous location ---
   at OrchardCore.Users.Services.ExternalAuthenticationsStartupFilter.<>c.<<Configure>b__0_1>d.MoveNext()
--- End of stack trace from previous location ---
   at OrchardCore.Modules.ModularTenantRouterMiddleware.Invoke(HttpContext httpContext)
   at OrchardCore.Modules.ModularTenantContainerMiddleware.<>c__DisplayClass4_0.<<Invoke>b__0>d.MoveNext()
--- End of stack trace from previous location ---
   at OrchardCore.Environment.Shell.Scope.ShellScope.UsingAsync(Func`2 execute, Boolean activateShell)
   at OrchardCore.Environment.Shell.Scope.ShellScope.UsingAsync(Func`2 execute, Boolean activateShell)
   at OrchardCore.Environment.Shell.Scope.ShellScope.UsingAsync(Func`2 execute, Boolean activateShell)
   at OrchardCore.Environment.Shell.Scope.ShellScope.UsingAsync(Func`2 execute, Boolean activateShell)
   at OrchardCore.Environment.Shell.Scope.ShellScope.UsingAsync(Func`2 execute, Boolean activateShell)
   at OrchardCore.Modules.ModularTenantContainerMiddleware.Invoke(HttpContext httpContext)
   at Microsoft.AspNetCore.Authentication.AuthenticationMiddleware.Invoke(HttpContext context)
   at Microsoft.AspNetCore.Diagnostics.DeveloperExceptionPageMiddlewareImpl.Invoke(HttpContext context)
2026-01-05 13:26:45.3585||||Microsoft.Hosting.Lifetime|INFO|Application started. Press Ctrl+C to shut down. 
2026-01-05 13:26:45.4050||||Microsoft.Hosting.Lifetime|INFO|Hosting environment: Development 
2026-01-05 13:26:45.4120||||Microsoft.Hosting.Lifetime|INFO|Content root path: C:\Users\Wanwi\OneDrive\Desktop\TechVerse\TechVerse.Cms 
2026-01-05 13:30:02.6015||||Microsoft.Hosting.Lifetime|INFO|Application started. Press Ctrl+C to shut down. 
2026-01-05 13:30:02.6771||||Microsoft.Hosting.Lifetime|INFO|Hosting environment: Development 
2026-01-05 13:30:02.6771||||Microsoft.Hosting.Lifetime|INFO|Content root path: C:\Users\Wanwi\OneDrive\Desktop\TechVerse\TechVerse.Cms 
2026-01-05 13:30:33.1088|Default|00-56b0a66794cca694ca5b6e0528e77ef1-d2a7c15e34074b7a-00|1|Microsoft.AspNetCore.Diagnostics.DeveloperExceptionPageMiddleware|ERROR|An unhandled exception has occurred while executing the request. System.InvalidOperationException: The partial view '/Pages/Widgets/Partials/_ProductHighlight.cshtml' was not found. The following locations were searched:
/Pages/Widgets/Partials/_ProductHighlight.cshtml
   at Microsoft.AspNetCore.Mvc.ViewFeatures.HtmlHelper.RenderPartialCoreAsync(String partialViewName, Object model, ViewDataDictionary viewData, TextWriter writer)
   at Microsoft.AspNetCore.Mvc.ViewFeatures.HtmlHelper.PartialAsync(String partialViewName, Object model, ViewDataDictionary viewData)
   at AspNetCoreGeneratedDocument.Pages_Home_Index.ExecuteAsync() in C:\Users\Wanwi\OneDrive\Desktop\TechVerse\TechVerse.Cms\Pages\Home\Index.cshtml:line 33
   at Microsoft.AspNetCore.Mvc.Razor.RazorView.RenderPageCoreAsync(IRazorPage page, ViewContext context)
   at Microsoft.AspNetCore.Mvc.Razor.RazorView.RenderPageAsync(IRazorPage page, ViewContext context, Boolean invokeViewStarts)
   at Microsoft.AspNetCore.Mvc.Razor.RazorView.RenderAsync(ViewContext context)
   at Microsoft.AspNetCore.Mvc.ViewFeatures.ViewExecutor.ExecuteAsync(ViewContext viewContext, String contentType, Nullable`1 statusCode)
   at Microsoft.AspNetCore.Mvc.ViewFeatures.ViewExecutor.ExecuteAsync(ViewContext viewContext, String contentType, Nullable`1 statusCode)
   at Microsoft.AspNetCore.Mvc.Infrastructure.ResourceInvoker.<InvokeNextResultFilterAsync>g__Awaited|30_0[TFilter,TFilterAsync](ResourceInvoker invoker, Task lastTask, State next, Scope scope, Object state, Boolean isCompleted)
   at Microsoft.AspNetCore.Mvc.Infrastructure.ResourceInvoker.Rethrow(ResultExecutedContextSealed context)
   at Microsoft.AspNetCore.Mvc.Infrastructure.ResourceInvoker.ResultNext[TFilter,TFilterAsync](State& next, Scope& scope, Object& state, Boolean& isCompleted)
   at Microsoft.AspNetCore.Mvc.Infrastructure.ResourceInvoker.<InvokeResultFilters>g__Awaited|28_0(ResourceInvoker invoker, Task lastTask, State next, Scope scope, Object state, Boolean isCompleted)
   at Microsoft.AspNetCore.Mvc.Infrastructure.ResourceInvoker.<InvokeNextResourceFilter>g__Awaited|25_0(ResourceInvoker invoker, Task lastTask, State next, Scope scope, Object state, Boolean isCompleted)
   at Microsoft.AspNetCore.Mvc.Infrastructure.ResourceInvoker.Rethrow(ResourceExecutedContextSealed context)
   at Microsoft.AspNetCore.Mvc.Infrastructure.ResourceInvoker.Next(State& next, Scope& scope, Object& state, Boolean& isCompleted)
   at Microsoft.AspNetCore.Mvc.Infrastructure.ResourceInvoker.<InvokeFilterPipelineAsync>g__Awaited|20_0(ResourceInvoker invoker, Task lastTask, State next, Scope scope, Object state, Boolean isCompleted)
   at Microsoft.AspNetCore.Mvc.Infrastructure.ResourceInvoker.<InvokeAsync>g__Awaited|17_0(ResourceInvoker invoker, Task task, IDisposable scope)
   at Microsoft.AspNetCore.Mvc.Infrastructure.ResourceInvoker.<InvokeAsync>g__Awaited|17_0(ResourceInvoker invoker, Task task, IDisposable scope)
   at SixLabors.ImageSharp.Web.Middleware.ImageSharpMiddleware.Invoke(HttpContext httpContext, Boolean retry)
   at Microsoft.AspNetCore.Authorization.AuthorizationMiddleware.Invoke(HttpContext context)
   at OrchardCore.Liquid.ScriptsMiddleware.Invoke(HttpContext httpContext)
   at Microsoft.AspNetCore.Authentication.AuthenticationMiddleware.Invoke(HttpContext context)
   at OrchardCore.Diagnostics.DiagnosticsStartupFilter.<>c__DisplayClass3_0.<<Configure>b__1>d.MoveNext()
--- End of stack trace from previous location ---
   at Microsoft.AspNetCore.Diagnostics.StatusCodePagesMiddleware.Invoke(HttpContext context)
   at OrchardCore.ContentPreview.PreviewStartupFilter.<>c.<<Configure>b__0_1>d.MoveNext()
--- End of stack trace from previous location ---
   at OrchardCore.Users.Services.ExternalAuthenticationsStartupFilter.<>c.<<Configure>b__0_1>d.MoveNext()
--- End of stack trace from previous location ---
   at OrchardCore.Modules.ModularTenantRouterMiddleware.Invoke(HttpContext httpContext)
   at OrchardCore.Modules.ModularTenantContainerMiddleware.<>c__DisplayClass4_0.<<Invoke>b__0>d.MoveNext()
--- End of stack trace from previous location ---
   at OrchardCore.Environment.Shell.Scope.ShellScope.UsingAsync(Func`2 execute, Boolean activateShell)
   at OrchardCore.Environment.Shell.Scope.ShellScope.UsingAsync(Func`2 execute, Boolean activateShell)
   at OrchardCore.Environment.Shell.Scope.ShellScope.UsingAsync(Func`2 execute, Boolean activateShell)
   at OrchardCore.Environment.Shell.Scope.ShellScope.UsingAsync(Func`2 execute, Boolean activateShell)
   at OrchardCore.Environment.Shell.Scope.ShellScope.UsingAsync(Func`2 execute, Boolean activateShell)
   at OrchardCore.Modules.ModularTenantContainerMiddleware.Invoke(HttpContext httpContext)
   at Microsoft.AspNetCore.Authentication.AuthenticationMiddleware.Invoke(HttpContext context)
   at Microsoft.AspNetCore.Diagnostics.DeveloperExceptionPageMiddlewareImpl.Invoke(HttpContext context)    at Microsoft.AspNetCore.Mvc.ViewFeatures.HtmlHelper.RenderPartialCoreAsync(String partialViewName, Object model, ViewDataDictionary viewData, TextWriter writer)
   at Microsoft.AspNetCore.Mvc.ViewFeatures.HtmlHelper.PartialAsync(String partialViewName, Object model, ViewDataDictionary viewData)
   at AspNetCoreGeneratedDocument.Pages_Home_Index.ExecuteAsync() in C:\Users\Wanwi\OneDrive\Desktop\TechVerse\TechVerse.Cms\Pages\Home\Index.cshtml:line 33
   at Microsoft.AspNetCore.Mvc.Razor.RazorView.RenderPageCoreAsync(IRazorPage page, ViewContext context)
   at Microsoft.AspNetCore.Mvc.Razor.RazorView.RenderPageAsync(IRazorPage page, ViewContext context, Boolean invokeViewStarts)
   at Microsoft.AspNetCore.Mvc.Razor.RazorView.RenderAsync(ViewContext context)
   at Microsoft.AspNetCore.Mvc.ViewFeatures.ViewExecutor.ExecuteAsync(ViewContext viewContext, String contentType, Nullable`1 statusCode)
   at Microsoft.AspNetCore.Mvc.ViewFeatures.ViewExecutor.ExecuteAsync(ViewContext viewContext, String contentType, Nullable`1 statusCode)
   at Microsoft.AspNetCore.Mvc.Infrastructure.ResourceInvoker.<InvokeNextResultFilterAsync>g__Awaited|30_0[TFilter,TFilterAsync](ResourceInvoker invoker, Task lastTask, State next, Scope scope, Object state, Boolean isCompleted)
   at Microsoft.AspNetCore.Mvc.Infrastructure.ResourceInvoker.Rethrow(ResultExecutedContextSealed context)
   at Microsoft.AspNetCore.Mvc.Infrastructure.ResourceInvoker.ResultNext[TFilter,TFilterAsync](State& next, Scope& scope, Object& state, Boolean& isCompleted)
   at Microsoft.AspNetCore.Mvc.Infrastructure.ResourceInvoker.<InvokeResultFilters>g__Awaited|28_0(ResourceInvoker invoker, Task lastTask, State next, Scope scope, Object state, Boolean isCompleted)
   at Microsoft.AspNetCore.Mvc.Infrastructure.ResourceInvoker.<InvokeNextResourceFilter>g__Awaited|25_0(ResourceInvoker invoker, Task lastTask, State next, Scope scope, Object state, Boolean isCompleted)
   at Microsoft.AspNetCore.Mvc.Infrastructure.ResourceInvoker.Rethrow(ResourceExecutedContextSealed context)
   at Microsoft.AspNetCore.Mvc.Infrastructure.ResourceInvoker.Next(State& next, Scope& scope, Object& state, Boolean& isCompleted)
   at Microsoft.AspNetCore.Mvc.Infrastructure.ResourceInvoker.<InvokeFilterPipelineAsync>g__Awaited|20_0(ResourceInvoker invoker, Task lastTask, State next, Scope scope, Object state, Boolean isCompleted)
   at Microsoft.AspNetCore.Mvc.Infrastructure.ResourceInvoker.<InvokeAsync>g__Awaited|17_0(ResourceInvoker invoker, Task task, IDisposable scope)
   at Microsoft.AspNetCore.Mvc.Infrastructure.ResourceInvoker.<InvokeAsync>g__Awaited|17_0(ResourceInvoker invoker, Task task, IDisposable scope)
   at SixLabors.ImageSharp.Web.Middleware.ImageSharpMiddleware.Invoke(HttpContext httpContext, Boolean retry)
   at Microsoft.AspNetCore.Authorization.AuthorizationMiddleware.Invoke(HttpContext context)
   at OrchardCore.Liquid.ScriptsMiddleware.Invoke(HttpContext httpContext)
   at Microsoft.AspNetCore.Authentication.AuthenticationMiddleware.Invoke(HttpContext context)
   at OrchardCore.Diagnostics.DiagnosticsStartupFilter.<>c__DisplayClass3_0.<<Configure>b__1>d.MoveNext()
--- End of stack trace from previous location ---
   at Microsoft.AspNetCore.Diagnostics.StatusCodePagesMiddleware.Invoke(HttpContext context)
   at OrchardCore.ContentPreview.PreviewStartupFilter.<>c.<<Configure>b__0_1>d.MoveNext()
--- End of stack trace from previous location ---
   at OrchardCore.Users.Services.ExternalAuthenticationsStartupFilter.<>c.<<Configure>b__0_1>d.MoveNext()
--- End of stack trace from previous location ---
   at OrchardCore.Modules.ModularTenantRouterMiddleware.Invoke(HttpContext httpContext)
   at OrchardCore.Modules.ModularTenantContainerMiddleware.<>c__DisplayClass4_0.<<Invoke>b__0>d.MoveNext()
--- End of stack trace from previous location ---
   at OrchardCore.Environment.Shell.Scope.ShellScope.UsingAsync(Func`2 execute, Boolean activateShell)
   at OrchardCore.Environment.Shell.Scope.ShellScope.UsingAsync(Func`2 execute, Boolean activateShell)
   at OrchardCore.Environment.Shell.Scope.ShellScope.UsingAsync(Func`2 execute, Boolean activateShell)
   at OrchardCore.Environment.Shell.Scope.ShellScope.UsingAsync(Func`2 execute, Boolean activateShell)
   at OrchardCore.Environment.Shell.Scope.ShellScope.UsingAsync(Func`2 execute, Boolean activateShell)
   at OrchardCore.Modules.ModularTenantContainerMiddleware.Invoke(HttpContext httpContext)
   at Microsoft.AspNetCore.Authentication.AuthenticationMiddleware.Invoke(HttpContext context)
   at Microsoft.AspNetCore.Diagnostics.DeveloperExceptionPageMiddlewareImpl.Invoke(HttpContext context)
2026-01-05 13:35:14.9193||||Microsoft.Hosting.Lifetime|INFO|Application started. Press Ctrl+C to shut down. 
2026-01-05 13:35:14.9578||||Microsoft.Hosting.Lifetime|INFO|Hosting environment: Development 
2026-01-05 13:35:14.9578||||Microsoft.Hosting.Lifetime|INFO|Content root path: C:\Users\Wanwi\OneDrive\Desktop\TechVerse\TechVerse.Cms 
2026-01-05 13:37:59.4950||||Microsoft.Hosting.Lifetime|INFO|Application started. Press Ctrl+C to shut down. 
2026-01-05 13:37:59.5383||||Microsoft.Hosting.Lifetime|INFO|Hosting environment: Development 
2026-01-05 13:37:59.5383||||Microsoft.Hosting.Lifetime|INFO|Content root path: C:\Users\Wanwi\OneDrive\Desktop\TechVerse\TechVerse.Cms 
2026-01-05 13:39:02.7067||||Microsoft.Hosting.Lifetime|INFO|Application started. Press Ctrl+C to shut down. 
2026-01-05 13:39:02.7556||||Microsoft.Hosting.Lifetime|INFO|Hosting environment: Development 
2026-01-05 13:39:02.7556||||Microsoft.Hosting.Lifetime|INFO|Content root path: C:\Users\Wanwi\OneDrive\Desktop\TechVerse\TechVerse.Cms 
2026-01-05 13:39:41.4068|Default|00-17190d16f3988103b7e5d95250672bc8-aea6918cc392de9f-00|1|Microsoft.AspNetCore.Diagnostics.DeveloperExceptionPageMiddleware|ERROR|An unhandled exception has occurred while executing the request. System.NullReferenceException: Object reference not set to an instance of an object.
   at AspNetCoreGeneratedDocument.Pages_Widgets_Partials__ProductHighlight.get_Model()
   at AspNetCoreGeneratedDocument.Pages_Widgets_Partials__ProductHighlight.ExecuteAsync() in C:\Users\Wanwi\OneDrive\Desktop\TechVerse\TechVerse.Cms\Pages\Widgets\Partials\_ProductHighlight.cshtml:line 8
   at Microsoft.AspNetCore.Mvc.Razor.RazorView.RenderPageCoreAsync(IRazorPage page, ViewContext context)
   at Microsoft.AspNetCore.Mvc.Razor.RazorView.RenderPageAsync(IRazorPage page, ViewContext context, Boolean invokeViewStarts)
   at Microsoft.AspNetCore.Mvc.Razor.RazorView.RenderAsync(ViewContext context)
   at Microsoft.AspNetCore.Mvc.ViewFeatures.HtmlHelper.RenderPartialCoreAsync(String partialViewName, Object model, ViewDataDictionary viewData, TextWriter writer)
   at Microsoft.AspNetCore.Mvc.ViewFeatures.HtmlHelper.PartialAsync(String partialViewName, Object model, ViewDataDictionary viewData)
   at AspNetCoreGeneratedDocument.Pages_Home_Index.ExecuteAsync() in C:\Users\Wanwi\OneDrive\Desktop\TechVerse\TechVerse.Cms\Pages\Home\Index.cshtml:line 33
   at Microsoft.AspNetCore.Mvc.Razor.RazorView.RenderPageCoreAsync(IRazorPage page, ViewContext context)
   at Microsoft.AspNetCore.Mvc.Razor.RazorView.RenderPageAsync(IRazorPage page, ViewContext context, Boolean invokeViewStarts)
   at Microsoft.AspNetCore.Mvc.Razor.RazorView.RenderAsync(ViewContext context)
   at Microsoft.AspNetCore.Mvc.ViewFeatures.ViewExecutor.ExecuteAsync(ViewContext viewContext, String contentType, Nullable`1 statusCode)
   at Microsoft.AspNetCore.Mvc.ViewFeatures.ViewExecutor.ExecuteAsync(ViewContext viewContext, String contentType, Nullable`1 statusCode)
   at Microsoft.AspNetCore.Mvc.Infrastructure.ResourceInvoker.<InvokeNextResultFilterAsync>g__Awaited|30_0[TFilter,TFilterAsync](ResourceInvoker invoker, Task lastTask, State next, Scope scope, Object state, Boolean isCompleted)
   at Microsoft.AspNetCore.Mvc.Infrastructure.ResourceInvoker.Rethrow(ResultExecutedContextSealed context)
   at Microsoft.AspNetCore.Mvc.Infrastructure.ResourceInvoker.ResultNext[TFilter,TFilterAsync](State& next, Scope& scope, Object& state, Boolean& isCompleted)
   at Microsoft.AspNetCore.Mvc.Infrastructure.ResourceInvoker.<InvokeResultFilters>g__Awaited|28_0(ResourceInvoker invoker, Task lastTask, State next, Scope scope, Object state, Boolean isCompleted)
   at Microsoft.AspNetCore.Mvc.Infrastructure.ResourceInvoker.<InvokeNextResourceFilter>g__Awaited|25_0(ResourceInvoker invoker, Task lastTask, State next, Scope scope, Object state, Boolean isCompleted)
   at Microsoft.AspNetCore.Mvc.Infrastructure.ResourceInvoker.Rethrow(ResourceExecutedContextSealed context)
   at Microsoft.AspNetCore.Mvc.Infrastructure.ResourceInvoker.Next(State& next, Scope& scope, Object& state, Boolean& isCompleted)
   at Microsoft.AspNetCore.Mvc.Infrastructure.ResourceInvoker.<InvokeFilterPipelineAsync>g__Awaited|20_0(ResourceInvoker invoker, Task lastTask, State next, Scope scope, Object state, Boolean isCompleted)
   at Microsoft.AspNetCore.Mvc.Infrastructure.ResourceInvoker.<InvokeAsync>g__Awaited|17_0(ResourceInvoker invoker, Task task, IDisposable scope)
   at Microsoft.AspNetCore.Mvc.Infrastructure.ResourceInvoker.<InvokeAsync>g__Awaited|17_0(ResourceInvoker invoker, Task task, IDisposable scope)
   at SixLabors.ImageSharp.Web.Middleware.ImageSharpMiddleware.Invoke(HttpContext httpContext, Boolean retry)
   at Microsoft.AspNetCore.Authorization.AuthorizationMiddleware.Invoke(HttpContext context)
   at OrchardCore.Liquid.ScriptsMiddleware.Invoke(HttpContext httpContext)
   at Microsoft.AspNetCore.Authentication.AuthenticationMiddleware.Invoke(HttpContext context)
   at OrchardCore.Diagnostics.DiagnosticsStartupFilter.<>c__DisplayClass3_0.<<Configure>b__1>d.MoveNext()
--- End of stack trace from previous location ---
   at Microsoft.AspNetCore.Diagnostics.StatusCodePagesMiddleware.Invoke(HttpContext context)
   at OrchardCore.ContentPreview.PreviewStartupFilter.<>c.<<Configure>b__0_1>d.MoveNext()
--- End of stack trace from previous location ---
   at OrchardCore.Users.Services.ExternalAuthenticationsStartupFilter.<>c.<<Configure>b__0_1>d.MoveNext()
--- End of stack trace from previous location ---
   at OrchardCore.Modules.ModularTenantRouterMiddleware.Invoke(HttpContext httpContext)
   at OrchardCore.Modules.ModularTenantContainerMiddleware.<>c__DisplayClass4_0.<<Invoke>b__0>d.MoveNext()
--- End of stack trace from previous location ---
   at OrchardCore.Environment.Shell.Scope.ShellScope.UsingAsync(Func`2 execute, Boolean activateShell)
   at OrchardCore.Environment.Shell.Scope.ShellScope.UsingAsync(Func`2 execute, Boolean activateShell)
   at OrchardCore.Environment.Shell.Scope.ShellScope.UsingAsync(Func`2 execute, Boolean activateShell)
   at OrchardCore.Environment.Shell.Scope.ShellScope.UsingAsync(Func`2 execute, Boolean activateShell)
   at OrchardCore.Environment.Shell.Scope.ShellScope.UsingAsync(Func`2 execute, Boolean activateShell)
   at OrchardCore.Modules.ModularTenantContainerMiddleware.Invoke(HttpContext httpContext)
   at Microsoft.AspNetCore.Authentication.AuthenticationMiddleware.Invoke(HttpContext context)
   at Microsoft.AspNetCore.Diagnostics.DeveloperExceptionPageMiddlewareImpl.Invoke(HttpContext context)    at AspNetCoreGeneratedDocument.Pages_Widgets_Partials__ProductHighlight.get_Model()
   at AspNetCoreGeneratedDocument.Pages_Widgets_Partials__ProductHighlight.ExecuteAsync() in C:\Users\Wanwi\OneDrive\Desktop\TechVerse\TechVerse.Cms\Pages\Widgets\Partials\_ProductHighlight.cshtml:line 8
   at Microsoft.AspNetCore.Mvc.Razor.RazorView.RenderPageCoreAsync(IRazorPage page, ViewContext context)
   at Microsoft.AspNetCore.Mvc.Razor.RazorView.RenderPageAsync(IRazorPage page, ViewContext context, Boolean invokeViewStarts)
   at Microsoft.AspNetCore.Mvc.Razor.RazorView.RenderAsync(ViewContext context)
   at Microsoft.AspNetCore.Mvc.ViewFeatures.HtmlHelper.RenderPartialCoreAsync(String partialViewName, Object model, ViewDataDictionary viewData, TextWriter writer)
   at Microsoft.AspNetCore.Mvc.ViewFeatures.HtmlHelper.PartialAsync(String partialViewName, Object model, ViewDataDictionary viewData)
   at AspNetCoreGeneratedDocument.Pages_Home_Index.ExecuteAsync() in C:\Users\Wanwi\OneDrive\Desktop\TechVerse\TechVerse.Cms\Pages\Home\Index.cshtml:line 33
   at Microsoft.AspNetCore.Mvc.Razor.RazorView.RenderPageCoreAsync(IRazorPage page, ViewContext context)
   at Microsoft.AspNetCore.Mvc.Razor.RazorView.RenderPageAsync(IRazorPage page, ViewContext context, Boolean invokeViewStarts)
   at Microsoft.AspNetCore.Mvc.Razor.RazorView.RenderAsync(ViewContext context)
   at Microsoft.AspNetCore.Mvc.ViewFeatures.ViewExecutor.ExecuteAsync(ViewContext viewContext, String contentType, Nullable`1 statusCode)
   at Microsoft.AspNetCore.Mvc.ViewFeatures.ViewExecutor.ExecuteAsync(ViewContext viewContext, String contentType, Nullable`1 statusCode)
   at Microsoft.AspNetCore.Mvc.Infrastructure.ResourceInvoker.<InvokeNextResultFilterAsync>g__Awaited|30_0[TFilter,TFilterAsync](ResourceInvoker invoker, Task lastTask, State next, Scope scope, Object state, Boolean isCompleted)
   at Microsoft.AspNetCore.Mvc.Infrastructure.ResourceInvoker.Rethrow(ResultExecutedContextSealed context)
   at Microsoft.AspNetCore.Mvc.Infrastructure.ResourceInvoker.ResultNext[TFilter,TFilterAsync](State& next, Scope& scope, Object& state, Boolean& isCompleted)
   at Microsoft.AspNetCore.Mvc.Infrastructure.ResourceInvoker.<InvokeResultFilters>g__Awaited|28_0(ResourceInvoker invoker, Task lastTask, State next, Scope scope, Object state, Boolean isCompleted)
   at Microsoft.AspNetCore.Mvc.Infrastructure.ResourceInvoker.<InvokeNextResourceFilter>g__Awaited|25_0(ResourceInvoker invoker, Task lastTask, State next, Scope scope, Object state, Boolean isCompleted)
   at Microsoft.AspNetCore.Mvc.Infrastructure.ResourceInvoker.Rethrow(ResourceExecutedContextSealed context)
   at Microsoft.AspNetCore.Mvc.Infrastructure.ResourceInvoker.Next(State& next, Scope& scope, Object& state, Boolean& isCompleted)
   at Microsoft.AspNetCore.Mvc.Infrastructure.ResourceInvoker.<InvokeFilterPipelineAsync>g__Awaited|20_0(ResourceInvoker invoker, Task lastTask, State next, Scope scope, Object state, Boolean isCompleted)
   at Microsoft.AspNetCore.Mvc.Infrastructure.ResourceInvoker.<InvokeAsync>g__Awaited|17_0(ResourceInvoker invoker, Task task, IDisposable scope)
   at Microsoft.AspNetCore.Mvc.Infrastructure.ResourceInvoker.<InvokeAsync>g__Awaited|17_0(ResourceInvoker invoker, Task task, IDisposable scope)
   at SixLabors.ImageSharp.Web.Middleware.ImageSharpMiddleware.Invoke(HttpContext httpContext, Boolean retry)
   at Microsoft.AspNetCore.Authorization.AuthorizationMiddleware.Invoke(HttpContext context)
   at OrchardCore.Liquid.ScriptsMiddleware.Invoke(HttpContext httpContext)
   at Microsoft.AspNetCore.Authentication.AuthenticationMiddleware.Invoke(HttpContext context)
   at OrchardCore.Diagnostics.DiagnosticsStartupFilter.<>c__DisplayClass3_0.<<Configure>b__1>d.MoveNext()
--- End of stack trace from previous location ---
   at Microsoft.AspNetCore.Diagnostics.StatusCodePagesMiddleware.Invoke(HttpContext context)
   at OrchardCore.ContentPreview.PreviewStartupFilter.<>c.<<Configure>b__0_1>d.MoveNext()
--- End of stack trace from previous location ---
   at OrchardCore.Users.Services.ExternalAuthenticationsStartupFilter.<>c.<<Configure>b__0_1>d.MoveNext()
--- End of stack trace from previous location ---
   at OrchardCore.Modules.ModularTenantRouterMiddleware.Invoke(HttpContext httpContext)
   at OrchardCore.Modules.ModularTenantContainerMiddleware.<>c__DisplayClass4_0.<<Invoke>b__0>d.MoveNext()
--- End of stack trace from previous location ---
   at OrchardCore.Environment.Shell.Scope.ShellScope.UsingAsync(Func`2 execute, Boolean activateShell)
   at OrchardCore.Environment.Shell.Scope.ShellScope.UsingAsync(Func`2 execute, Boolean activateShell)
   at OrchardCore.Environment.Shell.Scope.ShellScope.UsingAsync(Func`2 execute, Boolean activateShell)
   at OrchardCore.Environment.Shell.Scope.ShellScope.UsingAsync(Func`2 execute, Boolean activateShell)
   at OrchardCore.Environment.Shell.Scope.ShellScope.UsingAsync(Func`2 execute, Boolean activateShell)
   at OrchardCore.Modules.ModularTenantContainerMiddleware.Invoke(HttpContext httpContext)
   at Microsoft.AspNetCore.Authentication.AuthenticationMiddleware.Invoke(HttpContext context)
   at Microsoft.AspNetCore.Diagnostics.DeveloperExceptionPageMiddlewareImpl.Invoke(HttpContext context)
2026-01-05 13:42:31.7281||||Microsoft.Hosting.Lifetime|INFO|Application started. Press Ctrl+C to shut down. 
2026-01-05 13:42:31.7680||||Microsoft.Hosting.Lifetime|INFO|Hosting environment: Development 
2026-01-05 13:42:31.7680||||Microsoft.Hosting.Lifetime|INFO|Content root path: C:\Users\Wanwi\OneDrive\Desktop\TechVerse\TechVerse.Cms 
2026-01-05 13:54:23.0106||||Microsoft.Hosting.Lifetime|INFO|Application started. Press Ctrl+C to shut down. 
2026-01-05 13:54:23.0529||||Microsoft.Hosting.Lifetime|INFO|Hosting environment: Development 
2026-01-05 13:54:23.0529||||Microsoft.Hosting.Lifetime|INFO|Content root path: C:\Users\Wanwi\OneDrive\Desktop\TechVerse\TechVerse.Cms 
2026-01-05 13:54:43.5131|Default|00-5135f869f718e8f64497860817c045a8-b72d637c8ca2ce7b-00|1|Microsoft.AspNetCore.Diagnostics.DeveloperExceptionPageMiddleware|ERROR|An unhandled exception has occurred while executing the request. Microsoft.CSharp.RuntimeBinder.RuntimeBinderException: 'System.Text.Json.Nodes.JsonObject' does not contain a definition for 'ContentItemId'
   at CallSite.Target(Closure, CallSite, Object)
   at System.Dynamic.UpdateDelegates.UpdateAndExecute1[T0,TRet](CallSite site, T0 arg0)
   at AspNetCoreGeneratedDocument.Pages_Widgets_Partials__ProductHighlight.<>c.<ExecuteAsync>b__0_0(Object x) in C:\Users\Wanwi\OneDrive\Desktop\TechVerse\TechVerse.Cms\Pages\Widgets\Partials\_ProductHighlight.cshtml:line 30
   at System.Linq.Enumerable.SelectArrayIterator`2.MoveNext()
   at System.Linq.Enumerable.WhereEnumerableIterator`1.ToArray()
   at AspNetCoreGeneratedDocument.Pages_Widgets_Partials__ProductHighlight.ExecuteAsync() in C:\Users\Wanwi\OneDrive\Desktop\TechVerse\TechVerse.Cms\Pages\Widgets\Partials\_ProductHighlight.cshtml:line 29
   at Microsoft.AspNetCore.Mvc.Razor.RazorView.RenderPageCoreAsync(IRazorPage page, ViewContext context)
   at Microsoft.AspNetCore.Mvc.Razor.RazorView.RenderPageAsync(IRazorPage page, ViewContext context, Boolean invokeViewStarts)
   at Microsoft.AspNetCore.Mvc.Razor.RazorView.RenderAsync(ViewContext context)
   at Microsoft.AspNetCore.Mvc.ViewFeatures.HtmlHelper.RenderPartialCoreAsync(String partialViewName, Object model, ViewDataDictionary viewData, TextWriter writer)
   at Microsoft.AspNetCore.Mvc.ViewFeatures.HtmlHelper.PartialAsync(String partialViewName, Object model, ViewDataDictionary viewData)
   at AspNetCoreGeneratedDocument.Pages_Home_Index.ExecuteAsync() in C:\Users\Wanwi\OneDrive\Desktop\TechVerse\TechVerse.Cms\Pages\Home\Index.cshtml:line 33
   at Microsoft.AspNetCore.Mvc.Razor.RazorView.RenderPageCoreAsync(IRazorPage page, ViewContext context)
   at Microsoft.AspNetCore.Mvc.Razor.RazorView.RenderPageAsync(IRazorPage page, ViewContext context, Boolean invokeViewStarts)
   at Microsoft.AspNetCore.Mvc.Razor.RazorView.RenderAsync(ViewContext context)
   at Microsoft.AspNetCore.Mvc.ViewFeatures.ViewExecutor.ExecuteAsync(ViewContext viewContext, String contentType, Nullable`1 statusCode)
   at Microsoft.AspNetCore.Mvc.ViewFeatures.ViewExecutor.ExecuteAsync(ViewContext viewContext, String contentType, Nullable`1 statusCode)
   at Microsoft.AspNetCore.Mvc.Infrastructure.ResourceInvoker.<InvokeNextResultFilterAsync>g__Awaited|30_0[TFilter,TFilterAsync](ResourceInvoker invoker, Task lastTask, State next, Scope scope, Object state, Boolean isCompleted)
   at Microsoft.AspNetCore.Mvc.Infrastructure.ResourceInvoker.Rethrow(ResultExecutedContextSealed context)
   at Microsoft.AspNetCore.Mvc.Infrastructure.ResourceInvoker.ResultNext[TFilter,TFilterAsync](State& next, Scope& scope, Object& state, Boolean& isCompleted)
   at Microsoft.AspNetCore.Mvc.Infrastructure.ResourceInvoker.<InvokeResultFilters>g__Awaited|28_0(ResourceInvoker invoker, Task lastTask, State next, Scope scope, Object state, Boolean isCompleted)
   at Microsoft.AspNetCore.Mvc.Infrastructure.ResourceInvoker.<InvokeNextResourceFilter>g__Awaited|25_0(ResourceInvoker invoker, Task lastTask, State next, Scope scope, Object state, Boolean isCompleted)
   at Microsoft.AspNetCore.Mvc.Infrastructure.ResourceInvoker.Rethrow(ResourceExecutedContextSealed context)
   at Microsoft.AspNetCore.Mvc.Infrastructure.ResourceInvoker.Next(State& next, Scope& scope, Object& state, Boolean& isCompleted)
   at Microsoft.AspNetCore.Mvc.Infrastructure.ResourceInvoker.<InvokeFilterPipelineAsync>g__Awaited|20_0(ResourceInvoker invoker, Task lastTask, State next, Scope scope, Object state, Boolean isCompleted)
   at Microsoft.AspNetCore.Mvc.Infrastructure.ResourceInvoker.<InvokeAsync>g__Awaited|17_0(ResourceInvoker invoker, Task task, IDisposable scope)
   at Microsoft.AspNetCore.Mvc.Infrastructure.ResourceInvoker.<InvokeAsync>g__Awaited|17_0(ResourceInvoker invoker, Task task, IDisposable scope)
   at SixLabors.ImageSharp.Web.Middleware.ImageSharpMiddleware.Invoke(HttpContext httpContext, Boolean retry)
   at Microsoft.AspNetCore.Authorization.AuthorizationMiddleware.Invoke(HttpContext context)
   at OrchardCore.Liquid.ScriptsMiddleware.Invoke(HttpContext httpContext)
   at Microsoft.AspNetCore.Authentication.AuthenticationMiddleware.Invoke(HttpContext context)
   at OrchardCore.Diagnostics.DiagnosticsStartupFilter.<>c__DisplayClass3_0.<<Configure>b__1>d.MoveNext()
--- End of stack trace from previous location ---
   at Microsoft.AspNetCore.Diagnostics.StatusCodePagesMiddleware.Invoke(HttpContext context)
   at OrchardCore.ContentPreview.PreviewStartupFilter.<>c.<<Configure>b__0_1>d.MoveNext()
--- End of stack trace from previous location ---
   at OrchardCore.Users.Services.ExternalAuthenticationsStartupFilter.<>c.<<Configure>b__0_1>d.MoveNext()
--- End of stack trace from previous location ---
   at OrchardCore.Modules.ModularTenantRouterMiddleware.Invoke(HttpContext httpContext)
   at OrchardCore.Modules.ModularTenantContainerMiddleware.<>c__DisplayClass4_0.<<Invoke>b__0>d.MoveNext()
--- End of stack trace from previous location ---
   at OrchardCore.Environment.Shell.Scope.ShellScope.UsingAsync(Func`2 execute, Boolean activateShell)
   at OrchardCore.Environment.Shell.Scope.ShellScope.UsingAsync(Func`2 execute, Boolean activateShell)
   at OrchardCore.Environment.Shell.Scope.ShellScope.UsingAsync(Func`2 execute, Boolean activateShell)
   at OrchardCore.Environment.Shell.Scope.ShellScope.UsingAsync(Func`2 execute, Boolean activateShell)
   at OrchardCore.Environment.Shell.Scope.ShellScope.UsingAsync(Func`2 execute, Boolean activateShell)
   at OrchardCore.Modules.ModularTenantContainerMiddleware.Invoke(HttpContext httpContext)
   at Microsoft.AspNetCore.Authentication.AuthenticationMiddleware.Invoke(HttpContext context)
   at Microsoft.AspNetCore.Diagnostics.DeveloperExceptionPageMiddlewareImpl.Invoke(HttpContext context)    at CallSite.Target(Closure, CallSite, Object)
   at System.Dynamic.UpdateDelegates.UpdateAndExecute1[T0,TRet](CallSite site, T0 arg0)
   at AspNetCoreGeneratedDocument.Pages_Widgets_Partials__ProductHighlight.<>c.<ExecuteAsync>b__0_0(Object x) in C:\Users\Wanwi\OneDrive\Desktop\TechVerse\TechVerse.Cms\Pages\Widgets\Partials\_ProductHighlight.cshtml:line 30
   at System.Linq.Enumerable.SelectArrayIterator`2.MoveNext()
   at System.Linq.Enumerable.WhereEnumerableIterator`1.ToArray()
   at AspNetCoreGeneratedDocument.Pages_Widgets_Partials__ProductHighlight.ExecuteAsync() in C:\Users\Wanwi\OneDrive\Desktop\TechVerse\TechVerse.Cms\Pages\Widgets\Partials\_ProductHighlight.cshtml:line 29
   at Microsoft.AspNetCore.Mvc.Razor.RazorView.RenderPageCoreAsync(IRazorPage page, ViewContext context)
   at Microsoft.AspNetCore.Mvc.Razor.RazorView.RenderPageAsync(IRazorPage page, ViewContext context, Boolean invokeViewStarts)
   at Microsoft.AspNetCore.Mvc.Razor.RazorView.RenderAsync(ViewContext context)
   at Microsoft.AspNetCore.Mvc.ViewFeatures.HtmlHelper.RenderPartialCoreAsync(String partialViewName, Object model, ViewDataDictionary viewData, TextWriter writer)
   at Microsoft.AspNetCore.Mvc.ViewFeatures.HtmlHelper.PartialAsync(String partialViewName, Object model, ViewDataDictionary viewData)
   at AspNetCoreGeneratedDocument.Pages_Home_Index.ExecuteAsync() in C:\Users\Wanwi\OneDrive\Desktop\TechVerse\TechVerse.Cms\Pages\Home\Index.cshtml:line 33
   at Microsoft.AspNetCore.Mvc.Razor.RazorView.RenderPageCoreAsync(IRazorPage page, ViewContext context)
   at Microsoft.AspNetCore.Mvc.Razor.RazorView.RenderPageAsync(IRazorPage page, ViewContext context, Boolean invokeViewStarts)
   at Microsoft.AspNetCore.Mvc.Razor.RazorView.RenderAsync(ViewContext context)
   at Microsoft.AspNetCore.Mvc.ViewFeatures.ViewExecutor.ExecuteAsync(ViewContext viewContext, String contentType, Nullable`1 statusCode)
   at Microsoft.AspNetCore.Mvc.ViewFeatures.ViewExecutor.ExecuteAsync(ViewContext viewContext, String contentType, Nullable`1 statusCode)
   at Microsoft.AspNetCore.Mvc.Infrastructure.ResourceInvoker.<InvokeNextResultFilterAsync>g__Awaited|30_0[TFilter,TFilterAsync](ResourceInvoker invoker, Task lastTask, State next, Scope scope, Object state, Boolean isCompleted)
   at Microsoft.AspNetCore.Mvc.Infrastructure.ResourceInvoker.Rethrow(ResultExecutedContextSealed context)
   at Microsoft.AspNetCore.Mvc.Infrastructure.ResourceInvoker.ResultNext[TFilter,TFilterAsync](State& next, Scope& scope, Object& state, Boolean& isCompleted)
   at Microsoft.AspNetCore.Mvc.Infrastructure.ResourceInvoker.<InvokeResultFilters>g__Awaited|28_0(ResourceInvoker invoker, Task lastTask, State next, Scope scope, Object state, Boolean isCompleted)
   at Microsoft.AspNetCore.Mvc.Infrastructure.ResourceInvoker.<InvokeNextResourceFilter>g__Awaited|25_0(ResourceInvoker invoker, Task lastTask, State next, Scope scope, Object state, Boolean isCompleted)
   at Microsoft.AspNetCore.Mvc.Infrastructure.ResourceInvoker.Rethrow(ResourceExecutedContextSealed context)
   at Microsoft.AspNetCore.Mvc.Infrastructure.ResourceInvoker.Next(State& next, Scope& scope, Object& state, Boolean& isCompleted)
   at Microsoft.AspNetCore.Mvc.Infrastructure.ResourceInvoker.<InvokeFilterPipelineAsync>g__Awaited|20_0(ResourceInvoker invoker, Task lastTask, State next, Scope scope, Object state, Boolean isCompleted)
   at Microsoft.AspNetCore.Mvc.Infrastructure.ResourceInvoker.<InvokeAsync>g__Awaited|17_0(ResourceInvoker invoker, Task task, IDisposable scope)
   at Microsoft.AspNetCore.Mvc.Infrastructure.ResourceInvoker.<InvokeAsync>g__Awaited|17_0(ResourceInvoker invoker, Task task, IDisposable scope)
   at SixLabors.ImageSharp.Web.Middleware.ImageSharpMiddleware.Invoke(HttpContext httpContext, Boolean retry)
   at Microsoft.AspNetCore.Authorization.AuthorizationMiddleware.Invoke(HttpContext context)
   at OrchardCore.Liquid.ScriptsMiddleware.Invoke(HttpContext httpContext)
   at Microsoft.AspNetCore.Authentication.AuthenticationMiddleware.Invoke(HttpContext context)
   at OrchardCore.Diagnostics.DiagnosticsStartupFilter.<>c__DisplayClass3_0.<<Configure>b__1>d.MoveNext()
--- End of stack trace from previous location ---
   at Microsoft.AspNetCore.Diagnostics.StatusCodePagesMiddleware.Invoke(HttpContext context)
   at OrchardCore.ContentPreview.PreviewStartupFilter.<>c.<<Configure>b__0_1>d.MoveNext()
--- End of stack trace from previous location ---
   at OrchardCore.Users.Services.ExternalAuthenticationsStartupFilter.<>c.<<Configure>b__0_1>d.MoveNext()
--- End of stack trace from previous location ---
   at OrchardCore.Modules.ModularTenantRouterMiddleware.Invoke(HttpContext httpContext)
   at OrchardCore.Modules.ModularTenantContainerMiddleware.<>c__DisplayClass4_0.<<Invoke>b__0>d.MoveNext()
--- End of stack trace from previous location ---
   at OrchardCore.Environment.Shell.Scope.ShellScope.UsingAsync(Func`2 execute, Boolean activateShell)
   at OrchardCore.Environment.Shell.Scope.ShellScope.UsingAsync(Func`2 execute, Boolean activateShell)
   at OrchardCore.Environment.Shell.Scope.ShellScope.UsingAsync(Func`2 execute, Boolean activateShell)
   at OrchardCore.Environment.Shell.Scope.ShellScope.UsingAsync(Func`2 execute, Boolean activateShell)
   at OrchardCore.Environment.Shell.Scope.ShellScope.UsingAsync(Func`2 execute, Boolean activateShell)
   at OrchardCore.Modules.ModularTenantContainerMiddleware.Invoke(HttpContext httpContext)
   at Microsoft.AspNetCore.Authentication.AuthenticationMiddleware.Invoke(HttpContext context)
   at Microsoft.AspNetCore.Diagnostics.DeveloperExceptionPageMiddlewareImpl.Invoke(HttpContext context)
2026-01-05 13:56:03.4888||||Microsoft.Hosting.Lifetime|INFO|Application started. Press Ctrl+C to shut down. 
2026-01-05 13:56:03.5515||||Microsoft.Hosting.Lifetime|INFO|Hosting environment: Development 
2026-01-05 13:56:03.5621||||Microsoft.Hosting.Lifetime|INFO|Content root path: C:\Users\Wanwi\OneDrive\Desktop\TechVerse\TechVerse.Cms 
2026-01-05 14:00:48.7340||||Microsoft.Hosting.Lifetime|INFO|Application started. Press Ctrl+C to shut down. 
2026-01-05 14:00:48.8216||||Microsoft.Hosting.Lifetime|INFO|Hosting environment: Development 
2026-01-05 14:00:48.8337||||Microsoft.Hosting.Lifetime|INFO|Content root path: C:\Users\Wanwi\OneDrive\Desktop\TechVerse\TechVerse.Cms 
2026-01-05 14:20:34.7095||||Microsoft.Hosting.Lifetime|INFO|Application started. Press Ctrl+C to shut down. 
2026-01-05 14:20:34.7506||||Microsoft.Hosting.Lifetime|INFO|Hosting environment: Development 
2026-01-05 14:20:34.7506||||Microsoft.Hosting.Lifetime|INFO|Content root path: C:\Users\Wanwi\OneDrive\Desktop\TechVerse\TechVerse.Cms 
2026-01-05 14:27:36.6836||||Microsoft.Hosting.Lifetime|INFO|Application started. Press Ctrl+C to shut down. 
2026-01-05 14:27:36.7449||||Microsoft.Hosting.Lifetime|INFO|Hosting environment: Development 
2026-01-05 14:27:36.7449||||Microsoft.Hosting.Lifetime|INFO|Content root path: C:\Users\Wanwi\OneDrive\Desktop\TechVerse\TechVerse.Cms 
2026-01-05 15:20:59.5050||||Microsoft.Hosting.Lifetime|INFO|Application started. Press Ctrl+C to shut down. 
2026-01-05 15:20:59.5757||||Microsoft.Hosting.Lifetime|INFO|Hosting environment: Development 
2026-01-05 15:20:59.5808||||Microsoft.Hosting.Lifetime|INFO|Content root path: C:\Users\Wanwi\OneDrive\Desktop\TechVerse\TechVerse.Cms 
2026-01-05 15:30:47.4835||||Microsoft.Hosting.Lifetime|INFO|Application started. Press Ctrl+C to shut down. 
2026-01-05 15:30:47.5519||||Microsoft.Hosting.Lifetime|INFO|Hosting environment: Development 
2026-01-05 15:30:47.5519||||Microsoft.Hosting.Lifetime|INFO|Content root path: C:\Users\Wanwi\OneDrive\Desktop\TechVerse\TechVerse.Cms 
2026-01-05 15:31:15.7336|Default|00-7707e4edfe4aea4a1dbec1793375e26e-55b6637bf454b62d-00|1|Microsoft.AspNetCore.Diagnostics.DeveloperExceptionPageMiddleware|ERROR|An unhandled exception has occurred while executing the request. System.InvalidOperationException: The model item passed into the ViewDataDictionary is of type 'TechVerse.Cms.Pages.Widgets.Partials._NewsWidgetModel', but this ViewDataDictionary instance requires a model item of type 'TechVerse.Cms.Pages.Widgets.Partials._ProductHighlightModel'.
   at Microsoft.AspNetCore.Mvc.ViewFeatures.ViewDataDictionary.EnsureCompatible(Object value)
   at lambda_method145(Closure, ViewDataDictionary)
   at Microsoft.AspNetCore.Mvc.Razor.RazorPagePropertyActivator.Activate(Object page, ViewContext context)
   at Microsoft.AspNetCore.Mvc.Razor.RazorView.RenderPageCoreAsync(IRazorPage page, ViewContext context)
   at Microsoft.AspNetCore.Mvc.Razor.RazorView.RenderPageAsync(IRazorPage page, ViewContext context, Boolean invokeViewStarts)
   at Microsoft.AspNetCore.Mvc.Razor.RazorView.RenderAsync(ViewContext context)
   at Microsoft.AspNetCore.Mvc.ViewFeatures.HtmlHelper.RenderPartialCoreAsync(String partialViewName, Object model, ViewDataDictionary viewData, TextWriter writer)
   at Microsoft.AspNetCore.Mvc.ViewFeatures.HtmlHelper.PartialAsync(String partialViewName, Object model, ViewDataDictionary viewData)
   at AspNetCoreGeneratedDocument.Pages_Home_Index.ExecuteAsync() in C:\Users\Wanwi\OneDrive\Desktop\TechVerse\TechVerse.Cms\Pages\Home\Index.cshtml:line 38
   at Microsoft.AspNetCore.Mvc.Razor.RazorView.RenderPageCoreAsync(IRazorPage page, ViewContext context)
   at Microsoft.AspNetCore.Mvc.Razor.RazorView.RenderPageAsync(IRazorPage page, ViewContext context, Boolean invokeViewStarts)
   at Microsoft.AspNetCore.Mvc.Razor.RazorView.RenderAsync(ViewContext context)
   at Microsoft.AspNetCore.Mvc.ViewFeatures.ViewExecutor.ExecuteAsync(ViewContext viewContext, String contentType, Nullable`1 statusCode)
   at Microsoft.AspNetCore.Mvc.ViewFeatures.ViewExecutor.ExecuteAsync(ViewContext viewContext, String contentType, Nullable`1 statusCode)
   at Microsoft.AspNetCore.Mvc.Infrastructure.ResourceInvoker.<InvokeNextResultFilterAsync>g__Awaited|30_0[TFilter,TFilterAsync](ResourceInvoker invoker, Task lastTask, State next, Scope scope, Object state, Boolean isCompleted)
   at Microsoft.AspNetCore.Mvc.Infrastructure.ResourceInvoker.Rethrow(ResultExecutedContextSealed context)
   at Microsoft.AspNetCore.Mvc.Infrastructure.ResourceInvoker.ResultNext[TFilter,TFilterAsync](State& next, Scope& scope, Object& state, Boolean& isCompleted)
   at Microsoft.AspNetCore.Mvc.Infrastructure.ResourceInvoker.<InvokeResultFilters>g__Awaited|28_0(ResourceInvoker invoker, Task lastTask, State next, Scope scope, Object state, Boolean isCompleted)
   at Microsoft.AspNetCore.Mvc.Infrastructure.ResourceInvoker.<InvokeNextResourceFilter>g__Awaited|25_0(ResourceInvoker invoker, Task lastTask, State next, Scope scope, Object state, Boolean isCompleted)
   at Microsoft.AspNetCore.Mvc.Infrastructure.ResourceInvoker.Rethrow(ResourceExecutedContextSealed context)
   at Microsoft.AspNetCore.Mvc.Infrastructure.ResourceInvoker.Next(State& next, Scope& scope, Object& state, Boolean& isCompleted)
   at Microsoft.AspNetCore.Mvc.Infrastructure.ResourceInvoker.<InvokeFilterPipelineAsync>g__Awaited|20_0(ResourceInvoker invoker, Task lastTask, State next, Scope scope, Object state, Boolean isCompleted)
   at Microsoft.AspNetCore.Mvc.Infrastructure.ResourceInvoker.<InvokeAsync>g__Awaited|17_0(ResourceInvoker invoker, Task task, IDisposable scope)
   at Microsoft.AspNetCore.Mvc.Infrastructure.ResourceInvoker.<InvokeAsync>g__Awaited|17_0(ResourceInvoker invoker, Task task, IDisposable scope)
   at SixLabors.ImageSharp.Web.Middleware.ImageSharpMiddleware.Invoke(HttpContext httpContext, Boolean retry)
   at Microsoft.AspNetCore.Authorization.AuthorizationMiddleware.Invoke(HttpContext context)
   at OrchardCore.Liquid.ScriptsMiddleware.Invoke(HttpContext httpContext)
   at Microsoft.AspNetCore.Authentication.AuthenticationMiddleware.Invoke(HttpContext context)
   at OrchardCore.Diagnostics.DiagnosticsStartupFilter.<>c__DisplayClass3_0.<<Configure>b__1>d.MoveNext()
--- End of stack trace from previous location ---
   at Microsoft.AspNetCore.Diagnostics.StatusCodePagesMiddleware.Invoke(HttpContext context)
   at OrchardCore.ContentPreview.PreviewStartupFilter.<>c.<<Configure>b__0_1>d.MoveNext()
--- End of stack trace from previous location ---
   at OrchardCore.Users.Services.ExternalAuthenticationsStartupFilter.<>c.<<Configure>b__0_1>d.MoveNext()
--- End of stack trace from previous location ---
   at OrchardCore.Modules.ModularTenantRouterMiddleware.Invoke(HttpContext httpContext)
   at OrchardCore.Modules.ModularTenantContainerMiddleware.<>c__DisplayClass4_0.<<Invoke>b__0>d.MoveNext()
--- End of stack trace from previous location ---
   at OrchardCore.Environment.Shell.Scope.ShellScope.UsingAsync(Func`2 execute, Boolean activateShell)
   at OrchardCore.Environment.Shell.Scope.ShellScope.UsingAsync(Func`2 execute, Boolean activateShell)
   at OrchardCore.Environment.Shell.Scope.ShellScope.UsingAsync(Func`2 execute, Boolean activateShell)
   at OrchardCore.Environment.Shell.Scope.ShellScope.UsingAsync(Func`2 execute, Boolean activateShell)
   at OrchardCore.Environment.Shell.Scope.ShellScope.UsingAsync(Func`2 execute, Boolean activateShell)
   at OrchardCore.Modules.ModularTenantContainerMiddleware.Invoke(HttpContext httpContext)
   at Microsoft.AspNetCore.Authentication.AuthenticationMiddleware.Invoke(HttpContext context)
   at Microsoft.AspNetCore.Diagnostics.DeveloperExceptionPageMiddlewareImpl.Invoke(HttpContext context)    at Microsoft.AspNetCore.Mvc.ViewFeatures.ViewDataDictionary.EnsureCompatible(Object value)
   at lambda_method145(Closure, ViewDataDictionary)
   at Microsoft.AspNetCore.Mvc.Razor.RazorPagePropertyActivator.Activate(Object page, ViewContext context)
   at Microsoft.AspNetCore.Mvc.Razor.RazorView.RenderPageCoreAsync(IRazorPage page, ViewContext context)
   at Microsoft.AspNetCore.Mvc.Razor.RazorView.RenderPageAsync(IRazorPage page, ViewContext context, Boolean invokeViewStarts)
   at Microsoft.AspNetCore.Mvc.Razor.RazorView.RenderAsync(ViewContext context)
   at Microsoft.AspNetCore.Mvc.ViewFeatures.HtmlHelper.RenderPartialCoreAsync(String partialViewName, Object model, ViewDataDictionary viewData, TextWriter writer)
   at Microsoft.AspNetCore.Mvc.ViewFeatures.HtmlHelper.PartialAsync(String partialViewName, Object model, ViewDataDictionary viewData)
   at AspNetCoreGeneratedDocument.Pages_Home_Index.ExecuteAsync() in C:\Users\Wanwi\OneDrive\Desktop\TechVerse\TechVerse.Cms\Pages\Home\Index.cshtml:line 38
   at Microsoft.AspNetCore.Mvc.Razor.RazorView.RenderPageCoreAsync(IRazorPage page, ViewContext context)
   at Microsoft.AspNetCore.Mvc.Razor.RazorView.RenderPageAsync(IRazorPage page, ViewContext context, Boolean invokeViewStarts)
   at Microsoft.AspNetCore.Mvc.Razor.RazorView.RenderAsync(ViewContext context)
   at Microsoft.AspNetCore.Mvc.ViewFeatures.ViewExecutor.ExecuteAsync(ViewContext viewContext, String contentType, Nullable`1 statusCode)
   at Microsoft.AspNetCore.Mvc.ViewFeatures.ViewExecutor.ExecuteAsync(ViewContext viewContext, String contentType, Nullable`1 statusCode)
   at Microsoft.AspNetCore.Mvc.Infrastructure.ResourceInvoker.<InvokeNextResultFilterAsync>g__Awaited|30_0[TFilter,TFilterAsync](ResourceInvoker invoker, Task lastTask, State next, Scope scope, Object state, Boolean isCompleted)
   at Microsoft.AspNetCore.Mvc.Infrastructure.ResourceInvoker.Rethrow(ResultExecutedContextSealed context)
   at Microsoft.AspNetCore.Mvc.Infrastructure.ResourceInvoker.ResultNext[TFilter,TFilterAsync](State& next, Scope& scope, Object& state, Boolean& isCompleted)
   at Microsoft.AspNetCore.Mvc.Infrastructure.ResourceInvoker.<InvokeResultFilters>g__Awaited|28_0(ResourceInvoker invoker, Task lastTask, State next, Scope scope, Object state, Boolean isCompleted)
   at Microsoft.AspNetCore.Mvc.Infrastructure.ResourceInvoker.<InvokeNextResourceFilter>g__Awaited|25_0(ResourceInvoker invoker, Task lastTask, State next, Scope scope, Object state, Boolean isCompleted)
   at Microsoft.AspNetCore.Mvc.Infrastructure.ResourceInvoker.Rethrow(ResourceExecutedContextSealed context)
   at Microsoft.AspNetCore.Mvc.Infrastructure.ResourceInvoker.Next(State& next, Scope& scope, Object& state, Boolean& isCompleted)
   at Microsoft.AspNetCore.Mvc.Infrastructure.ResourceInvoker.<InvokeFilterPipelineAsync>g__Awaited|20_0(ResourceInvoker invoker, Task lastTask, State next, Scope scope, Object state, Boolean isCompleted)
   at Microsoft.AspNetCore.Mvc.Infrastructure.ResourceInvoker.<InvokeAsync>g__Awaited|17_0(ResourceInvoker invoker, Task task, IDisposable scope)
   at Microsoft.AspNetCore.Mvc.Infrastructure.ResourceInvoker.<InvokeAsync>g__Awaited|17_0(ResourceInvoker invoker, Task task, IDisposable scope)
   at SixLabors.ImageSharp.Web.Middleware.ImageSharpMiddleware.Invoke(HttpContext httpContext, Boolean retry)
   at Microsoft.AspNetCore.Authorization.AuthorizationMiddleware.Invoke(HttpContext context)
   at OrchardCore.Liquid.ScriptsMiddleware.Invoke(HttpContext httpContext)
   at Microsoft.AspNetCore.Authentication.AuthenticationMiddleware.Invoke(HttpContext context)
   at OrchardCore.Diagnostics.DiagnosticsStartupFilter.<>c__DisplayClass3_0.<<Configure>b__1>d.MoveNext()
--- End of stack trace from previous location ---
   at Microsoft.AspNetCore.Diagnostics.StatusCodePagesMiddleware.Invoke(HttpContext context)
   at OrchardCore.ContentPreview.PreviewStartupFilter.<>c.<<Configure>b__0_1>d.MoveNext()
--- End of stack trace from previous location ---
   at OrchardCore.Users.Services.ExternalAuthenticationsStartupFilter.<>c.<<Configure>b__0_1>d.MoveNext()
--- End of stack trace from previous location ---
   at OrchardCore.Modules.ModularTenantRouterMiddleware.Invoke(HttpContext httpContext)
   at OrchardCore.Modules.ModularTenantContainerMiddleware.<>c__DisplayClass4_0.<<Invoke>b__0>d.MoveNext()
--- End of stack trace from previous location ---
   at OrchardCore.Environment.Shell.Scope.ShellScope.UsingAsync(Func`2 execute, Boolean activateShell)
   at OrchardCore.Environment.Shell.Scope.ShellScope.UsingAsync(Func`2 execute, Boolean activateShell)
   at OrchardCore.Environment.Shell.Scope.ShellScope.UsingAsync(Func`2 execute, Boolean activateShell)
   at OrchardCore.Environment.Shell.Scope.ShellScope.UsingAsync(Func`2 execute, Boolean activateShell)
   at OrchardCore.Environment.Shell.Scope.ShellScope.UsingAsync(Func`2 execute, Boolean activateShell)
   at OrchardCore.Modules.ModularTenantContainerMiddleware.Invoke(HttpContext httpContext)
   at Microsoft.AspNetCore.Authentication.AuthenticationMiddleware.Invoke(HttpContext context)
   at Microsoft.AspNetCore.Diagnostics.DeveloperExceptionPageMiddlewareImpl.Invoke(HttpContext context)
2026-01-05 15:31:15.9655|Default|00-e738af68a43ce08946ca2aace3adad80-6737c86bc0a511d7-00|1|Microsoft.AspNetCore.Diagnostics.DeveloperExceptionPageMiddleware|ERROR|An unhandled exception has occurred while executing the request. System.InvalidOperationException: The model item passed into the ViewDataDictionary is of type 'TechVerse.Cms.Pages.Widgets.Partials._NewsWidgetModel', but this ViewDataDictionary instance requires a model item of type 'TechVerse.Cms.Pages.Widgets.Partials._ProductHighlightModel'.
   at Microsoft.AspNetCore.Mvc.ViewFeatures.ViewDataDictionary.EnsureCompatible(Object value)
   at lambda_method145(Closure, ViewDataDictionary)
   at Microsoft.AspNetCore.Mvc.Razor.RazorPagePropertyActivator.Activate(Object page, ViewContext context)
   at Microsoft.AspNetCore.Mvc.Razor.RazorView.RenderPageCoreAsync(IRazorPage page, ViewContext context)
   at Microsoft.AspNetCore.Mvc.Razor.RazorView.RenderPageAsync(IRazorPage page, ViewContext context, Boolean invokeViewStarts)
   at Microsoft.AspNetCore.Mvc.Razor.RazorView.RenderAsync(ViewContext context)
   at Microsoft.AspNetCore.Mvc.ViewFeatures.HtmlHelper.RenderPartialCoreAsync(String partialViewName, Object model, ViewDataDictionary viewData, TextWriter writer)
   at Microsoft.AspNetCore.Mvc.ViewFeatures.HtmlHelper.PartialAsync(String partialViewName, Object model, ViewDataDictionary viewData)
   at AspNetCoreGeneratedDocument.Pages_Home_Index.ExecuteAsync() in C:\Users\Wanwi\OneDrive\Desktop\TechVerse\TechVerse.Cms\Pages\Home\Index.cshtml:line 38
   at Microsoft.AspNetCore.Mvc.Razor.RazorView.RenderPageCoreAsync(IRazorPage page, ViewContext context)
   at Microsoft.AspNetCore.Mvc.Razor.RazorView.RenderPageAsync(IRazorPage page, ViewContext context, Boolean invokeViewStarts)
   at Microsoft.AspNetCore.Mvc.Razor.RazorView.RenderAsync(ViewContext context)
   at Microsoft.AspNetCore.Mvc.ViewFeatures.ViewExecutor.ExecuteAsync(ViewContext viewContext, String contentType, Nullable`1 statusCode)
   at Microsoft.AspNetCore.Mvc.ViewFeatures.ViewExecutor.ExecuteAsync(ViewContext viewContext, String contentType, Nullable`1 statusCode)
   at Microsoft.AspNetCore.Mvc.Infrastructure.ResourceInvoker.<InvokeNextResultFilterAsync>g__Awaited|30_0[TFilter,TFilterAsync](ResourceInvoker invoker, Task lastTask, State next, Scope scope, Object state, Boolean isCompleted)
   at Microsoft.AspNetCore.Mvc.Infrastructure.ResourceInvoker.Rethrow(ResultExecutedContextSealed context)
   at Microsoft.AspNetCore.Mvc.Infrastructure.ResourceInvoker.ResultNext[TFilter,TFilterAsync](State& next, Scope& scope, Object& state, Boolean& isCompleted)
   at Microsoft.AspNetCore.Mvc.Infrastructure.ResourceInvoker.<InvokeResultFilters>g__Awaited|28_0(ResourceInvoker invoker, Task lastTask, State next, Scope scope, Object state, Boolean isCompleted)
   at Microsoft.AspNetCore.Mvc.Infrastructure.ResourceInvoker.<InvokeNextResourceFilter>g__Awaited|25_0(ResourceInvoker invoker, Task lastTask, State next, Scope scope, Object state, Boolean isCompleted)
   at Microsoft.AspNetCore.Mvc.Infrastructure.ResourceInvoker.Rethrow(ResourceExecutedContextSealed context)
   at Microsoft.AspNetCore.Mvc.Infrastructure.ResourceInvoker.Next(State& next, Scope& scope, Object& state, Boolean& isCompleted)
   at Microsoft.AspNetCore.Mvc.Infrastructure.ResourceInvoker.<InvokeFilterPipelineAsync>g__Awaited|20_0(ResourceInvoker invoker, Task lastTask, State next, Scope scope, Object state, Boolean isCompleted)
   at Microsoft.AspNetCore.Mvc.Infrastructure.ResourceInvoker.<InvokeAsync>g__Awaited|17_0(ResourceInvoker invoker, Task task, IDisposable scope)
   at Microsoft.AspNetCore.Mvc.Infrastructure.ResourceInvoker.<InvokeAsync>g__Awaited|17_0(ResourceInvoker invoker, Task task, IDisposable scope)
   at SixLabors.ImageSharp.Web.Middleware.ImageSharpMiddleware.Invoke(HttpContext httpContext, Boolean retry)
   at Microsoft.AspNetCore.Authorization.AuthorizationMiddleware.Invoke(HttpContext context)
   at OrchardCore.Liquid.ScriptsMiddleware.Invoke(HttpContext httpContext)
   at Microsoft.AspNetCore.Authentication.AuthenticationMiddleware.Invoke(HttpContext context)
   at OrchardCore.Diagnostics.DiagnosticsStartupFilter.<>c__DisplayClass3_0.<<Configure>b__1>d.MoveNext()
--- End of stack trace from previous location ---
   at Microsoft.AspNetCore.Diagnostics.StatusCodePagesMiddleware.Invoke(HttpContext context)
   at OrchardCore.ContentPreview.PreviewStartupFilter.<>c.<<Configure>b__0_1>d.MoveNext()
--- End of stack trace from previous location ---
   at OrchardCore.Users.Services.ExternalAuthenticationsStartupFilter.<>c.<<Configure>b__0_1>d.MoveNext()
--- End of stack trace from previous location ---
   at OrchardCore.Modules.ModularTenantRouterMiddleware.Invoke(HttpContext httpContext)
   at OrchardCore.Modules.ModularTenantContainerMiddleware.<>c__DisplayClass4_0.<<Invoke>b__0>d.MoveNext()
--- End of stack trace from previous location ---
   at OrchardCore.Environment.Shell.Scope.ShellScope.UsingAsync(Func`2 execute, Boolean activateShell)
   at OrchardCore.Environment.Shell.Scope.ShellScope.UsingAsync(Func`2 execute, Boolean activateShell)
   at OrchardCore.Environment.Shell.Scope.ShellScope.UsingAsync(Func`2 execute, Boolean activateShell)
   at OrchardCore.Environment.Shell.Scope.ShellScope.UsingAsync(Func`2 execute, Boolean activateShell)
   at OrchardCore.Environment.Shell.Scope.ShellScope.UsingAsync(Func`2 execute, Boolean activateShell)
   at OrchardCore.Modules.ModularTenantContainerMiddleware.Invoke(HttpContext httpContext)
   at Microsoft.AspNetCore.Authentication.AuthenticationMiddleware.Invoke(HttpContext context)
   at Microsoft.AspNetCore.Diagnostics.DeveloperExceptionPageMiddlewareImpl.Invoke(HttpContext context)    at Microsoft.AspNetCore.Mvc.ViewFeatures.ViewDataDictionary.EnsureCompatible(Object value)
   at lambda_method145(Closure, ViewDataDictionary)
   at Microsoft.AspNetCore.Mvc.Razor.RazorPagePropertyActivator.Activate(Object page, ViewContext context)
   at Microsoft.AspNetCore.Mvc.Razor.RazorView.RenderPageCoreAsync(IRazorPage page, ViewContext context)
   at Microsoft.AspNetCore.Mvc.Razor.RazorView.RenderPageAsync(IRazorPage page, ViewContext context, Boolean invokeViewStarts)
   at Microsoft.AspNetCore.Mvc.Razor.RazorView.RenderAsync(ViewContext context)
   at Microsoft.AspNetCore.Mvc.ViewFeatures.HtmlHelper.RenderPartialCoreAsync(String partialViewName, Object model, ViewDataDictionary viewData, TextWriter writer)
   at Microsoft.AspNetCore.Mvc.ViewFeatures.HtmlHelper.PartialAsync(String partialViewName, Object model, ViewDataDictionary viewData)
   at AspNetCoreGeneratedDocument.Pages_Home_Index.ExecuteAsync() in C:\Users\Wanwi\OneDrive\Desktop\TechVerse\TechVerse.Cms\Pages\Home\Index.cshtml:line 38
   at Microsoft.AspNetCore.Mvc.Razor.RazorView.RenderPageCoreAsync(IRazorPage page, ViewContext context)
   at Microsoft.AspNetCore.Mvc.Razor.RazorView.RenderPageAsync(IRazorPage page, ViewContext context, Boolean invokeViewStarts)
   at Microsoft.AspNetCore.Mvc.Razor.RazorView.RenderAsync(ViewContext context)
   at Microsoft.AspNetCore.Mvc.ViewFeatures.ViewExecutor.ExecuteAsync(ViewContext viewContext, String contentType, Nullable`1 statusCode)
   at Microsoft.AspNetCore.Mvc.ViewFeatures.ViewExecutor.ExecuteAsync(ViewContext viewContext, String contentType, Nullable`1 statusCode)
   at Microsoft.AspNetCore.Mvc.Infrastructure.ResourceInvoker.<InvokeNextResultFilterAsync>g__Awaited|30_0[TFilter,TFilterAsync](ResourceInvoker invoker, Task lastTask, State next, Scope scope, Object state, Boolean isCompleted)
   at Microsoft.AspNetCore.Mvc.Infrastructure.ResourceInvoker.Rethrow(ResultExecutedContextSealed context)
   at Microsoft.AspNetCore.Mvc.Infrastructure.ResourceInvoker.ResultNext[TFilter,TFilterAsync](State& next, Scope& scope, Object& state, Boolean& isCompleted)
   at Microsoft.AspNetCore.Mvc.Infrastructure.ResourceInvoker.<InvokeResultFilters>g__Awaited|28_0(ResourceInvoker invoker, Task lastTask, State next, Scope scope, Object state, Boolean isCompleted)
   at Microsoft.AspNetCore.Mvc.Infrastructure.ResourceInvoker.<InvokeNextResourceFilter>g__Awaited|25_0(ResourceInvoker invoker, Task lastTask, State next, Scope scope, Object state, Boolean isCompleted)
   at Microsoft.AspNetCore.Mvc.Infrastructure.ResourceInvoker.Rethrow(ResourceExecutedContextSealed context)
   at Microsoft.AspNetCore.Mvc.Infrastructure.ResourceInvoker.Next(State& next, Scope& scope, Object& state, Boolean& isCompleted)
   at Microsoft.AspNetCore.Mvc.Infrastructure.ResourceInvoker.<InvokeFilterPipelineAsync>g__Awaited|20_0(ResourceInvoker invoker, Task lastTask, State next, Scope scope, Object state, Boolean isCompleted)
   at Microsoft.AspNetCore.Mvc.Infrastructure.ResourceInvoker.<InvokeAsync>g__Awaited|17_0(ResourceInvoker invoker, Task task, IDisposable scope)
   at Microsoft.AspNetCore.Mvc.Infrastructure.ResourceInvoker.<InvokeAsync>g__Awaited|17_0(ResourceInvoker invoker, Task task, IDisposable scope)
   at SixLabors.ImageSharp.Web.Middleware.ImageSharpMiddleware.Invoke(HttpContext httpContext, Boolean retry)
   at Microsoft.AspNetCore.Authorization.AuthorizationMiddleware.Invoke(HttpContext context)
   at OrchardCore.Liquid.ScriptsMiddleware.Invoke(HttpContext httpContext)
   at Microsoft.AspNetCore.Authentication.AuthenticationMiddleware.Invoke(HttpContext context)
   at OrchardCore.Diagnostics.DiagnosticsStartupFilter.<>c__DisplayClass3_0.<<Configure>b__1>d.MoveNext()
--- End of stack trace from previous location ---
   at Microsoft.AspNetCore.Diagnostics.StatusCodePagesMiddleware.Invoke(HttpContext context)
   at OrchardCore.ContentPreview.PreviewStartupFilter.<>c.<<Configure>b__0_1>d.MoveNext()
--- End of stack trace from previous location ---
   at OrchardCore.Users.Services.ExternalAuthenticationsStartupFilter.<>c.<<Configure>b__0_1>d.MoveNext()
--- End of stack trace from previous location ---
   at OrchardCore.Modules.ModularTenantRouterMiddleware.Invoke(HttpContext httpContext)
   at OrchardCore.Modules.ModularTenantContainerMiddleware.<>c__DisplayClass4_0.<<Invoke>b__0>d.MoveNext()
--- End of stack trace from previous location ---
   at OrchardCore.Environment.Shell.Scope.ShellScope.UsingAsync(Func`2 execute, Boolean activateShell)
   at OrchardCore.Environment.Shell.Scope.ShellScope.UsingAsync(Func`2 execute, Boolean activateShell)
   at OrchardCore.Environment.Shell.Scope.ShellScope.UsingAsync(Func`2 execute, Boolean activateShell)
   at OrchardCore.Environment.Shell.Scope.ShellScope.UsingAsync(Func`2 execute, Boolean activateShell)
   at OrchardCore.Environment.Shell.Scope.ShellScope.UsingAsync(Func`2 execute, Boolean activateShell)
   at OrchardCore.Modules.ModularTenantContainerMiddleware.Invoke(HttpContext httpContext)
   at Microsoft.AspNetCore.Authentication.AuthenticationMiddleware.Invoke(HttpContext context)
   at Microsoft.AspNetCore.Diagnostics.DeveloperExceptionPageMiddlewareImpl.Invoke(HttpContext context)
2026-01-05 15:32:27.6459||||Microsoft.Hosting.Lifetime|INFO|Application started. Press Ctrl+C to shut down. 
2026-01-05 15:32:27.7000||||Microsoft.Hosting.Lifetime|INFO|Hosting environment: Development 
2026-01-05 15:32:27.7083||||Microsoft.Hosting.Lifetime|INFO|Content root path: C:\Users\Wanwi\OneDrive\Desktop\TechVerse\TechVerse.Cms 
2026-01-05 15:32:42.4536|Default|00-55968ea74f8ee0398b7ac27b0d22c8dd-08abd0b140a7561e-00|1|Microsoft.AspNetCore.Diagnostics.DeveloperExceptionPageMiddleware|ERROR|An unhandled exception has occurred while executing the request. System.InvalidOperationException: The partial view '/Pages/Widgets/Partials/_NewsWidgetModel.cshtml' was not found. The following locations were searched:
/Pages/Widgets/Partials/_NewsWidgetModel.cshtml
   at Microsoft.AspNetCore.Mvc.ViewFeatures.HtmlHelper.RenderPartialCoreAsync(String partialViewName, Object model, ViewDataDictionary viewData, TextWriter writer)
   at Microsoft.AspNetCore.Mvc.ViewFeatures.HtmlHelper.PartialAsync(String partialViewName, Object model, ViewDataDictionary viewData)
   at AspNetCoreGeneratedDocument.Pages_Home_Index.ExecuteAsync() in C:\Users\Wanwi\OneDrive\Desktop\TechVerse\TechVerse.Cms\Pages\Home\Index.cshtml:line 38
   at Microsoft.AspNetCore.Mvc.Razor.RazorView.RenderPageCoreAsync(IRazorPage page, ViewContext context)
   at Microsoft.AspNetCore.Mvc.Razor.RazorView.RenderPageAsync(IRazorPage page, ViewContext context, Boolean invokeViewStarts)
   at Microsoft.AspNetCore.Mvc.Razor.RazorView.RenderAsync(ViewContext context)
   at Microsoft.AspNetCore.Mvc.ViewFeatures.ViewExecutor.ExecuteAsync(ViewContext viewContext, String contentType, Nullable`1 statusCode)
   at Microsoft.AspNetCore.Mvc.ViewFeatures.ViewExecutor.ExecuteAsync(ViewContext viewContext, String contentType, Nullable`1 statusCode)
   at Microsoft.AspNetCore.Mvc.Infrastructure.ResourceInvoker.<InvokeNextResultFilterAsync>g__Awaited|30_0[TFilter,TFilterAsync](ResourceInvoker invoker, Task lastTask, State next, Scope scope, Object state, Boolean isCompleted)
   at Microsoft.AspNetCore.Mvc.Infrastructure.ResourceInvoker.Rethrow(ResultExecutedContextSealed context)
   at Microsoft.AspNetCore.Mvc.Infrastructure.ResourceInvoker.ResultNext[TFilter,TFilterAsync](State& next, Scope& scope, Object& state, Boolean& isCompleted)
   at Microsoft.AspNetCore.Mvc.Infrastructure.ResourceInvoker.<InvokeResultFilters>g__Awaited|28_0(ResourceInvoker invoker, Task lastTask, State next, Scope scope, Object state, Boolean isCompleted)
   at Microsoft.AspNetCore.Mvc.Infrastructure.ResourceInvoker.<InvokeNextResourceFilter>g__Awaited|25_0(ResourceInvoker invoker, Task lastTask, State next, Scope scope, Object state, Boolean isCompleted)
   at Microsoft.AspNetCore.Mvc.Infrastructure.ResourceInvoker.Rethrow(ResourceExecutedContextSealed context)
   at Microsoft.AspNetCore.Mvc.Infrastructure.ResourceInvoker.Next(State& next, Scope& scope, Object& state, Boolean& isCompleted)
   at Microsoft.AspNetCore.Mvc.Infrastructure.ResourceInvoker.<InvokeFilterPipelineAsync>g__Awaited|20_0(ResourceInvoker invoker, Task lastTask, State next, Scope scope, Object state, Boolean isCompleted)
   at Microsoft.AspNetCore.Mvc.Infrastructure.ResourceInvoker.<InvokeAsync>g__Awaited|17_0(ResourceInvoker invoker, Task task, IDisposable scope)
   at Microsoft.AspNetCore.Mvc.Infrastructure.ResourceInvoker.<InvokeAsync>g__Awaited|17_0(ResourceInvoker invoker, Task task, IDisposable scope)
   at SixLabors.ImageSharp.Web.Middleware.ImageSharpMiddleware.Invoke(HttpContext httpContext, Boolean retry)
   at Microsoft.AspNetCore.Authorization.AuthorizationMiddleware.Invoke(HttpContext context)
   at OrchardCore.Liquid.ScriptsMiddleware.Invoke(HttpContext httpContext)
   at Microsoft.AspNetCore.Authentication.AuthenticationMiddleware.Invoke(HttpContext context)
   at OrchardCore.Diagnostics.DiagnosticsStartupFilter.<>c__DisplayClass3_0.<<Configure>b__1>d.MoveNext()
--- End of stack trace from previous location ---
   at Microsoft.AspNetCore.Diagnostics.StatusCodePagesMiddleware.Invoke(HttpContext context)
   at OrchardCore.ContentPreview.PreviewStartupFilter.<>c.<<Configure>b__0_1>d.MoveNext()
--- End of stack trace from previous location ---
   at OrchardCore.Users.Services.ExternalAuthenticationsStartupFilter.<>c.<<Configure>b__0_1>d.MoveNext()
--- End of stack trace from previous location ---
   at OrchardCore.Modules.ModularTenantRouterMiddleware.Invoke(HttpContext httpContext)
   at OrchardCore.Modules.ModularTenantContainerMiddleware.<>c__DisplayClass4_0.<<Invoke>b__0>d.MoveNext()
--- End of stack trace from previous location ---
   at OrchardCore.Environment.Shell.Scope.ShellScope.UsingAsync(Func`2 execute, Boolean activateShell)
   at OrchardCore.Environment.Shell.Scope.ShellScope.UsingAsync(Func`2 execute, Boolean activateShell)
   at OrchardCore.Environment.Shell.Scope.ShellScope.UsingAsync(Func`2 execute, Boolean activateShell)
   at OrchardCore.Environment.Shell.Scope.ShellScope.UsingAsync(Func`2 execute, Boolean activateShell)
   at OrchardCore.Environment.Shell.Scope.ShellScope.UsingAsync(Func`2 execute, Boolean activateShell)
   at OrchardCore.Modules.ModularTenantContainerMiddleware.Invoke(HttpContext httpContext)
   at Microsoft.AspNetCore.Authentication.AuthenticationMiddleware.Invoke(HttpContext context)
   at Microsoft.AspNetCore.Diagnostics.DeveloperExceptionPageMiddlewareImpl.Invoke(HttpContext context)    at Microsoft.AspNetCore.Mvc.ViewFeatures.HtmlHelper.RenderPartialCoreAsync(String partialViewName, Object model, ViewDataDictionary viewData, TextWriter writer)
   at Microsoft.AspNetCore.Mvc.ViewFeatures.HtmlHelper.PartialAsync(String partialViewName, Object model, ViewDataDictionary viewData)
   at AspNetCoreGeneratedDocument.Pages_Home_Index.ExecuteAsync() in C:\Users\Wanwi\OneDrive\Desktop\TechVerse\TechVerse.Cms\Pages\Home\Index.cshtml:line 38
   at Microsoft.AspNetCore.Mvc.Razor.RazorView.RenderPageCoreAsync(IRazorPage page, ViewContext context)
   at Microsoft.AspNetCore.Mvc.Razor.RazorView.RenderPageAsync(IRazorPage page, ViewContext context, Boolean invokeViewStarts)
   at Microsoft.AspNetCore.Mvc.Razor.RazorView.RenderAsync(ViewContext context)
   at Microsoft.AspNetCore.Mvc.ViewFeatures.ViewExecutor.ExecuteAsync(ViewContext viewContext, String contentType, Nullable`1 statusCode)
   at Microsoft.AspNetCore.Mvc.ViewFeatures.ViewExecutor.ExecuteAsync(ViewContext viewContext, String contentType, Nullable`1 statusCode)
   at Microsoft.AspNetCore.Mvc.Infrastructure.ResourceInvoker.<InvokeNextResultFilterAsync>g__Awaited|30_0[TFilter,TFilterAsync](ResourceInvoker invoker, Task lastTask, State next, Scope scope, Object state, Boolean isCompleted)
   at Microsoft.AspNetCore.Mvc.Infrastructure.ResourceInvoker.Rethrow(ResultExecutedContextSealed context)
   at Microsoft.AspNetCore.Mvc.Infrastructure.ResourceInvoker.ResultNext[TFilter,TFilterAsync](State& next, Scope& scope, Object& state, Boolean& isCompleted)
   at Microsoft.AspNetCore.Mvc.Infrastructure.ResourceInvoker.<InvokeResultFilters>g__Awaited|28_0(ResourceInvoker invoker, Task lastTask, State next, Scope scope, Object state, Boolean isCompleted)
   at Microsoft.AspNetCore.Mvc.Infrastructure.ResourceInvoker.<InvokeNextResourceFilter>g__Awaited|25_0(ResourceInvoker invoker, Task lastTask, State next, Scope scope, Object state, Boolean isCompleted)
   at Microsoft.AspNetCore.Mvc.Infrastructure.ResourceInvoker.Rethrow(ResourceExecutedContextSealed context)
   at Microsoft.AspNetCore.Mvc.Infrastructure.ResourceInvoker.Next(State& next, Scope& scope, Object& state, Boolean& isCompleted)
   at Microsoft.AspNetCore.Mvc.Infrastructure.ResourceInvoker.<InvokeFilterPipelineAsync>g__Awaited|20_0(ResourceInvoker invoker, Task lastTask, State next, Scope scope, Object state, Boolean isCompleted)
   at Microsoft.AspNetCore.Mvc.Infrastructure.ResourceInvoker.<InvokeAsync>g__Awaited|17_0(ResourceInvoker invoker, Task task, IDisposable scope)
   at Microsoft.AspNetCore.Mvc.Infrastructure.ResourceInvoker.<InvokeAsync>g__Awaited|17_0(ResourceInvoker invoker, Task task, IDisposable scope)
   at SixLabors.ImageSharp.Web.Middleware.ImageSharpMiddleware.Invoke(HttpContext httpContext, Boolean retry)
   at Microsoft.AspNetCore.Authorization.AuthorizationMiddleware.Invoke(HttpContext context)
   at OrchardCore.Liquid.ScriptsMiddleware.Invoke(HttpContext httpContext)
   at Microsoft.AspNetCore.Authentication.AuthenticationMiddleware.Invoke(HttpContext context)
   at OrchardCore.Diagnostics.DiagnosticsStartupFilter.<>c__DisplayClass3_0.<<Configure>b__1>d.MoveNext()
--- End of stack trace from previous location ---
   at Microsoft.AspNetCore.Diagnostics.StatusCodePagesMiddleware.Invoke(HttpContext context)
   at OrchardCore.ContentPreview.PreviewStartupFilter.<>c.<<Configure>b__0_1>d.MoveNext()
--- End of stack trace from previous location ---
   at OrchardCore.Users.Services.ExternalAuthenticationsStartupFilter.<>c.<<Configure>b__0_1>d.MoveNext()
--- End of stack trace from previous location ---
   at OrchardCore.Modules.ModularTenantRouterMiddleware.Invoke(HttpContext httpContext)
   at OrchardCore.Modules.ModularTenantContainerMiddleware.<>c__DisplayClass4_0.<<Invoke>b__0>d.MoveNext()
--- End of stack trace from previous location ---
   at OrchardCore.Environment.Shell.Scope.ShellScope.UsingAsync(Func`2 execute, Boolean activateShell)
   at OrchardCore.Environment.Shell.Scope.ShellScope.UsingAsync(Func`2 execute, Boolean activateShell)
   at OrchardCore.Environment.Shell.Scope.ShellScope.UsingAsync(Func`2 execute, Boolean activateShell)
   at OrchardCore.Environment.Shell.Scope.ShellScope.UsingAsync(Func`2 execute, Boolean activateShell)
   at OrchardCore.Environment.Shell.Scope.ShellScope.UsingAsync(Func`2 execute, Boolean activateShell)
   at OrchardCore.Modules.ModularTenantContainerMiddleware.Invoke(HttpContext httpContext)
   at Microsoft.AspNetCore.Authentication.AuthenticationMiddleware.Invoke(HttpContext context)
   at Microsoft.AspNetCore.Diagnostics.DeveloperExceptionPageMiddlewareImpl.Invoke(HttpContext context)
2026-01-05 15:32:42.7393|Default|00-cd239b6bdee1470815cbf8af6cf41f38-211b394c88776148-00|1|Microsoft.AspNetCore.Diagnostics.DeveloperExceptionPageMiddleware|ERROR|An unhandled exception has occurred while executing the request. System.InvalidOperationException: The partial view '/Pages/Widgets/Partials/_NewsWidgetModel.cshtml' was not found. The following locations were searched:
/Pages/Widgets/Partials/_NewsWidgetModel.cshtml
   at Microsoft.AspNetCore.Mvc.ViewFeatures.HtmlHelper.RenderPartialCoreAsync(String partialViewName, Object model, ViewDataDictionary viewData, TextWriter writer)
   at Microsoft.AspNetCore.Mvc.ViewFeatures.HtmlHelper.PartialAsync(String partialViewName, Object model, ViewDataDictionary viewData)
   at AspNetCoreGeneratedDocument.Pages_Home_Index.ExecuteAsync() in C:\Users\Wanwi\OneDrive\Desktop\TechVerse\TechVerse.Cms\Pages\Home\Index.cshtml:line 38
   at Microsoft.AspNetCore.Mvc.Razor.RazorView.RenderPageCoreAsync(IRazorPage page, ViewContext context)
   at Microsoft.AspNetCore.Mvc.Razor.RazorView.RenderPageAsync(IRazorPage page, ViewContext context, Boolean invokeViewStarts)
   at Microsoft.AspNetCore.Mvc.Razor.RazorView.RenderAsync(ViewContext context)
   at Microsoft.AspNetCore.Mvc.ViewFeatures.ViewExecutor.ExecuteAsync(ViewContext viewContext, String contentType, Nullable`1 statusCode)
   at Microsoft.AspNetCore.Mvc.ViewFeatures.ViewExecutor.ExecuteAsync(ViewContext viewContext, String contentType, Nullable`1 statusCode)
   at Microsoft.AspNetCore.Mvc.Infrastructure.ResourceInvoker.<InvokeNextResultFilterAsync>g__Awaited|30_0[TFilter,TFilterAsync](ResourceInvoker invoker, Task lastTask, State next, Scope scope, Object state, Boolean isCompleted)
   at Microsoft.AspNetCore.Mvc.Infrastructure.ResourceInvoker.Rethrow(ResultExecutedContextSealed context)
   at Microsoft.AspNetCore.Mvc.Infrastructure.ResourceInvoker.ResultNext[TFilter,TFilterAsync](State& next, Scope& scope, Object& state, Boolean& isCompleted)
   at Microsoft.AspNetCore.Mvc.Infrastructure.ResourceInvoker.<InvokeResultFilters>g__Awaited|28_0(ResourceInvoker invoker, Task lastTask, State next, Scope scope, Object state, Boolean isCompleted)
   at Microsoft.AspNetCore.Mvc.Infrastructure.ResourceInvoker.<InvokeNextResourceFilter>g__Awaited|25_0(ResourceInvoker invoker, Task lastTask, State next, Scope scope, Object state, Boolean isCompleted)
   at Microsoft.AspNetCore.Mvc.Infrastructure.ResourceInvoker.Rethrow(ResourceExecutedContextSealed context)
   at Microsoft.AspNetCore.Mvc.Infrastructure.ResourceInvoker.Next(State& next, Scope& scope, Object& state, Boolean& isCompleted)
   at Microsoft.AspNetCore.Mvc.Infrastructure.ResourceInvoker.<InvokeFilterPipelineAsync>g__Awaited|20_0(ResourceInvoker invoker, Task lastTask, State next, Scope scope, Object state, Boolean isCompleted)
   at Microsoft.AspNetCore.Mvc.Infrastructure.ResourceInvoker.<InvokeAsync>g__Awaited|17_0(ResourceInvoker invoker, Task task, IDisposable scope)
   at Microsoft.AspNetCore.Mvc.Infrastructure.ResourceInvoker.<InvokeAsync>g__Awaited|17_0(ResourceInvoker invoker, Task task, IDisposable scope)
   at SixLabors.ImageSharp.Web.Middleware.ImageSharpMiddleware.Invoke(HttpContext httpContext, Boolean retry)
   at Microsoft.AspNetCore.Authorization.AuthorizationMiddleware.Invoke(HttpContext context)
   at OrchardCore.Liquid.ScriptsMiddleware.Invoke(HttpContext httpContext)
   at Microsoft.AspNetCore.Authentication.AuthenticationMiddleware.Invoke(HttpContext context)
   at OrchardCore.Diagnostics.DiagnosticsStartupFilter.<>c__DisplayClass3_0.<<Configure>b__1>d.MoveNext()
--- End of stack trace from previous location ---
   at Microsoft.AspNetCore.Diagnostics.StatusCodePagesMiddleware.Invoke(HttpContext context)
   at OrchardCore.ContentPreview.PreviewStartupFilter.<>c.<<Configure>b__0_1>d.MoveNext()
--- End of stack trace from previous location ---
   at OrchardCore.Users.Services.ExternalAuthenticationsStartupFilter.<>c.<<Configure>b__0_1>d.MoveNext()
--- End of stack trace from previous location ---
   at OrchardCore.Modules.ModularTenantRouterMiddleware.Invoke(HttpContext httpContext)
   at OrchardCore.Modules.ModularTenantContainerMiddleware.<>c__DisplayClass4_0.<<Invoke>b__0>d.MoveNext()
--- End of stack trace from previous location ---
   at OrchardCore.Environment.Shell.Scope.ShellScope.UsingAsync(Func`2 execute, Boolean activateShell)
   at OrchardCore.Environment.Shell.Scope.ShellScope.UsingAsync(Func`2 execute, Boolean activateShell)
   at OrchardCore.Environment.Shell.Scope.ShellScope.UsingAsync(Func`2 execute, Boolean activateShell)
   at OrchardCore.Environment.Shell.Scope.ShellScope.UsingAsync(Func`2 execute, Boolean activateShell)
   at OrchardCore.Environment.Shell.Scope.ShellScope.UsingAsync(Func`2 execute, Boolean activateShell)
   at OrchardCore.Modules.ModularTenantContainerMiddleware.Invoke(HttpContext httpContext)
   at Microsoft.AspNetCore.Authentication.AuthenticationMiddleware.Invoke(HttpContext context)
   at Microsoft.AspNetCore.Diagnostics.DeveloperExceptionPageMiddlewareImpl.Invoke(HttpContext context)    at Microsoft.AspNetCore.Mvc.ViewFeatures.HtmlHelper.RenderPartialCoreAsync(String partialViewName, Object model, ViewDataDictionary viewData, TextWriter writer)
   at Microsoft.AspNetCore.Mvc.ViewFeatures.HtmlHelper.PartialAsync(String partialViewName, Object model, ViewDataDictionary viewData)
   at AspNetCoreGeneratedDocument.Pages_Home_Index.ExecuteAsync() in C:\Users\Wanwi\OneDrive\Desktop\TechVerse\TechVerse.Cms\Pages\Home\Index.cshtml:line 38
   at Microsoft.AspNetCore.Mvc.Razor.RazorView.RenderPageCoreAsync(IRazorPage page, ViewContext context)
   at Microsoft.AspNetCore.Mvc.Razor.RazorView.RenderPageAsync(IRazorPage page, ViewContext context, Boolean invokeViewStarts)
   at Microsoft.AspNetCore.Mvc.Razor.RazorView.RenderAsync(ViewContext context)
   at Microsoft.AspNetCore.Mvc.ViewFeatures.ViewExecutor.ExecuteAsync(ViewContext viewContext, String contentType, Nullable`1 statusCode)
   at Microsoft.AspNetCore.Mvc.ViewFeatures.ViewExecutor.ExecuteAsync(ViewContext viewContext, String contentType, Nullable`1 statusCode)
   at Microsoft.AspNetCore.Mvc.Infrastructure.ResourceInvoker.<InvokeNextResultFilterAsync>g__Awaited|30_0[TFilter,TFilterAsync](ResourceInvoker invoker, Task lastTask, State next, Scope scope, Object state, Boolean isCompleted)
   at Microsoft.AspNetCore.Mvc.Infrastructure.ResourceInvoker.Rethrow(ResultExecutedContextSealed context)
   at Microsoft.AspNetCore.Mvc.Infrastructure.ResourceInvoker.ResultNext[TFilter,TFilterAsync](State& next, Scope& scope, Object& state, Boolean& isCompleted)
   at Microsoft.AspNetCore.Mvc.Infrastructure.ResourceInvoker.<InvokeResultFilters>g__Awaited|28_0(ResourceInvoker invoker, Task lastTask, State next, Scope scope, Object state, Boolean isCompleted)
   at Microsoft.AspNetCore.Mvc.Infrastructure.ResourceInvoker.<InvokeNextResourceFilter>g__Awaited|25_0(ResourceInvoker invoker, Task lastTask, State next, Scope scope, Object state, Boolean isCompleted)
   at Microsoft.AspNetCore.Mvc.Infrastructure.ResourceInvoker.Rethrow(ResourceExecutedContextSealed context)
   at Microsoft.AspNetCore.Mvc.Infrastructure.ResourceInvoker.Next(State& next, Scope& scope, Object& state, Boolean& isCompleted)
   at Microsoft.AspNetCore.Mvc.Infrastructure.ResourceInvoker.<InvokeFilterPipelineAsync>g__Awaited|20_0(ResourceInvoker invoker, Task lastTask, State next, Scope scope, Object state, Boolean isCompleted)
   at Microsoft.AspNetCore.Mvc.Infrastructure.ResourceInvoker.<InvokeAsync>g__Awaited|17_0(ResourceInvoker invoker, Task task, IDisposable scope)
   at Microsoft.AspNetCore.Mvc.Infrastructure.ResourceInvoker.<InvokeAsync>g__Awaited|17_0(ResourceInvoker invoker, Task task, IDisposable scope)
   at SixLabors.ImageSharp.Web.Middleware.ImageSharpMiddleware.Invoke(HttpContext httpContext, Boolean retry)
   at Microsoft.AspNetCore.Authorization.AuthorizationMiddleware.Invoke(HttpContext context)
   at OrchardCore.Liquid.ScriptsMiddleware.Invoke(HttpContext httpContext)
   at Microsoft.AspNetCore.Authentication.AuthenticationMiddleware.Invoke(HttpContext context)
   at OrchardCore.Diagnostics.DiagnosticsStartupFilter.<>c__DisplayClass3_0.<<Configure>b__1>d.MoveNext()
--- End of stack trace from previous location ---
   at Microsoft.AspNetCore.Diagnostics.StatusCodePagesMiddleware.Invoke(HttpContext context)
   at OrchardCore.ContentPreview.PreviewStartupFilter.<>c.<<Configure>b__0_1>d.MoveNext()
--- End of stack trace from previous location ---
   at OrchardCore.Users.Services.ExternalAuthenticationsStartupFilter.<>c.<<Configure>b__0_1>d.MoveNext()
--- End of stack trace from previous location ---
   at OrchardCore.Modules.ModularTenantRouterMiddleware.Invoke(HttpContext httpContext)
   at OrchardCore.Modules.ModularTenantContainerMiddleware.<>c__DisplayClass4_0.<<Invoke>b__0>d.MoveNext()
--- End of stack trace from previous location ---
   at OrchardCore.Environment.Shell.Scope.ShellScope.UsingAsync(Func`2 execute, Boolean activateShell)
   at OrchardCore.Environment.Shell.Scope.ShellScope.UsingAsync(Func`2 execute, Boolean activateShell)
   at OrchardCore.Environment.Shell.Scope.ShellScope.UsingAsync(Func`2 execute, Boolean activateShell)
   at OrchardCore.Environment.Shell.Scope.ShellScope.UsingAsync(Func`2 execute, Boolean activateShell)
   at OrchardCore.Environment.Shell.Scope.ShellScope.UsingAsync(Func`2 execute, Boolean activateShell)
   at OrchardCore.Modules.ModularTenantContainerMiddleware.Invoke(HttpContext httpContext)
   at Microsoft.AspNetCore.Authentication.AuthenticationMiddleware.Invoke(HttpContext context)
   at Microsoft.AspNetCore.Diagnostics.DeveloperExceptionPageMiddlewareImpl.Invoke(HttpContext context)
2026-01-05 15:34:31.9635|Default|00-b30d4e3a12cb3229bbc2fe78573a99a6-b7118a302903ea19-00|1|Microsoft.AspNetCore.Diagnostics.DeveloperExceptionPageMiddleware|ERROR|An unhandled exception has occurred while executing the request. System.InvalidOperationException: The partial view '/Pages/Widgets/Partials/_NewsWidgetModel.cshtml' was not found. The following locations were searched:
/Pages/Widgets/Partials/_NewsWidgetModel.cshtml
   at Microsoft.AspNetCore.Mvc.ViewFeatures.HtmlHelper.RenderPartialCoreAsync(String partialViewName, Object model, ViewDataDictionary viewData, TextWriter writer)
   at Microsoft.AspNetCore.Mvc.ViewFeatures.HtmlHelper.PartialAsync(String partialViewName, Object model, ViewDataDictionary viewData)
   at AspNetCoreGeneratedDocument.Pages_Home_Index.ExecuteAsync() in C:\Users\Wanwi\OneDrive\Desktop\TechVerse\TechVerse.Cms\Pages\Home\Index.cshtml:line 38
   at Microsoft.AspNetCore.Mvc.Razor.RazorView.RenderPageCoreAsync(IRazorPage page, ViewContext context)
   at Microsoft.AspNetCore.Mvc.Razor.RazorView.RenderPageAsync(IRazorPage page, ViewContext context, Boolean invokeViewStarts)
   at Microsoft.AspNetCore.Mvc.Razor.RazorView.RenderAsync(ViewContext context)
   at Microsoft.AspNetCore.Mvc.ViewFeatures.ViewExecutor.ExecuteAsync(ViewContext viewContext, String contentType, Nullable`1 statusCode)
   at Microsoft.AspNetCore.Mvc.ViewFeatures.ViewExecutor.ExecuteAsync(ViewContext viewContext, String contentType, Nullable`1 statusCode)
   at Microsoft.AspNetCore.Mvc.Infrastructure.ResourceInvoker.<InvokeNextResultFilterAsync>g__Awaited|30_0[TFilter,TFilterAsync](ResourceInvoker invoker, Task lastTask, State next, Scope scope, Object state, Boolean isCompleted)
   at Microsoft.AspNetCore.Mvc.Infrastructure.ResourceInvoker.Rethrow(ResultExecutedContextSealed context)
   at Microsoft.AspNetCore.Mvc.Infrastructure.ResourceInvoker.ResultNext[TFilter,TFilterAsync](State& next, Scope& scope, Object& state, Boolean& isCompleted)
   at Microsoft.AspNetCore.Mvc.Infrastructure.ResourceInvoker.<InvokeResultFilters>g__Awaited|28_0(ResourceInvoker invoker, Task lastTask, State next, Scope scope, Object state, Boolean isCompleted)
   at Microsoft.AspNetCore.Mvc.Infrastructure.ResourceInvoker.<InvokeNextResourceFilter>g__Awaited|25_0(ResourceInvoker invoker, Task lastTask, State next, Scope scope, Object state, Boolean isCompleted)
   at Microsoft.AspNetCore.Mvc.Infrastructure.ResourceInvoker.Rethrow(ResourceExecutedContextSealed context)
   at Microsoft.AspNetCore.Mvc.Infrastructure.ResourceInvoker.Next(State& next, Scope& scope, Object& state, Boolean& isCompleted)
   at Microsoft.AspNetCore.Mvc.Infrastructure.ResourceInvoker.<InvokeFilterPipelineAsync>g__Awaited|20_0(ResourceInvoker invoker, Task lastTask, State next, Scope scope, Object state, Boolean isCompleted)
   at Microsoft.AspNetCore.Mvc.Infrastructure.ResourceInvoker.<InvokeAsync>g__Awaited|17_0(ResourceInvoker invoker, Task task, IDisposable scope)
   at Microsoft.AspNetCore.Mvc.Infrastructure.ResourceInvoker.<InvokeAsync>g__Awaited|17_0(ResourceInvoker invoker, Task task, IDisposable scope)
   at SixLabors.ImageSharp.Web.Middleware.ImageSharpMiddleware.Invoke(HttpContext httpContext, Boolean retry)
   at Microsoft.AspNetCore.Authorization.AuthorizationMiddleware.Invoke(HttpContext context)
   at OrchardCore.Liquid.ScriptsMiddleware.Invoke(HttpContext httpContext)
   at Microsoft.AspNetCore.Authentication.AuthenticationMiddleware.Invoke(HttpContext context)
   at OrchardCore.Diagnostics.DiagnosticsStartupFilter.<>c__DisplayClass3_0.<<Configure>b__1>d.MoveNext()
--- End of stack trace from previous location ---
   at Microsoft.AspNetCore.Diagnostics.StatusCodePagesMiddleware.Invoke(HttpContext context)
   at OrchardCore.ContentPreview.PreviewStartupFilter.<>c.<<Configure>b__0_1>d.MoveNext()
--- End of stack trace from previous location ---
   at OrchardCore.Users.Services.ExternalAuthenticationsStartupFilter.<>c.<<Configure>b__0_1>d.MoveNext()
--- End of stack trace from previous location ---
   at OrchardCore.Modules.ModularTenantRouterMiddleware.Invoke(HttpContext httpContext)
   at OrchardCore.Modules.ModularTenantContainerMiddleware.<>c__DisplayClass4_0.<<Invoke>b__0>d.MoveNext()
--- End of stack trace from previous location ---
   at OrchardCore.Environment.Shell.Scope.ShellScope.UsingAsync(Func`2 execute, Boolean activateShell)
   at OrchardCore.Environment.Shell.Scope.ShellScope.UsingAsync(Func`2 execute, Boolean activateShell)
   at OrchardCore.Environment.Shell.Scope.ShellScope.UsingAsync(Func`2 execute, Boolean activateShell)
   at OrchardCore.Environment.Shell.Scope.ShellScope.UsingAsync(Func`2 execute, Boolean activateShell)
   at OrchardCore.Environment.Shell.Scope.ShellScope.UsingAsync(Func`2 execute, Boolean activateShell)
   at OrchardCore.Modules.ModularTenantContainerMiddleware.Invoke(HttpContext httpContext)
   at Microsoft.AspNetCore.Authentication.AuthenticationMiddleware.Invoke(HttpContext context)
   at Microsoft.AspNetCore.Diagnostics.DeveloperExceptionPageMiddlewareImpl.Invoke(HttpContext context)    at Microsoft.AspNetCore.Mvc.ViewFeatures.HtmlHelper.RenderPartialCoreAsync(String partialViewName, Object model, ViewDataDictionary viewData, TextWriter writer)
   at Microsoft.AspNetCore.Mvc.ViewFeatures.HtmlHelper.PartialAsync(String partialViewName, Object model, ViewDataDictionary viewData)
   at AspNetCoreGeneratedDocument.Pages_Home_Index.ExecuteAsync() in C:\Users\Wanwi\OneDrive\Desktop\TechVerse\TechVerse.Cms\Pages\Home\Index.cshtml:line 38
   at Microsoft.AspNetCore.Mvc.Razor.RazorView.RenderPageCoreAsync(IRazorPage page, ViewContext context)
   at Microsoft.AspNetCore.Mvc.Razor.RazorView.RenderPageAsync(IRazorPage page, ViewContext context, Boolean invokeViewStarts)
   at Microsoft.AspNetCore.Mvc.Razor.RazorView.RenderAsync(ViewContext context)
   at Microsoft.AspNetCore.Mvc.ViewFeatures.ViewExecutor.ExecuteAsync(ViewContext viewContext, String contentType, Nullable`1 statusCode)
   at Microsoft.AspNetCore.Mvc.ViewFeatures.ViewExecutor.ExecuteAsync(ViewContext viewContext, String contentType, Nullable`1 statusCode)
   at Microsoft.AspNetCore.Mvc.Infrastructure.ResourceInvoker.<InvokeNextResultFilterAsync>g__Awaited|30_0[TFilter,TFilterAsync](ResourceInvoker invoker, Task lastTask, State next, Scope scope, Object state, Boolean isCompleted)
   at Microsoft.AspNetCore.Mvc.Infrastructure.ResourceInvoker.Rethrow(ResultExecutedContextSealed context)
   at Microsoft.AspNetCore.Mvc.Infrastructure.ResourceInvoker.ResultNext[TFilter,TFilterAsync](State& next, Scope& scope, Object& state, Boolean& isCompleted)
   at Microsoft.AspNetCore.Mvc.Infrastructure.ResourceInvoker.<InvokeResultFilters>g__Awaited|28_0(ResourceInvoker invoker, Task lastTask, State next, Scope scope, Object state, Boolean isCompleted)
   at Microsoft.AspNetCore.Mvc.Infrastructure.ResourceInvoker.<InvokeNextResourceFilter>g__Awaited|25_0(ResourceInvoker invoker, Task lastTask, State next, Scope scope, Object state, Boolean isCompleted)
   at Microsoft.AspNetCore.Mvc.Infrastructure.ResourceInvoker.Rethrow(ResourceExecutedContextSealed context)
   at Microsoft.AspNetCore.Mvc.Infrastructure.ResourceInvoker.Next(State& next, Scope& scope, Object& state, Boolean& isCompleted)
   at Microsoft.AspNetCore.Mvc.Infrastructure.ResourceInvoker.<InvokeFilterPipelineAsync>g__Awaited|20_0(ResourceInvoker invoker, Task lastTask, State next, Scope scope, Object state, Boolean isCompleted)
   at Microsoft.AspNetCore.Mvc.Infrastructure.ResourceInvoker.<InvokeAsync>g__Awaited|17_0(ResourceInvoker invoker, Task task, IDisposable scope)
   at Microsoft.AspNetCore.Mvc.Infrastructure.ResourceInvoker.<InvokeAsync>g__Awaited|17_0(ResourceInvoker invoker, Task task, IDisposable scope)
   at SixLabors.ImageSharp.Web.Middleware.ImageSharpMiddleware.Invoke(HttpContext httpContext, Boolean retry)
   at Microsoft.AspNetCore.Authorization.AuthorizationMiddleware.Invoke(HttpContext context)
   at OrchardCore.Liquid.ScriptsMiddleware.Invoke(HttpContext httpContext)
   at Microsoft.AspNetCore.Authentication.AuthenticationMiddleware.Invoke(HttpContext context)
   at OrchardCore.Diagnostics.DiagnosticsStartupFilter.<>c__DisplayClass3_0.<<Configure>b__1>d.MoveNext()
--- End of stack trace from previous location ---
   at Microsoft.AspNetCore.Diagnostics.StatusCodePagesMiddleware.Invoke(HttpContext context)
   at OrchardCore.ContentPreview.PreviewStartupFilter.<>c.<<Configure>b__0_1>d.MoveNext()
--- End of stack trace from previous location ---
   at OrchardCore.Users.Services.ExternalAuthenticationsStartupFilter.<>c.<<Configure>b__0_1>d.MoveNext()
--- End of stack trace from previous location ---
   at OrchardCore.Modules.ModularTenantRouterMiddleware.Invoke(HttpContext httpContext)
   at OrchardCore.Modules.ModularTenantContainerMiddleware.<>c__DisplayClass4_0.<<Invoke>b__0>d.MoveNext()
--- End of stack trace from previous location ---
   at OrchardCore.Environment.Shell.Scope.ShellScope.UsingAsync(Func`2 execute, Boolean activateShell)
   at OrchardCore.Environment.Shell.Scope.ShellScope.UsingAsync(Func`2 execute, Boolean activateShell)
   at OrchardCore.Environment.Shell.Scope.ShellScope.UsingAsync(Func`2 execute, Boolean activateShell)
   at OrchardCore.Environment.Shell.Scope.ShellScope.UsingAsync(Func`2 execute, Boolean activateShell)
   at OrchardCore.Environment.Shell.Scope.ShellScope.UsingAsync(Func`2 execute, Boolean activateShell)
   at OrchardCore.Modules.ModularTenantContainerMiddleware.Invoke(HttpContext httpContext)
   at Microsoft.AspNetCore.Authentication.AuthenticationMiddleware.Invoke(HttpContext context)
   at Microsoft.AspNetCore.Diagnostics.DeveloperExceptionPageMiddlewareImpl.Invoke(HttpContext context)
2026-01-05 15:34:54.4143||||Microsoft.Hosting.Lifetime|INFO|Application started. Press Ctrl+C to shut down. 
2026-01-05 15:34:54.4645||||Microsoft.Hosting.Lifetime|INFO|Hosting environment: Development 
2026-01-05 15:34:54.4707||||Microsoft.Hosting.Lifetime|INFO|Content root path: C:\Users\Wanwi\OneDrive\Desktop\TechVerse\TechVerse.Cms 
2026-01-05 15:38:10.8090||||Microsoft.Hosting.Lifetime|INFO|Application started. Press Ctrl+C to shut down. 
2026-01-05 15:38:10.8596||||Microsoft.Hosting.Lifetime|INFO|Hosting environment: Development 
2026-01-05 15:38:10.8596||||Microsoft.Hosting.Lifetime|INFO|Content root path: C:\Users\Wanwi\OneDrive\Desktop\TechVerse\TechVerse.Cms 
2026-01-05 15:40:52.0126||||Microsoft.Hosting.Lifetime|INFO|Application started. Press Ctrl+C to shut down. 
2026-01-05 15:40:52.0624||||Microsoft.Hosting.Lifetime|INFO|Hosting environment: Development 
2026-01-05 15:40:52.0687||||Microsoft.Hosting.Lifetime|INFO|Content root path: C:\Users\Wanwi\OneDrive\Desktop\TechVerse\TechVerse.Cms 
2026-01-05 15:46:18.6324||||Microsoft.Hosting.Lifetime|INFO|Application started. Press Ctrl+C to shut down. 
2026-01-05 15:46:18.6763||||Microsoft.Hosting.Lifetime|INFO|Hosting environment: Development 
2026-01-05 15:46:18.6763||||Microsoft.Hosting.Lifetime|INFO|Content root path: C:\Users\Wanwi\OneDrive\Desktop\TechVerse\TechVerse.Cms 
2026-01-05 16:06:16.5188|Default|00-477732667df47906cbc965232fd9bb9b-04f79042165a6715-00||OrchardCore.ContentManagement.Display.ContentItemDisplayCoordinator|ERROR|IContentFieldDisplayDriver thrown from OrchardCore.ContentFields.Drivers.YoutubeFieldDisplayDriver by UriFormatException System.UriFormatException: Invalid URI: The format of the URI could not be determined.
   at System.Uri.CreateThis(String uri, Boolean dontEscape, UriKind uriKind, UriCreationOptions& creationOptions)
   at System.Uri..ctor(String uriString)
   at OrchardCore.ContentFields.Drivers.YoutubeFieldDisplayDriver.UpdateAsync(YoutubeField field, UpdateFieldEditorContext context)
   at OrchardCore.ContentManagement.Display.ContentDisplay.ContentFieldDisplayDriver`1.OrchardCore.ContentManagement.Display.ContentDisplay.IContentFieldDisplayDriver.UpdateEditorAsync(ContentPart contentPart, ContentPartFieldDefinition partFieldDefinition, ContentTypePartDefinition typePartDefinition, UpdateEditorContext context)
   at OrchardCore.ContentManagement.Display.ContentItemDisplayCoordinator.<>c.<<UpdateEditorAsync>b__9_1>d.MoveNext()
--- End of stack trace from previous location ---
   at OrchardCore.Modules.InvokeExtensions.InvokeAsync[TEvents,T1,T2,T3,T4](IEnumerable`1 events, Func`6 dispatch, T1 arg1, T2 arg2, T3 arg3, T4 arg4, ILogger logger)    at System.Uri.CreateThis(String uri, Boolean dontEscape, UriKind uriKind, UriCreationOptions& creationOptions)
   at System.Uri..ctor(String uriString)
   at OrchardCore.ContentFields.Drivers.YoutubeFieldDisplayDriver.UpdateAsync(YoutubeField field, UpdateFieldEditorContext context)
   at OrchardCore.ContentManagement.Display.ContentDisplay.ContentFieldDisplayDriver`1.OrchardCore.ContentManagement.Display.ContentDisplay.IContentFieldDisplayDriver.UpdateEditorAsync(ContentPart contentPart, ContentPartFieldDefinition partFieldDefinition, ContentTypePartDefinition typePartDefinition, UpdateEditorContext context)
   at OrchardCore.ContentManagement.Display.ContentItemDisplayCoordinator.<>c.<<UpdateEditorAsync>b__9_1>d.MoveNext()
--- End of stack trace from previous location ---
   at OrchardCore.Modules.InvokeExtensions.InvokeAsync[TEvents,T1,T2,T3,T4](IEnumerable`1 events, Func`6 dispatch, T1 arg1, T2 arg2, T3 arg3, T4 arg4, ILogger logger)
2026-01-05 16:06:17.7767|Default|00-3157acec0d7b8d9e89217211d45fe510-66bec002d61adb5c-00||OrchardCore.ContentManagement.Display.ContentItemDisplayCoordinator|ERROR|IContentFieldDisplayDriver thrown from OrchardCore.ContentFields.Drivers.YoutubeFieldDisplayDriver by UriFormatException System.UriFormatException: Invalid URI: The format of the URI could not be determined.
   at System.Uri.CreateThis(String uri, Boolean dontEscape, UriKind uriKind, UriCreationOptions& creationOptions)
   at System.Uri..ctor(String uriString)
   at OrchardCore.ContentFields.Drivers.YoutubeFieldDisplayDriver.UpdateAsync(YoutubeField field, UpdateFieldEditorContext context)
   at OrchardCore.ContentManagement.Display.ContentDisplay.ContentFieldDisplayDriver`1.OrchardCore.ContentManagement.Display.ContentDisplay.IContentFieldDisplayDriver.UpdateEditorAsync(ContentPart contentPart, ContentPartFieldDefinition partFieldDefinition, ContentTypePartDefinition typePartDefinition, UpdateEditorContext context)
   at OrchardCore.ContentManagement.Display.ContentItemDisplayCoordinator.<>c.<<UpdateEditorAsync>b__9_1>d.MoveNext()
--- End of stack trace from previous location ---
   at OrchardCore.Modules.InvokeExtensions.InvokeAsync[TEvents,T1,T2,T3,T4](IEnumerable`1 events, Func`6 dispatch, T1 arg1, T2 arg2, T3 arg3, T4 arg4, ILogger logger)    at System.Uri.CreateThis(String uri, Boolean dontEscape, UriKind uriKind, UriCreationOptions& creationOptions)
   at System.Uri..ctor(String uriString)
   at OrchardCore.ContentFields.Drivers.YoutubeFieldDisplayDriver.UpdateAsync(YoutubeField field, UpdateFieldEditorContext context)
   at OrchardCore.ContentManagement.Display.ContentDisplay.ContentFieldDisplayDriver`1.OrchardCore.ContentManagement.Display.ContentDisplay.IContentFieldDisplayDriver.UpdateEditorAsync(ContentPart contentPart, ContentPartFieldDefinition partFieldDefinition, ContentTypePartDefinition typePartDefinition, UpdateEditorContext context)
   at OrchardCore.ContentManagement.Display.ContentItemDisplayCoordinator.<>c.<<UpdateEditorAsync>b__9_1>d.MoveNext()
--- End of stack trace from previous location ---
   at OrchardCore.Modules.InvokeExtensions.InvokeAsync[TEvents,T1,T2,T3,T4](IEnumerable`1 events, Func`6 dispatch, T1 arg1, T2 arg2, T3 arg3, T4 arg4, ILogger logger)
2026-01-05 16:06:28.3954|Default|00-227e909ca86a04ec3b0583f5e609f3bf-f85a30434ea5ef00-00||OrchardCore.ContentManagement.Display.ContentItemDisplayCoordinator|ERROR|IContentFieldDisplayDriver thrown from OrchardCore.ContentFields.Drivers.YoutubeFieldDisplayDriver by UriFormatException System.UriFormatException: Invalid URI: The format of the URI could not be determined.
   at System.Uri.CreateThis(String uri, Boolean dontEscape, UriKind uriKind, UriCreationOptions& creationOptions)
   at System.Uri..ctor(String uriString)
   at OrchardCore.ContentFields.Drivers.YoutubeFieldDisplayDriver.UpdateAsync(YoutubeField field, UpdateFieldEditorContext context)
   at OrchardCore.ContentManagement.Display.ContentDisplay.ContentFieldDisplayDriver`1.OrchardCore.ContentManagement.Display.ContentDisplay.IContentFieldDisplayDriver.UpdateEditorAsync(ContentPart contentPart, ContentPartFieldDefinition partFieldDefinition, ContentTypePartDefinition typePartDefinition, UpdateEditorContext context)
   at OrchardCore.ContentManagement.Display.ContentItemDisplayCoordinator.<>c.<<UpdateEditorAsync>b__9_1>d.MoveNext()
--- End of stack trace from previous location ---
   at OrchardCore.Modules.InvokeExtensions.InvokeAsync[TEvents,T1,T2,T3,T4](IEnumerable`1 events, Func`6 dispatch, T1 arg1, T2 arg2, T3 arg3, T4 arg4, ILogger logger)    at System.Uri.CreateThis(String uri, Boolean dontEscape, UriKind uriKind, UriCreationOptions& creationOptions)
   at System.Uri..ctor(String uriString)
   at OrchardCore.ContentFields.Drivers.YoutubeFieldDisplayDriver.UpdateAsync(YoutubeField field, UpdateFieldEditorContext context)
   at OrchardCore.ContentManagement.Display.ContentDisplay.ContentFieldDisplayDriver`1.OrchardCore.ContentManagement.Display.ContentDisplay.IContentFieldDisplayDriver.UpdateEditorAsync(ContentPart contentPart, ContentPartFieldDefinition partFieldDefinition, ContentTypePartDefinition typePartDefinition, UpdateEditorContext context)
   at OrchardCore.ContentManagement.Display.ContentItemDisplayCoordinator.<>c.<<UpdateEditorAsync>b__9_1>d.MoveNext()
--- End of stack trace from previous location ---
   at OrchardCore.Modules.InvokeExtensions.InvokeAsync[TEvents,T1,T2,T3,T4](IEnumerable`1 events, Func`6 dispatch, T1 arg1, T2 arg2, T3 arg3, T4 arg4, ILogger logger)
2026-01-05 16:06:28.3954|Default|00-6f3fc3acac705be073aa200098b0baed-7dc17f0800836eec-00||OrchardCore.ContentManagement.Display.ContentItemDisplayCoordinator|ERROR|IContentFieldDisplayDriver thrown from OrchardCore.ContentFields.Drivers.YoutubeFieldDisplayDriver by UriFormatException System.UriFormatException: Invalid URI: The format of the URI could not be determined.
   at System.Uri.CreateThis(String uri, Boolean dontEscape, UriKind uriKind, UriCreationOptions& creationOptions)
   at System.Uri..ctor(String uriString)
   at OrchardCore.ContentFields.Drivers.YoutubeFieldDisplayDriver.UpdateAsync(YoutubeField field, UpdateFieldEditorContext context)
   at OrchardCore.ContentManagement.Display.ContentDisplay.ContentFieldDisplayDriver`1.OrchardCore.ContentManagement.Display.ContentDisplay.IContentFieldDisplayDriver.UpdateEditorAsync(ContentPart contentPart, ContentPartFieldDefinition partFieldDefinition, ContentTypePartDefinition typePartDefinition, UpdateEditorContext context)
   at OrchardCore.ContentManagement.Display.ContentItemDisplayCoordinator.<>c.<<UpdateEditorAsync>b__9_1>d.MoveNext()
--- End of stack trace from previous location ---
   at OrchardCore.Modules.InvokeExtensions.InvokeAsync[TEvents,T1,T2,T3,T4](IEnumerable`1 events, Func`6 dispatch, T1 arg1, T2 arg2, T3 arg3, T4 arg4, ILogger logger)    at System.Uri.CreateThis(String uri, Boolean dontEscape, UriKind uriKind, UriCreationOptions& creationOptions)
   at System.Uri..ctor(String uriString)
   at OrchardCore.ContentFields.Drivers.YoutubeFieldDisplayDriver.UpdateAsync(YoutubeField field, UpdateFieldEditorContext context)
   at OrchardCore.ContentManagement.Display.ContentDisplay.ContentFieldDisplayDriver`1.OrchardCore.ContentManagement.Display.ContentDisplay.IContentFieldDisplayDriver.UpdateEditorAsync(ContentPart contentPart, ContentPartFieldDefinition partFieldDefinition, ContentTypePartDefinition typePartDefinition, UpdateEditorContext context)
   at OrchardCore.ContentManagement.Display.ContentItemDisplayCoordinator.<>c.<<UpdateEditorAsync>b__9_1>d.MoveNext()
--- End of stack trace from previous location ---
   at OrchardCore.Modules.InvokeExtensions.InvokeAsync[TEvents,T1,T2,T3,T4](IEnumerable`1 events, Func`6 dispatch, T1 arg1, T2 arg2, T3 arg3, T4 arg4, ILogger logger)
2026-01-05 16:06:31.8725|Default|00-6c7c86c24484569e0a1881ed2c0f88df-40fad78fb870f2d5-00||OrchardCore.ContentManagement.Display.ContentItemDisplayCoordinator|ERROR|IContentFieldDisplayDriver thrown from OrchardCore.ContentFields.Drivers.YoutubeFieldDisplayDriver by UriFormatException System.UriFormatException: Invalid URI: The format of the URI could not be determined.
   at System.Uri.CreateThis(String uri, Boolean dontEscape, UriKind uriKind, UriCreationOptions& creationOptions)
   at System.Uri..ctor(String uriString)
   at OrchardCore.ContentFields.Drivers.YoutubeFieldDisplayDriver.UpdateAsync(YoutubeField field, UpdateFieldEditorContext context)
   at OrchardCore.ContentManagement.Display.ContentDisplay.ContentFieldDisplayDriver`1.OrchardCore.ContentManagement.Display.ContentDisplay.IContentFieldDisplayDriver.UpdateEditorAsync(ContentPart contentPart, ContentPartFieldDefinition partFieldDefinition, ContentTypePartDefinition typePartDefinition, UpdateEditorContext context)
   at OrchardCore.ContentManagement.Display.ContentItemDisplayCoordinator.<>c.<<UpdateEditorAsync>b__9_1>d.MoveNext()
--- End of stack trace from previous location ---
   at OrchardCore.Modules.InvokeExtensions.InvokeAsync[TEvents,T1,T2,T3,T4](IEnumerable`1 events, Func`6 dispatch, T1 arg1, T2 arg2, T3 arg3, T4 arg4, ILogger logger)    at System.Uri.CreateThis(String uri, Boolean dontEscape, UriKind uriKind, UriCreationOptions& creationOptions)
   at System.Uri..ctor(String uriString)
   at OrchardCore.ContentFields.Drivers.YoutubeFieldDisplayDriver.UpdateAsync(YoutubeField field, UpdateFieldEditorContext context)
   at OrchardCore.ContentManagement.Display.ContentDisplay.ContentFieldDisplayDriver`1.OrchardCore.ContentManagement.Display.ContentDisplay.IContentFieldDisplayDriver.UpdateEditorAsync(ContentPart contentPart, ContentPartFieldDefinition partFieldDefinition, ContentTypePartDefinition typePartDefinition, UpdateEditorContext context)
   at OrchardCore.ContentManagement.Display.ContentItemDisplayCoordinator.<>c.<<UpdateEditorAsync>b__9_1>d.MoveNext()
--- End of stack trace from previous location ---
   at OrchardCore.Modules.InvokeExtensions.InvokeAsync[TEvents,T1,T2,T3,T4](IEnumerable`1 events, Func`6 dispatch, T1 arg1, T2 arg2, T3 arg3, T4 arg4, ILogger logger)
2026-01-05 16:44:07.8147||||Microsoft.Hosting.Lifetime|INFO|Application started. Press Ctrl+C to shut down. 
2026-01-05 16:44:07.9231||||Microsoft.Hosting.Lifetime|INFO|Hosting environment: Development 
2026-01-05 16:44:07.9231||||Microsoft.Hosting.Lifetime|INFO|Content root path: C:\Users\Wanwi\OneDrive\Desktop\TechVerse\TechVerse.Cms 
2026-01-05 17:18:27.7386||||Microsoft.Hosting.Lifetime|INFO|Application started. Press Ctrl+C to shut down. 
2026-01-05 17:18:27.7761||||Microsoft.Hosting.Lifetime|INFO|Hosting environment: Development 
2026-01-05 17:18:27.7825||||Microsoft.Hosting.Lifetime|INFO|Content root path: C:\Users\Wanwi\OneDrive\Desktop\TechVerse\TechVerse.Cms 
